name,chipset,memory,core_clock,boost_clock,color,length,price
MSI GeForce RTX 3060 Ventus 2X 12G,GeForce RTX 3060 12GB,12.0,1320.0,1777.0,Black,235.0,17398.260000000002
Sapphire PULSE,Radeon RX 9060 XT,16.0,2220.0,3290.0,Black,240.0,22039.420000000002
MSI SHADOW 3X OC,GeForce RTX 5070 Ti,16.0,2300.0,2497.0,Black,303.0,48139.42
Gigabyte WINDFORCE OC SFF,GeForce RTX 5070,12.0,2160.0,2542.0,Black,282.0,31899.420000000002
Sapphire PULSE,Radeon RX 9070 XT,16.0,2400.0,2970.0,Black,320.0,43499.42
ASRock Challenger OC,Radeon RX 9060 XT,16.0,2220.0,3290.0,Black / Silver,249.0,21459.420000000002
Gigabyte GAMING OC,Radeon RX 9070 XT,16.0,2520.0,3060.0,Black,288.0,42339.42
Gigabyte GAMING OC,Radeon RX 7600 XT,16.0,1720.0,2810.0,Black / Gray,281.0,20878.260000000002
Asus ROG Astral OC,GeForce RTX 5090,32.0,2010.0,2610.0,Black / Silver,358.0,194879.41999999998
ASRock Challenger D,Radeon RX 6600,8.0,1626.0,,Black,269.0,12759.42
Asus PRIME OC,Radeon RX 9070 XT,16.0,2460.0,3030.0,Black,312.0,41759.42
Asus PRIME,GeForce RTX 5060 Ti,16.0,2410.0,2602.0,Black,304.0,27839.420000000002
MSI VENTUS 2X BLACK OC,GeForce RTX 4060,8.0,1830.0,2505.0,Black,199.0,26099.420000000002
Asus PRIME OC,GeForce RTX 5070,12.0,2160.0,,Black / White,306.0,34219.42
MSI VENTUS 2X PLUS OC,GeForce RTX 5060 Ti,16.0,2410.0,2617.0,Black / Gray,227.0,28999.420000000002
MSI VENTUS 3X OC,GeForce RTX 5070 Ti,16.0,2300.0,2497.0,Silver / Black,303.0,45819.42
ASRock Steel Legend,Radeon RX 9070 XT,16.0,2400.0,2970.0,White / Gray,298.0,40599.42
Gigabyte GAMING OC,Radeon RX 9060 XT,16.0,2220.0,,Black,281.0,22619.420000000002
Intel Limited Edition,Arc B580,12.0,2670.0,,Black,272.0,16819.420000000002
MSI SHADOW 2X OC,GeForce RTX 5060,8.0,2280.0,2535.0,Black / Silver,197.0,17399.420000000002
PNY OC,GeForce RTX 5070,12.0,2325.0,2587.0,Black,300.0,31899.420000000002
XFX Swift OC,Radeon RX 9060 XT,16.0,2220.0,3320.0,Black,290.0,22618.84
MSI VENTUS 2X OC,GeForce RTX 3050 6GB,6.0,1040.0,1492.0,Black,189.0,10439.42
Gigabyte WINDFORCE OC,GeForce RTX 5060,8.0,2280.0,,Black,199.0,17399.420000000002
Asus TUF GAMING OC,GeForce RTX 5080,16.0,2300.0,,Black / Silver,348.0,90769.42
XFX Swift OC,Radeon RX 9060 XT,16.0,2220.0,3320.0,White,290.0,30998.100000000002
ASRock Challenger,Radeon RX 9070,16.0,2070.0,2520.0,Black / Silver,290.0,34799.42
Sapphire NITRO+,Radeon RX 9070 XT,16.0,2520.0,3060.0,Black,331.0,46399.42
Gigabyte AORUS MASTER,GeForce RTX 5090,32.0,2010.0,2655.0,White,360.0,170480.56
PowerColor Reaper,Radeon RX 9060 XT,16.0,2220.0,3230.0,Black,200.0,29080.62
Gigabyte WINDFORCE SFF,GeForce RTX 5070 Ti,16.0,2452.0,,Black,304.0,56260.0
XFX Speedster SWFT 210,Radeon RX 6600,8.0,1626.0,2491.0,Black,241.0,20010.0
PowerColor RX7800XT 16G-P,Radeon RX 7800 XT,16.0,1295.0,2430.0,Black,260.0,34799.42
Asus TUF GAMING OC,GeForce RTX 5070 Ti,16.0,2300.0,2610.0,Black / Silver,329.0,57942.0
XFX Swift,Radeon RX 9070 XT,16.0,1660.0,2970.0,Black,325.0,45239.42
ASRock Phantom Gaming OC,Radeon RX 7900 XTX,24.0,2300.0,2615.0,Black,330.0,52199.42
XFX GTS XXX,Radeon RX 580,8.0,1366.0,1386.0,Black / Red,270.0,9279.42
PNY VCNRTX6000ADA-PB,RTX 6000 Ada Generation,48.0,915.0,2505.0,Black / Gold,267.0,404492.0
Gigabyte WINDFORCE OC,GeForce RTX 4070 SUPER,12.0,1980.0,2505.0,Black,261.0,49063.939999999995
Zotac GAMING Twin Edge,GeForce RTX 3060 12GB,12.0,1320.0,1777.0,Black,224.0,14904.84
Asus ROG Astral OC,GeForce RTX 5080,16.0,2300.0,,Black / Silver,358.0,104399.42
NVIDIA Founders Edition,GeForce RTX 5070,12.0,2160.0,2510.0,Black / Gray,242.0,31899.420000000002
Asus DUAL OC,GeForce RTX 5060 Ti,16.0,2410.0,2632.0,Black / Silver,229.0,27839.420000000002
Sapphire PURE,Radeon RX 9070 XT,16.0,2460.0,3010.0,White,320.0,57493.659999999996
Asus PRIME,GeForce RTX 5070 Ti,16.0,2300.0,2482.0,Black / White,306.0,48139.42
Asus PRIME OC,GeForce RTX 5080,16.0,2300.0,,Black / White,306.0,81199.42
NVIDIA Founders Edition,GeForce RTX 3060 Ti,8.0,1410.0,1670.0,Black / Silver,242.0,28367.219999999998
Asus TUF GAMING OC,GeForce RTX 4070 Ti SUPER,16.0,2340.0,2670.0,Black,305.0,64843.42
Gigabyte WINDFORCE,GeForce RTX 5060 Ti,16.0,2410.0,2572.0,Black,208.0,29058.579999999998
Gigabyte AERO OC,GeForce RTX 5070 Ti,16.0,2588.0,,White / Silver,340.0,56839.42
Gigabyte GAMING OC,GeForce RTX 5080,16.0,2300.0,,Black,340.0,88450.0
XFX Swift OC,Radeon RX 9060 XT,16.0,2220.0,3320.0,Black,270.0,20879.420000000002
Gigabyte WINDFORCE SFF,GeForce RTX 5070,12.0,2160.0,2512.0,Black,282.0,35089.42
XFX Speedster MERC 310 Black Edition,Radeon RX 7900 XTX,24.0,2300.0,2615.0,Black / Silver,344.0,60899.42
Gigabyte WINDFORCE OC SFF,GeForce RTX 5070 Ti,16.0,2497.0,,Black,304.0,50459.42
Asus ROG Astral LC OC,GeForce RTX 5090,32.0,2010.0,2610.0,Black / Silver,288.0,246287.13999999998
Gigabyte WINDFORCE OC,GeForce RTX 5060 Ti,16.0,2410.0,2587.0,Black,208.0,26099.420000000002
Asus Dual GeForce RTX 3060 V2 OC Edition,GeForce RTX 3060 12GB,12.0,1320.0,1867.0,Black,200.0,19138.260000000002
MSI GAMING TRIO OC,GeForce RTX 5070,12.0,2160.0,,Black,338.0,31899.420000000002
MSI GAMING TRIO OC,GeForce RTX 5060 Ti,16.0,2410.0,2662.0,White,300.0,32479.420000000002
Asus DUAL OC V2,GeForce RTX 4060,8.0,1830.0,2535.0,Black,202.0,21459.420000000002
Asus DUAL EVO OC,GeForce RTX 4060,8.0,1830.0,2535.0,Black,227.0,25519.420000000002
Sapphire PULSE,Radeon RX 9070,16.0,2070.0,2520.0,Black,280.0,37293.42
PNY Dual Fan OC,GeForce RTX 5060 Ti,16.0,2407.0,2691.0,Black,245.0,24843.14
ASRock Steel Legend OC,Radeon RX 9060 XT,16.0,2220.0,3320.0,White / Gray,298.0,30102.0
Gigabyte GAMING OC,Radeon RX 9060 XT,8.0,2220.0,,Black,281.0,14499.42
Asus DUAL EVO OC,Radeon RX 7600,8.0,1720.0,2715.0,Black,229.0,15949.42
Gigabyte WINDFORCE OC,GeForce RTX 4070,12.0,1920.0,2490.0,Black,261.0,47560.0
Gigabyte GAMING OC,GeForce RTX 5070 Ti,16.0,2588.0,,Black,340.0,56259.42
XFX Swift,Radeon RX 9070 XT,16.0,1660.0,2970.0,White,325.0,46399.42
MSI GAMING TRIO OC,GeForce RTX 5090,32.0,2010.0,,Black / Silver,359.0,176899.41999999998
PowerColor Hellhound OC,Radeon RX 9070 XT,16.0,2400.0,3010.0,Black,327.0,49879.42
NVIDIA Founders Edition,GeForce RTX 4090,24.0,2230.0,2520.0,Black / Silver,304.0,173767.41999999998
PNY VERTO OC,GeForce RTX 4070 SUPER,12.0,1980.0,2490.0,Black,247.0,44079.42
ASRock Challenger OC,Radeon RX 7700 XT,12.0,1700.0,2584.0,Black,266.0,23198.260000000002
Asus PRIME,GeForce RTX 5070,12.0,2160.0,,Black / White,306.0,35379.42
Gigabyte GAMING OC,GeForce RTX 5090,32.0,2010.0,2550.0,Black,342.0,162942.88
MSI GAMING TRIO OC WHITE,GeForce RTX 5070,12.0,2160.0,,White,338.0,55339.54
Asus PRIME,GeForce RTX 5060,8.0,2280.0,2527.0,Black,268.0,17399.420000000002
MSI VENTUS 3X OC PLUS,GeForce RTX 5080,16.0,2300.0,,Silver / Black,303.0,92799.42
Asus TUF GAMING OC,GeForce RTX 5070,12.0,2160.0,,Black / Silver,329.0,35089.42
Gigabyte AERO OC SFF,GeForce RTX 5080,16.0,2300.0,,White / Silver,304.0,91639.42
XFX Speedster MERC 310,Radeon RX 7900 XT,20.0,2000.0,2535.0,Black / Silver,344.0,57818.46
ASRock Challenger,Radeon RX 6600,8.0,1626.0,2491.0,White,269.0,18468.36
Gigabyte GAMING OC,GeForce RTX 5060 Ti,16.0,2410.0,2647.0,Black,281.0,27259.420000000002
Gigabyte WINDFORCE OC,GeForce RTX 4060,8.0,1830.0,,Black,192.0,24939.420000000002
Gigabyte AORUS MASTER,GeForce RTX 5090,32.0,2010.0,2655.0,Black,360.0,173999.41999999998
Gigabyte GAMING OC,Radeon RX 9070,16.0,2070.0,2700.0,Black,288.0,38859.42
Asus TUF GAMING,GeForce RTX 5090,32.0,2010.0,,Black / Silver,348.0,160079.41999999998
Sapphire PULSE,Radeon RX 9060 XT,8.0,2220.0,3290.0,Black,240.0,17399.420000000002
Asus PRIME OC,GeForce RTX 5070 Ti,16.0,2300.0,2527.0,Black / White,306.0,54519.42
MSI GAMING TRIO OC,GeForce RTX 5080,16.0,2300.0,,Black / Silver,338.0,84099.42
Gigabyte GAMING OC,Radeon RX 7600,8.0,1720.0,2755.0,Black / Silver,282.0,21457.1
Asus TUF GAMING OC,GeForce RTX 3070,8.0,1500.0,1845.0,Black,300.0,40484.0
MSI SHADOW 2X OC,GeForce RTX 5070,12.0,2557.0,,Black,231.0,34799.42
Asus DUAL OC,GeForce RTX 3050 6GB,6.0,1040.0,1537.0,Black,201.0,11598.26
XFX Speedster QICK 319 Core,Radeon RX 7800 XT,16.0,1295.0,2430.0,Black,335.0,39962.0
Asus PRIME OC,Radeon RX 9060 XT,16.0,2220.0,,Black,304.0,25519.420000000002
Gigabyte GAMING OC Rev 2.0,GeForce RTX 3060 12GB,12.0,1320.0,1837.0,Black / Gray,282.0,20589.420000000002
MSI VENTUS 2X XS OC,GeForce RTX 3050 8GB,8.0,1550.0,1807.0,Black / Gray,205.0,12759.42
Zotac SOLID SFF OC,GeForce RTX 5070 Ti,16.0,2300.0,2482.0,Black / Gold,304.0,48719.42
MSI GAMING TRIO OC,GeForce RTX 5070 Ti,16.0,2300.0,2580.0,White,338.0,76033.94
XFX Speedster SWFT 210 Core,Radeon RX 7700 XT,12.0,1425.0,2544.0,Black,280.0,23779.420000000002
PowerColor Reaper,Radeon RX 9070 XT,16.0,2400.0,2970.0,Black / Red,289.0,46399.42
XFX Quicksilver,Radeon RX 9070 XT,16.0,2400.0,2970.0,Black,350.0,46399.42
Gigabyte EAGLE OC SFF,GeForce RTX 5070,12.0,2160.0,2587.0,White,290.0,38859.42
PNY OC,GeForce RTX 5070 Ti,16.0,2295.0,2572.0,Black,300.0,43499.42
MSI GAMING TRIO OC PLUS,GeForce RTX 5070 Ti,16.0,2300.0,2580.0,Black,338.0,49299.42
NVIDIA Founders Edition,GeForce RTX 4060 Ti,8.0,2310.0,2540.0,Black / Silver,244.0,23142.0
Gigabyte AORUS ELITE,Radeon RX 9070 XT,16.0,2570.0,3100.0,Black,339.0,61453.32
MSI SHADOW 3X OC,GeForce RTX 5080,16.0,2300.0,2655.0,Black,303.0,77662.0
MSI GT 710 2GD3 LP,GeForce GT 710,2.0,954.0,,Black,146.0,3477.1000000000004
Zotac Twin Edge OC,GeForce RTX 5060 Ti,16.0,2410.0,2602.0,Black,220.0,27839.420000000002
Asus TUF GAMING OC,Radeon RX 9070 XT,16.0,2520.0,3080.0,Black / Silver,330.0,54821.600000000006
ONIX ODYSSEY,Arc B580,12.0,2670.0,,Black / Silver,260.0,15079.42
Asus DUAL EVO OC,GeForce RTX 4060 Ti,8.0,2310.0,2595.0,Black,227.0,25519.420000000002
Lenovo 4X61D97085,RTX A5000,24.0,1170.0,1695.0,Black,267.0,435947.72000000003
MSI VENTUS XS OC,GeForce GTX 1660 SUPER,6.0,1530.0,1815.0,Black / Silver,204.0,19662.0
ASRock Taichi OC,Radeon RX 9070 XT,16.0,2570.0,3100.0,Black,330.0,46399.42
Gigabyte AORUS XTREME WATERFORCE,GeForce RTX 5090,32.0,2010.0,2655.0,Black,246.0,218211.08000000002
MSI VENTUS 3X OC,GeForce RTX 5090,32.0,2010.0,,Silver / Black,325.0,156599.41999999998
XFX RX-79TMBABF9,Radeon RX 7900 XT,20.0,2000.0,2400.0,Black,276.0,40615.08
Gigabyte AERO OC,GeForce RTX 5070,12.0,2160.0,2625.0,Black,324.0,40309.42
Gigabyte EAGLE OC ICE,GeForce RTX 5060,8.0,2280.0,,White,208.0,19139.420000000002
EVGA FTW3 ULTRA GAMING,GeForce RTX 3080 10GB,10.0,1440.0,1800.0,Black,300.0,52199.42
XFX Speedster QICK 319 BLACK,Radeon RX 7700 XT,12.0,1700.0,2599.0,Black,335.0,33002.0
Gigabyte GAMING OC,GeForce RTX 4060,8.0,1830.0,,Black,281.0,25519.420000000002
PNY VCG508016TFXPB1,GeForce RTX 5080,16.0,2300.0,2620.0,Black,329.0,78299.42
PowerColor Red Devil OC,Radeon RX 9070 XT,16.0,2460.0,3060.0,Black / Red,340.0,47559.42
Gigabyte GAMING,Radeon RX 9060 XT,16.0,2220.0,,Black,281.0,20299.420000000002
MSI SHADOW 3X OC,GeForce RTX 5070,12.0,2160.0,2557.0,Black,303.0,34767.520000000004
Gigabyte AORUS MASTER ICE,GeForce RTX 5080,16.0,2300.0,,White / Silver,360.0,94539.42
Palit Infinity 3,GeForce RTX 5070,12.0,2325.0,2512.0,Black,292.0,53534.0
ASRock Phantom Gaming D OC,Radeon RX 6500 XT,4.0,2365.0,2820.0,Black,240.0,9279.42
MSI SUPRIM LIQUID SOC,GeForce RTX 5090,32.0,2010.0,,Black / Silver,280.0,187282.0
PowerColor Reaper,Radeon RX 9070,16.0,2070.0,2520.0,Black,289.0,38859.42
Asus TUF GAMING OC,GeForce RTX 4080 SUPER,16.0,2210.0,2640.0,Black,348.0,104341.42
Asus ROG STRIX GAMING OC,GeForce RTX 4090,24.0,2235.0,2640.0,Black,358.0,184730.0
NVIDIA Founders Edition,GeForce RTX 3080 Ti,12.0,1370.0,1670.0,Silver / Black,285.0,55099.42
MSI VENTUS 2X OC,GeForce RTX 5060,8.0,2280.0,2535.0,Silver / Black,197.0,18559.420000000002
Gigabyte WINDFORCE OC SFF,GeForce RTX 5080,16.0,2300.0,,Black,304.0,81199.42
PNY OC,GeForce RTX 5080,16.0,2300.0,2730.0,Black,329.0,78299.42
Gigabyte WINDFORCE OC,GeForce RTX 5090,32.0,2010.0,2467.0,Black,342.0,153119.41999999998
Sapphire PULSE,Radeon RX 6700 XT,12.0,2321.0,2581.0,Black,260.0,24882.0
NVIDIA Founders Edition,GeForce RTX 4070,12.0,1920.0,2480.0,Black / Silver,244.0,52142.0
Sapphire PULSE,Radeon RX 7600,8.0,1720.0,2755.0,Black / Red,240.0,19565.14
MSI VENTUS 2X OC,GeForce RTX 5070,12.0,2160.0,2557.0,White,236.0,36539.42
Sparkle TITAN OC,Arc B580,12.0,2670.0,2740.0,Blue / White,317.0,18559.420000000002
Zotac GAMING SOLID OC,GeForce RTX 5070,12.0,2160.0,2542.0,Black / Copper,304.0,35379.42
Gigabyte AERO OC,GeForce RTX 5060 Ti,16.0,2410.0,2647.0,White / Silver,281.0,37642.0
Asus DUAL OC,GeForce RTX 5060,8.0,2280.0,2565.0,Black,228.0,17399.420000000002
Gigabyte EAGLE OC,GeForce RTX 5060 Ti,16.0,2410.0,2617.0,White / Silver,215.0,34742.0
Asus DUAL EVO OC,GeForce RTX 4060 Ti,16.0,2310.0,2625.0,Black,227.0,45000.46
Sparkle GUARDIAN OC,Arc B570,10.0,2500.0,2660.0,Blue / White,242.0,15079.42
Zotac GAMING SOLID OC,GeForce RTX 5090,32.0,2010.0,2422.0,Black / Copper,330.0,150798.84
Asus DUAL OC,Radeon RX 7800 XT,16.0,1295.0,2520.0,Black,280.0,40542.0
Asus PRIME,GeForce RTX 5080,16.0,2300.0,,Black / White,306.0,73369.42
NVIDIA Founders Edition,GeForce RTX 4080,16.0,2210.0,2510.0,Black / Silver,304.0,107299.42
Sapphire PULSE,Radeon RX 7800 XT,16.0,1295.0,,Black / Red,280.0,44202.96
Sapphire NITRO+,Radeon RX 9070,16.0,2210.0,2700.0,Black,331.0,37699.42
Zotac GAMING SOLID,GeForce RTX 5090,32.0,2010.0,2407.0,Black / Copper,330.0,202723.34
XFX Swift OC,Radeon RX 9060 XT,8.0,2220.0,3320.0,White,270.0,18559.420000000002
EVGA KO ULTRA GAMING,GeForce RTX 2060,6.0,1365.0,1755.0,Black,202.0,18560.0
Gigabyte AORUS MASTER,GeForce RTX 5080,16.0,2300.0,,Black,360.0,94539.42
XFX Mercury OC RGB,Radeon RX 9070 XT,16.0,1870.0,3100.0,Black,360.0,50458.840000000004
XFX Swift OC,Radeon RX 9060 XT,8.0,2220.0,3320.0,Black,270.0,17399.420000000002
XFX Speedster SWFT 210 Core,Radeon RX 6650 XT,8.0,2055.0,2635.0,Black / Silver,241.0,19222.36
PNY ARGB EPIC-X RGB OC,GeForce RTX 5070 Ti,16.0,2295.0,2640.0,Black,300.0,72870.62000000001
Zotac GAMING SOLO,GeForce RTX 5060,8.0,2280.0,2497.0,Black,164.0,17399.420000000002
Asus PRIME,Radeon RX 9070 XT,16.0,2460.0,2990.0,Black,312.0,35552.840000000004
Intel Limited Edition,Arc A750,8.0,2050.0,,Black,250.0,14442.0
MSI GAMING TRIO OC,GeForce RTX 5060 Ti,16.0,2410.0,2662.0,Black,300.0,31899.420000000002
XFX Speedster SWFT 210 Core,Radeon RX 7600,8.0,1875.0,2655.0,Black,241.0,16819.420000000002
Zotac GAMING AMP Extreme INFINITY,GeForce RTX 5080,16.0,2300.0,2670.0,Black / Copper,332.0,84688.12000000001
Gigabyte GAMING OC,GeForce RTX 3070,8.0,1500.0,1815.0,Black / Silver,286.0,33182.96
Gigabyte OC Low Profile,GeForce RTX 5060,8.0,2280.0,,Black,182.0,19719.420000000002
MSI VENTUS 3X OC,GeForce RTX 5080,16.0,2300.0,2655.0,White,303.0,81779.42
PowerColor Hellhound Spectral,Radeon RX 9070 XT,16.0,2400.0,3010.0,White,327.0,48719.42
Asus PRIME OC,GeForce RTX 5060 Ti,16.0,2410.0,2647.0,Black,304.0,30739.420000000002
MSI VENTUS 2X OC,GeForce RTX 5070,12.0,2160.0,2557.0,Silver / Black,236.0,36539.42
PNY EPIC-X RGB OC,GeForce RTX 5090,32.0,2010.0,2625.0,Black,329.0,162399.41999999998
Gigabyte EAGLE,Radeon RX 6600,8.0,1626.0,2491.0,Black / Silver,282.0,31030.0
MSI VENTUS 2X BLACK OC,GeForce RTX 4060 Ti,16.0,2310.0,2625.0,Black,199.0,27839.420000000002
Asus TUF GAMING OC,GeForce GTX 1660 SUPER,6.0,1530.0,1845.0,Black,206.0,15503.400000000001
Gigabyte WINDFORCE V2,GeForce RTX 4080 SUPER,16.0,2210.0,2550.0,Black,330.0,89841.42
MSI VENTUS 2X OC,GeForce RTX 4070 SUPER,12.0,1980.0,2520.0,Black,242.0,54156.92
MSI SUPRIM SOC,GeForce RTX 5090,32.0,2010.0,,Black / Silver,359.0,185599.41999999998
ASRock Challenger OC,Radeon RX 7600,8.0,1720.0,2695.0,Black,269.0,16238.260000000002
Zotac GAMING AMP Extreme INFINITY,GeForce RTX 5070 Ti,16.0,2300.0,2512.0,Black,332.0,52199.42
Asus TUF GAMING OC,GeForce RTX 4070 Ti,12.0,2310.0,2760.0,Black,305.0,63799.42
Gigabyte WINDFORCE OC Rev 2.0,GeForce RTX 3060 12GB,12.0,1320.0,1792.0,Black,198.0,18848.260000000002
Gigabyte WINDFORCE,GeForce RTX 5060 Ti,8.0,2410.0,2572.0,Black,208.0,22039.420000000002
XFX Speedster SWFT 210 Core,Radeon RX 7800 XT,16.0,1295.0,2430.0,Black,283.0,37642.0
EVGA FTW3 ULTRA GAMING,GeForce RTX 3070 Ti,8.0,1575.0,1860.0,Black,300.0,44370.0
PowerColor Hellhound,Radeon RX 7900 XTX,24.0,2300.0,2525.0,Black,320.0,68096.64
EVGA FTW3 ULTRA GAMING,GeForce RTX 3090,24.0,1395.0,1800.0,Black,300.0,88101.42
XFX Quicksilver,Radeon RX 9070 XT,16.0,1660.0,2970.0,White,360.0,46399.42
ASRock Challenger OC,Arc B580,12.0,2670.0,2740.0,Black,249.0,15658.84
Asus TUF GAMING OC,GeForce RTX 5060 Ti,16.0,2410.0,2692.0,Black / Silver,302.0,34799.42
MSI VANGUARD SOC,GeForce RTX 5070 Ti,16.0,2300.0,2602.0,Black / Silver,357.0,49879.42
Sapphire PULSE,Radeon RX 7600 XT,16.0,1720.0,2810.0,Black / Red,250.0,27144.0
XFX Mercury OC RGB,Radeon RX 9070 XT,16.0,1870.0,3100.0,White,360.0,48719.42
Asus DUAL OC,GeForce RTX 4060,8.0,1830.0,2535.0,White,227.0,23199.420000000002
MSI VANGUARD SOC,GeForce RTX 5070,12.0,2160.0,,Black,337.0,37699.42
Gigabyte GAMING OC,GeForce RTX 5070,12.0,2160.0,2625.0,Black,327.0,35959.42
Zotac Twin Edge,GeForce RTX 5060 Ti,16.0,2410.0,2572.0,Black,220.0,37242.38
Asus DUAL EVO OC,GeForce RTX 4070,12.0,1920.0,2550.0,Black,227.0,55098.26
Asus ROG STRIX GAMING OC,GeForce RTX 4090,24.0,2235.0,2640.0,White,358.0,205319.41999999998
MSI INSPIRE 3X OC PLUS,GeForce RTX 5070 Ti,16.0,2300.0,2497.0,Gold / Black,288.0,58580.0
ASRock Intel Arc A380 Challenger ITX,Arc A380,6.0,2250.0,,Black,190.0,8119.42
XFX Swift OC,Radeon RX 9060 XT,16.0,2220.0,3320.0,Black,290.0,23199.420000000002
ONIX LUMI OC,Arc B580,12.0,2670.0,2740.0,White / Silver,260.0,16586.84
XFX RX-79GMERCB9,Radeon RX 7900 GRE,16.0,1270.0,2395.0,Black,335.0,38859.42
Asus TUF GAMING OC,GeForce RTX 5090,32.0,2010.0,,Black / Silver,348.0,170551.90000000002
MSI GeForce RTX 3080 VENTUS 3X 10G OC,GeForce RTX 3080 10GB,10.0,1440.0,,Black,305.0,51039.42
MSI GT 710 2GD3H LP,GeForce GT 710,2.0,954.0,954.0,Black,146.0,4153.96
Gigabyte GAMING OC,Radeon RX 5700 XT,8.0,1650.0,1905.0,Black,280.0,34510.0
Asus TUF GAMING OC,GeForce RTX 5070 Ti,16.0,2300.0,2610.0,White / Silver,329.0,58579.42
MSI GeForce RTX 2070 SUPER VENTUS GP OC,GeForce RTX 2070 SUPER,8.0,1605.0,1785.0,Silver / Black,258.0,39962.0
XFX Swift OC,Radeon RX 9070,16.0,1440.0,2700.0,White,325.0,41759.42
MSI GTX 1050 Ti 4GT OC,GeForce GTX 1050 Ti,4.0,1341.0,1455.0,Black / White,215.0,15311.42
MSI VENTUS 3X OC,GeForce RTX 5080,16.0,2300.0,2655.0,Silver / Black,303.0,75399.42
Sapphire PURE,Radeon RX 9060 XT,16.0,2220.0,3290.0,Black,240.0,31358.28
Gigabyte EAGLE OC ICE SFF,GeForce RTX 5070 Ti,16.0,2541.0,,White / Silver,304.0,66642.0
MSI GeForce RTX 3070 VENTUS 3X OC,GeForce RTX 3070,8.0,1500.0,1755.0,Black / Silver,305.0,30983.020000000004
MSI GeForce GTX 1650 SUPER,GeForce GTX 1650 SUPER,4.0,1530.0,1740.0,Black / Silver,180.0,24302.0
Sapphire PURE,Radeon RX 9070,16.0,2210.0,2700.0,White,320.0,52005.12
Asus TUF GAMING OC,Radeon RX 9060 XT,16.0,2220.0,,Black / Silver,304.0,27839.420000000002
MSI GAMING X,GeForce RTX 2060 SUPER,8.0,1470.0,1695.0,Black / Silver,248.0,33350.0
PowerColor Hellhound OC,Radeon RX 9060 XT,16.0,2220.0,3310.0,Black,310.0,23198.84
Gigabyte WINDFORCE OC,GeForce RTX 5050,8.0,2317.0,2587.0,Black,199.0,14499.42
MSI GAMING X,GeForce GTX 1660 Ti,6.0,1500.0,1875.0,Black,247.0,24650.0
Sapphire NITRO+,Radeon RX 9060 XT,16.0,2220.0,3320.0,Black,300.0,23199.420000000002
Gigabyte AORUS MASTER,GeForce RTX 5070 Ti,16.0,2670.0,,Black,360.0,60319.42
MSI VANGUARD SOC LAUNCH EDITION,GeForce RTX 5090,32.0,2010.0,,Black / Silver,357.0,177652.84
Gigabyte WINDFORCE,GeForce RTX 5090,32.0,2010.0,2407.0,Black,342.0,115999.42
Gigabyte GAMING OC,GeForce RTX 4070 Ti SUPER,16.0,2340.0,2655.0,Black,300.0,85840.0
Gigabyte AERO OC,GeForce RTX 5060,8.0,2280.0,,Silver,281.0,19429.420000000002
Gigabyte EAGLE,GeForce RTX 4060 Ti,8.0,2310.0,,Black,272.0,30662.28
Asus DUAL OC,GeForce RTX 5070,12.0,2160.0,2572.0,Black / Silver,249.0,45492.3
Zotac GAMING SOLID CORE OC,GeForce RTX 5080,16.0,2300.0,2640.0,Black / Copper,304.0,97562.95999999999
Asus ROG STRIX GAMING OC,GeForce RTX 4080 SUPER,16.0,2210.0,2670.0,White,358.0,75399.42
PNY XLR8 Gaming VERTO EPIC-X RGB,GeForce RTX 4070,12.0,1920.0,2475.0,Black,305.0,33582.0
PNY ARGB EPIC-X RGB OC,GeForce RTX 5080,16.0,2300.0,2780.0,Black,329.0,84635.92
PNY Dual Fan OC,GeForce RTX 5060 Ti,8.0,2407.0,2692.0,Black,245.0,20501.84
MSI GAMING TRIO OC,GeForce RTX 5060,8.0,2280.0,2640.0,White,300.0,21459.420000000002
Gigabyte GAMING,GeForce GTX 1080,8.0,1721.0,1860.0,Black / Orange,286.0,28942.0
ASRock Challenger OC,Radeon RX 9060 XT,8.0,2220.0,3290.0,Black / Silver,249.0,18559.420000000002
PowerColor Hellhound OC,Radeon RX 7800 XT,16.0,1295.0,2520.0,Black,322.0,39297.32
Asus PRIME OC,Radeon RX 9070,16.0,2120.0,2610.0,Black,312.0,42795.3
MSI VENTUS 2X,GeForce RTX 5060,8.0,2280.0,2512.0,White,197.0,19139.420000000002
MSI INSPIRE 3X OC,GeForce RTX 5080,16.0,2300.0,2655.0,Gold / Black,288.0,81199.42
MSI VENTUS 2X BLACK OC,GeForce RTX 4060 Ti,8.0,2310.0,,Black,199.0,34394.58
Palit Infinity 3 OC,GeForce RTX 5060 Ti,16.0,2407.0,2662.0,Black,292.0,37888.5
PNY ARGB EPIC-X RGB OC,GeForce RTX 5070,12.0,2325.0,2685.0,Black,300.0,34799.42
Gigabyte GAMING OC,GeForce RTX 4090,24.0,2235.0,,Black,340.0,169127.41999999998
ASRock Steel Legend OC,Radeon RX 9060 XT,8.0,2220.0,3320.0,White / Gray,298.0,19719.420000000002
MSI RTX 3060 Ventus 3X 12G OC,GeForce RTX 3060 12GB,12.0,1320.0,1807.0,Black,316.0,33059.42
MSI VANGUARD SOC,GeForce RTX 5090,32.0,2010.0,,Black / Silver,357.0,162399.41999999998
MSI VENTUS 3X OC,GeForce RTX 5060 Ti,16.0,2410.0,2617.0,Silver / Black,306.0,28419.420000000002
ASRock Steel Legend OC,Arc B580,12.0,2670.0,2800.0,White / Gray,298.0,16238.84
XFX Speedster MERC 319 CORE,Radeon RX 6800 XT,16.0,1825.0,2250.0,Black / Silver,340.0,41702.0
MSI VENTUS 3X OC,GeForce RTX 5070,12.0,2557.0,,Gray / Black,302.0,33639.42
Gigabyte EAGLE OC,GeForce RTX 4060,8.0,1830.0,,Black,272.0,28942.0
Asus GT1030-2G-CSM,GeForce GT 1030,2.0,1266.0,1506.0,Black / Blue,173.0,6180.4800000000005
PNY OC,GeForce RTX 5090,32.0,2010.0,2527.0,Black,329.0,156599.41999999998
Asus ProArt OC,GeForce RTX 4080 SUPER,16.0,2210.0,2640.0,Black / Gold,300.0,104342.0
NVIDIA Founders Edition,GeForce RTX 2080 Ti,11.0,1350.0,1635.0,,267.0,50982.0
Gigabyte GAMING OC,GeForce RTX 3070 Ti,8.0,1575.0,1830.0,Black / Silver,320.0,46110.0
PowerColor Fighter OC,Radeon RX 6500 XT,4.0,2310.0,,Black,191.0,6408.42
MSI GAMING OC,GeForce RTX 5060,8.0,2280.0,2640.0,Black,248.0,20879.420000000002
Zotac GAMING Twin Fan,GeForce GTX 1660 SUPER,6.0,1530.0,1785.0,Black,173.0,14790.0
PNY RTX A-Series,RTX A6000,48.0,1455.0,1860.0,Black / Gold,267.0,288492.0
MSI GAMING TRIO OC,GeForce RTX 5070 Ti,16.0,2300.0,2580.0,Black,338.0,50459.42
EVGA XC3 ULTRA GAMING,GeForce RTX 3070,8.0,1500.0,1770.0,Black / Silver,285.0,40310.0
Inno3D X3,GeForce RTX 5080,16.0,2295.0,2617.0,Black / Silver,300.0,85376.0
MSI RX 6600 XT MECH 2X 8G OC,Radeon RX 6600 XT,8.0,1968.0,2602.0,Black / Silver,235.0,37584.0
Palit GameRock,GeForce RTX 5090,32.0,2010.0,,Black,332.0,215710.7
MSI VENTUS 2X PLUS OC,GeForce RTX 5060 Ti,8.0,2410.0,2617.0,Black / Gray,227.0,22039.420000000002
Gigabyte EAGLE OC SFF,GeForce RTX 5070,12.0,2160.0,2586.0,Black,290.0,38279.42
Gigabyte GV-R9070XTGAMING-16GD,Radeon RX 9070 XT,16.0,2400.0,2970.0,Black,288.0,48717.100000000006
Gigabyte WINDFORCE OC,GeForce RTX 3050 6GB,6.0,1040.0,1477.0,Black / Gray,191.0,15711.619999999999
MSI GAMING TRIO OC,GeForce RTX 5060,8.0,2280.0,2640.0,Black,300.0,20299.420000000002
MSI LP OC,GeForce RTX 3050 6GB,6.0,1040.0,1492.0,Black,174.0,12758.84
NVIDIA Founders Edition,GeForce RTX 3090 Ti,24.0,1560.0,1860.0,Silver / Black,313.0,113099.42
Asus DUAL EVO OC,GeForce RTX 4070,12.0,1920.0,2550.0,White,227.0,50906.600000000006
Sapphire PULSE,Radeon RX 7700 XT,12.0,1700.0,2544.0,Black / Red,280.0,36735.46
Gigabyte WINDFORCE,GeForce RTX 5060,8.0,2280.0,,Black,199.0,17399.420000000002
ASRock Taichi OC,Radeon RX 7900 XTX,24.0,2300.0,2680.0,White,345.0,82131.48
Gigabyte EAGLE OC SFF,GeForce RTX 5070 Ti,16.0,2542.0,,Black,304.0,59158.840000000004
MSI GeForce RTX 3060 Ventus 2X 12G OC,GeForce RTX 3060 12GB,12.0,1320.0,1807.0,Black,235.0,20285.5
Asus TUF GAMING OC,GeForce RTX 4070 Ti SUPER,16.0,2340.0,2670.0,White,305.0,90292.66
Asus DUAL EVO OC,GeForce RTX 4070 SUPER,12.0,1980.0,2550.0,Black,227.0,50228.0
Asus PRIME OC,GeForce RTX 5060,8.0,2280.0,2595.0,Black,268.0,22039.420000000002
Zotac GAMING SOLID OC,GeForce RTX 5090,32.0,2010.0,2422.0,White / Copper,330.0,180552.84
PowerColor Reaper,Radeon RX 9060 XT,8.0,2220.0,3130.0,Black,200.0,17399.420000000002
XFX Mercury OC Magnetic Air RGB,Radeon RX 9070 XT,16.0,1870.0,3100.0,White,360.0,51039.42
Asus TUF GAMING,GeForce RTX 5080,16.0,2300.0,,Black / Silver,348.0,73369.42
MSI VENTUS 2X OC,GeForce RTX 4060,8.0,1830.0,2505.0,White / Silver,199.0,26912.0
Palit GamingPro,GeForce RTX 5080,16.0,2295.0,2617.0,Black,332.0,90410.4
ASRock Steel Legend Dark,Radeon RX 9070 XT,16.0,2400.0,2970.0,Black / Gray,298.0,93700.16
MSI VENTUS 3X OC,GeForce RTX 4070 SUPER,12.0,1980.0,2520.0,Black / Silver,308.0,54809.42
MSI GeForce RTX 2060 VENTUS GP OC,GeForce RTX 2060,6.0,1365.0,1710.0,Gray / Black,231.0,20299.420000000002
EVGA FTW3 ULTRA GAMING LE iCX3,GeForce RTX 3080 Ti,12.0,1365.0,1800.0,Black,300.0,75284.0
XFX Speedster SWFT 210,Radeon RX 7600 XT,16.0,1720.0,2755.0,Black,272.0,26622.0
Zotac GAMING SOLID OC,GeForce RTX 5080,16.0,2300.0,2625.0,Black / Copper,330.0,85260.0
Gigabyte GAMING OC,GeForce RTX 3080 10GB,10.0,1440.0,1800.0,Black / Gray,320.0,197872.8
MSI GAMING TRIO OC,GeForce RTX 5080,16.0,2300.0,,White / Silver,338.0,108321.95999999999
Asus PRIME OC,Radeon RX 9060 XT,8.0,2220.0,,Black,304.0,21924.0
Asus DUAL,Radeon RX 9060 XT,8.0,2220.0,,Black,202.0,19719.420000000002
Asus TUF GAMING OC,GeForce RTX 5060,8.0,2280.0,2677.0,Black,302.0,23779.420000000002
ASRock Phantom Gaming OC,Radeon RX 7900 XT,20.0,2000.0,2450.0,White,330.0,47086.72
MSI RX 580 8G,Radeon RX 580,8.0,1257.0,1340.0,Black / Red,243.0,15080.0
Gigabyte EAGLE OC,GeForce RTX 5060 Ti,16.0,2410.0,2617.0,Black,215.0,26679.420000000002
NVIDIA Founders Edition,GeForce RTX 2060 SUPER,8.0,1470.0,1650.0,Silver,229.0,33350.0
Sparkle TITAN Luna OC,Arc B580,12.0,2670.0,2740.0,White,315.0,22820.1
MSI VENTUS 3X OC,GeForce RTX 4080 SUPER,16.0,2210.0,2595.0,Black,322.0,104399.42
Asus ROG STRIX-GTX1070-O8G-GAMING,GeForce GTX 1070,8.0,1632.0,1860.0,Black,298.0,28942.0
Asus PRIME OC,GeForce RTX 5070,12.0,2160.0,2587.0,White / Silver,304.0,41179.42
MSI D4 LP OC,GeForce GT 1030 DDR4,4.0,1151.0,1430.0,Black,150.0,5798.26
Acer Nitro OC,Arc B580,12.0,2740.0,,Black / Silver,268.0,18559.420000000002
XFX Speedster QICK 319 Core,Radeon RX 7800 XT,16.0,1295.0,2430.0,White,335.0,59624.0
Zotac GAMING SOLID CORE,GeForce RTX 5080,16.0,2300.0,2617.0,Black / Copper,304.0,104979.42
XFX Speedster QICK 210,Radeon RX 6500 XT,4.0,2310.0,2825.0,Black / Silver,232.0,9859.42
Gigabyte WINDFORCE OC,GeForce RTX 3060 12GB,12.0,1320.0,1792.0,Black,198.0,24937.1
Asus ROG STRIX OC,GeForce RTX 4060,8.0,1830.0,2700.0,Black,311.0,25943.98
EVGA XC GAMING,GeForce RTX 3060 Ti,8.0,1410.0,1710.0,Black,202.0,34510.0
EVGA SC ULTRA GAMING,GeForce GTX 1660 SUPER,6.0,1530.0,1830.0,Black,202.0,16239.42
Zotac GAMING AMP Extreme AIRO,GeForce RTX 4090,24.0,2235.0,2580.0,Black / Silver,356.0,150220.0
XFX Mercury OC RGB V2,Radeon RX 9070 XT,16.0,1870.0,3100.0,Black,360.0,49879.42
MSI GeForce RTX 3080 GAMING X TRIO 10G,GeForce RTX 3080 10GB,10.0,1440.0,,Black,323.0,45182.0
MSI GT 710 1GD3H LP,GeForce GT 710,1.0,954.0,,Black,146.0,2667.42
EVGA XC GAMING,GeForce RTX 3060 12GB,12.0,1320.0,1882.0,Black,202.0,43440.26
Asus TUF GAMING OC,GeForce RTX 4090,24.0,2235.0,2595.0,Black,348.0,189950.0
Gigabyte GAMING OC,GeForce RTX 5060,8.0,2280.0,,Black,281.0,19719.420000000002
ASRock Challenger OC,Arc B570,10.0,2500.0,2600.0,Black,249.0,13918.84
Asus DUAL OC,GeForce RTX 5060 Ti,8.0,2410.0,2632.0,Black / Silver,229.0,24359.420000000002
PowerColor Red Devil E/OC,Radeon RX 9070 XT,16.0,2460.0,3060.0,White,340.0,60551.42
Gigabyte AORUS XTREME WATERFORCE,GeForce RTX 5080,16.0,2300.0,2805.0,Black,220.0,112462.0
PNY EPIC-X RGB OC,GeForce RTX 5060 Ti,16.0,2407.0,2692.0,Black,297.0,28999.420000000002
MSI SUPRIM SOC,GeForce RTX 5080,16.0,2300.0,,Black / Silver,359.0,104922.0
PowerColor Red Devil,Radeon RX 5700 XT,8.0,1605.0,1905.0,Black / Red,300.0,31262.0
PowerColor Fighter,Radeon RX 6600,8.0,1626.0,2491.0,Black,200.0,20010.0
NVIDIA Founders Edition,GeForce RTX 2070 SUPER,8.0,1605.0,1770.0,Silver,267.0,44950.0
Asus STRIX GAMING,GeForce GTX 1080 Ti,11.0,1493.0,1632.0,Black,298.0,43442.0
MSI RTX 3070 GAMING X TRIO,GeForce RTX 3070,8.0,1500.0,1830.0,Black / Silver,323.0,40542.0
Zotac GAMING SOLID CORE,GeForce RTX 5070 Ti,16.0,2300.0,2452.0,Black / Copper,304.0,44252.840000000004
Asus DUAL,GeForce GTX 1060 6GB,6.0,1594.0,1809.0,White,242.0,22330.0
Zotac GAMING AMP,GeForce RTX 5060 Ti,16.0,2410.0,2632.0,Black,220.0,28999.420000000002
Sapphire PULSE,Radeon RX 6600,8.0,1626.0,2491.0,Black / Red,193.0,18972.96
MSI VANGUARD SOC,GeForce RTX 5080,16.0,2300.0,,Black / Silver,357.0,84679.42
MSI VENTUS 2X OC,GeForce RTX 3060 Ti,8.0,1410.0,1695.0,Black / Silver,232.0,28277.32
MSI GAMING X,GeForce RTX 3050 6GB,6.0,1040.0,1507.0,Black,205.0,11309.42
XFX Speedster SWFT 210 Core,Radeon RX 6650 XT,8.0,2055.0,2635.0,Black,241.0,17399.420000000002
Acer Nitro OC,Radeon RX 9070 XT,16.0,2400.0,3100.0,Black / Silver,297.0,57298.78
Gigabyte GAMING OC,GeForce RTX 3080 Ti,12.0,1365.0,1770.0,Black / Silver,320.0,76801.86
PNY VERTO,GeForce RTX 4060 Ti,16.0,2310.0,2535.0,Black,245.0,26099.420000000002
PowerColor Hellhound OC,Radeon RX 9070,16.0,2070.0,2590.0,Black,327.0,40599.42
XFX Swift OC,Radeon RX 9070,16.0,1440.0,2700.0,Black,325.0,41352.840000000004
Gigabyte GAMING OC,GeForce RTX 4080 SUPER,16.0,2210.0,2595.0,Black,342.0,104399.42
Zotac Solid OC,GeForce RTX 5080,16.0,2300.0,2640.0,White / Gold,330.0,84852.84
MSI GAMING Z TRIO,Radeon RX 6800 XT,16.0,1825.0,2310.0,Black / Silver,324.0,57362.0
Asus ROG STRIX GAMING OC,GeForce RTX 4080 SUPER,16.0,2210.0,2670.0,Black,358.0,115130.0
NVIDIA Founders Edition,GeForce GTX 1060 6GB,6.0,1506.0,1709.0,Black / Silver,250.0,25462.0
MSI GAMING TRIO OC,GeForce RTX 5060 Ti,8.0,2410.0,2662.0,White,300.0,24939.420000000002
Gigabyte OC,GeForce GTX 1660 Ti,6.0,1500.0,1800.0,Black / Gray,226.0,24940.0
Acer Nitro OC,Radeon RX 9070,16.0,2070.0,2700.0,Black / Silver,297.0,48294.86
Asus TUF GAMING OC,Radeon RX 7900 XTX,24.0,2300.0,2615.0,Black,353.0,107299.42
Sparkle ECO,Arc A310,4.0,1750.0,1000.0,Blue,156.0,7539.42
Asus DUAL OC,GeForce RTX 4070,12.0,1920.0,2550.0,Black,267.0,51909.42
Asus ROG Astral,GeForce RTX 5080,16.0,2300.0,,Black / Silver,358.0,102252.84
Zotac GAMING Twin Edge OC,GeForce RTX 4060,8.0,1830.0,2490.0,White,221.0,25519.420000000002
Asus DUAL OC,GeForce RTX 4060 Ti,8.0,2310.0,2595.0,White,227.0,32877.3
Zotac GAMING Twin Edge OC,GeForce RTX 3060 12GB,12.0,1320.0,1807.0,Black,224.0,24934.199999999997
Sparkle ELF,Arc A380,6.0,2000.0,2000.0,Blue / Black,153.0,8699.42
MSI VENTUS 2X OC,GeForce RTX 3070,8.0,1500.0,1755.0,Black / Silver,232.0,33413.8
Zotac GAMING Trinity,GeForce RTX 4070 Ti SUPER,16.0,2340.0,2610.0,Black,307.0,60899.42
MSI GAMING TRIO OC,GeForce RTX 5060 Ti,8.0,2410.0,2662.0,Black,300.0,24939.420000000002
Zotac GAMING Twin Edge OC,GeForce RTX 3070,8.0,1500.0,1755.0,Black,232.0,43113.72
Zotac GAMING SOLID CORE OC,GeForce RTX 5070 Ti,16.0,2300.0,2482.0,Black / Copper,304.0,65022.06
MSI GAMING X,GeForce GTX 1660 SUPER,6.0,1530.0,1830.0,Black,247.0,14989.52
Gigabyte OC,GeForce GTX 1660 SUPER,6.0,1530.0,1830.0,Black / Silver,226.0,30240.04
Gigabyte AERO OC,GeForce RTX 4080 SUPER,16.0,2210.0,2595.0,White / Silver,342.0,101498.26
Asus STRIX GAMING OC,GeForce RTX 3090,24.0,1395.0,1890.0,Black,318.0,92799.42
PowerColor Fighter OC,Radeon RX 7800 XT,16.0,1295.0,2475.0,Black,290.0,41087.2
PowerColor RX 7900 XT 20G,Radeon RX 7900 XT,20.0,2000.0,2400.0,Black,276.0,57918.22
Asus ROG STRIX GAMING OC,GeForce RTX 3070 Ti,8.0,1575.0,,Black / Silver,318.0,48430.0
Asus DUAL OC,GeForce GTX 1650 G5,4.0,1485.0,1755.0,Silver / Black,204.0,13050.0
Zotac GAMING SOLID,GeForce RTX 5070,12.0,2160.0,2512.0,Black / Copper,304.0,44074.2
Gigabyte WINDFORCE OC,GeForce RTX 4070 Ti SUPER,16.0,2340.0,2625.0,Black,261.0,78958.29999999999
Acer Nitro OC,Arc B570,10.0,2500.0,2690.0,Black / Silver,288.0,13919.42
Asus DUAL EVO OC,GeForce RTX 2060,6.0,1365.0,1785.0,Black,242.0,19719.420000000002
Asus TUF GAMING OC,GeForce RTX 4070,12.0,1920.0,2580.0,Black,301.0,46110.0
Zotac ZT-71115-20L,GeForce GT 730,4.0,902.0,,Black / Gold,,3479.42
Gigabyte GAMING OC,GeForce RTX 5060 Ti,8.0,2410.0,2647.0,Black,281.0,22039.420000000002
Asus STRIX GAMING OC,GeForce RTX 2080 Ti,11.0,1350.0,1665.0,Black,305.0,56782.0
Yeston Sakura,GeForce RTX 4070 SUPER,12.0,1980.0,2640.0,White / Blue,330.0,49242.0
Asus TUF GAMING OC,GeForce RTX 3080 Ti,12.0,1365.0,1695.0,Black,300.0,69542.0
XFX Quicksilver Magnetic Air,Radeon RX 9070 XT,16.0,1870.0,3100.0,Black,350.0,55622.0
MSI SUPRIM LIQUID X,GeForce RTX 4090,24.0,2235.0,,Black / Silver,280.0,176842.0
Asus PRIME,GeForce RTX 5060 Ti,8.0,2410.0,2602.0,Black,304.0,24359.420000000002
Asus PRIME OC,GeForce RTX 4070 Ti SUPER,16.0,2340.0,2655.0,Black,300.0,65482.0
MSI VENTUS 3X OC,GeForce RTX 4060 Ti,8.0,2310.0,,Black,308.0,30588.62
Asus TUF GAMING OC,GeForce RTX 3060 Ti,8.0,1410.0,1785.0,Black,302.0,40542.0
MSI VENTUS 2X OC,GeForce RTX 4070,12.0,1920.0,2520.0,Silver / Black,242.0,52142.0
Gigabyte GV-N1030D4-2GL,GeForce GT 1030 DDR4,2.0,1151.0,1417.0,Black,150.0,4522.84
XFX Quicksilver OC,Radeon RX 9070,16.0,1440.0,2700.0,Black,355.0,48326.18
Sapphire PULSE Low Profile,Radeon RX 6400,4.0,1923.0,,Black / Red,170.0,12560.48
Gigabyte EAGLE,Radeon RX 6500 XT,4.0,2310.0,2815.0,Black,192.0,15499.92
MSI GAMING X,GeForce GTX 1070,8.0,1506.0,1797.0,Black / Red,279.0,27202.0
PowerColor Red Devil,Radeon RX 6700 XT,12.0,2321.0,2622.0,Black,320.0,47850.0
Gigabyte AERO OC,GeForce RTX 4070 Ti SUPER,16.0,2340.0,2655.0,White / Silver,300.0,83743.29999999999
EVGA FTW3 ULTRA GAMING,GeForce RTX 3090 Ti,24.0,1560.0,1920.0,Black,300.0,115999.42
NVIDIA Founders Edition,GeForce RTX 2080,8.0,1515.0,1800.0,Black / Silver,267.0,44950.0
Gigabyte GAMING OC,GeForce RTX 5050,8.0,2317.0,2632.0,Black,280.0,15659.42
XFX Mercury OC Magnetic Air RGB,Radeon RX 9070 XT,16.0,1870.0,3100.0,Black,360.0,49879.42
MSI VENTUS 3X OC,GeForce RTX 3070 Ti,8.0,1575.0,1800.0,Black / Silver,316.0,46110.0
Yeston Sakura,GeForce RTX 4060 Ti,16.0,2310.0,2595.0,White / Blue,305.0,34055.28
Gigabyte GAMING OC,GeForce RTX 4070 Ti,12.0,2310.0,2640.0,Black,336.0,86710.0
MSI RTX 5060 Ti 16G INSPIRE 2X OC,GeForce RTX 5060 Ti,16.0,2410.0,2632.0,Gold / Black,204.0,31318.84
Sapphire NITRO+,Radeon RX 6600 XT,8.0,1968.0,2607.0,Black / Silver,240.0,26214.260000000002
Zotac GAMING Twin Fan,GeForce GTX 1660,6.0,1530.0,1785.0,Black,216.0,15602.0
Gigabyte WINDFORCE SFF,GeForce RTX 5080,16.0,2300.0,,Black,304.0,81199.42
XFX Speedster MERC 319 Black,Radeon RX 7800 XT,16.0,1295.0,2565.0,Black / Silver,326.0,55621.42
Asus TUF GAMING,GeForce RTX 4080 SUPER,16.0,2210.0,2580.0,Black,348.0,115129.42
Asus ROG STRIX GAMING OC,GeForce RTX 3080 Ti,12.0,1365.0,1845.0,Black / Silver,318.0,75284.0
Asus DUAL EVO OC,GeForce RTX 4070 SUPER,12.0,1980.0,2550.0,White,227.0,36539.42
MSI VENTUS 3X OC,GeForce RTX 4070,12.0,1920.0,,Silver / Black,308.0,58332.92
MSI GAMING X TRIO,GeForce RTX 4070 Ti,12.0,2310.0,2760.0,Black,337.0,72210.0
EVGA FTW3 ULTRA GAMING,GeForce RTX 3070,8.0,1500.0,1815.0,Black / Silver,300.0,40310.0
Zotac GAMING AMP Extreme INFINITY,GeForce RTX 5090,32.0,2010.0,2467.0,Black,332.0,162399.41999999998
MSI GAMING X TRIO,GeForce RTX 4090,24.0,2235.0,,Black,337.0,189077.09999999998
Zotac Twin Edge,GeForce RTX 5060 Ti,8.0,2410.0,2572.0,Black,220.0,22039.420000000002
MSI VENTUS 2X PLUS,GeForce RTX 5060 Ti,16.0,2410.0,2587.0,Black / Gray,227.0,28419.420000000002
XFX Mercury OC,Radeon RX 9060 XT,16.0,2220.0,3320.0,Black / Silver,320.0,23199.420000000002
Palit Dual,GeForce RTX 5060,8.0,2280.0,2497.0,,262.0,26265.88
Asus PRIME OC,GeForce RTX 5060 Ti,8.0,2410.0,2647.0,Black,304.0,23199.420000000002
Palit GameRock,GeForce RTX 5070 Ti,16.0,2300.0,2452.0,Black,332.0,71545.31999999999
Gigabyte WINDFORCE OC,GeForce RTX 5060 Ti,8.0,2410.0,2587.0,Black,208.0,22329.420000000002
AMD 100-300000074,Radeon PRO W7900,48.0,1855.0,2495.0,Black,280.0,211120.0
Asus ROG STRIX,GeForce GTX 1080,8.0,1670.0,1835.0,Black,298.0,28884.0
Gigabyte AORUS MASTER,GeForce RTX 3070,8.0,1500.0,1845.0,Black,290.0,43909.479999999996
Zotac Twin Edge OC,GeForce RTX 4070,12.0,1920.0,2490.0,Black,226.0,48139.42
PowerColor Red Devil Ultimate,Radeon RX 6900 XT,16.0,1825.0,2425.0,Black,320.0,44659.42
MSI VENTUS 3X OC,GeForce RTX 5070,12.0,2160.0,2557.0,Silver / Black,302.0,33639.42
MSI GAMING OC,GeForce RTX 5060 Ti,16.0,2410.0,,Black,247.0,31319.420000000002
MSI GAMING X TRIO,GeForce RTX 4080,16.0,2205.0,2610.0,Black,337.0,104110.0
Gigabyte OC Low Profile,GeForce RTX 4060,8.0,1830.0,2475.0,Black,182.0,28999.420000000002
Asus ROG STRIX GAMING OC,GeForce RTX 4070 Ti SUPER,16.0,2340.0,2700.0,Black,336.0,81084.0
Sapphire NITRO+,Radeon RX 580,8.0,1257.0,1411.0,Black,260.0,26622.0
Zotac GAMING Trinity OC,GeForce RTX 4090,24.0,2235.0,2535.0,Black / Silver,356.0,150220.0
Yeston Sakura,Radeon RX 9070 XT,16.0,2070.0,2700.0,White / Blue,342.0,52142.0
EVGA XC3 ULTRA GAMING,GeForce RTX 3080 10GB,10.0,1440.0,1755.0,Black,285.0,53302.0
Asus TUF Gaming OG OC,GeForce RTX 4090,24.0,2235.0,2595.0,Black,326.0,105559.42
Gigabyte AORUS MASTER,GeForce RTX 5070,12.0,2160.0,2715.0,Black,317.0,46399.42
Zotac GAMING Trinity,GeForce RTX 4080 SUPER,16.0,2210.0,2550.0,Black,307.0,101500.0
Gigabyte EAGLE OC,GeForce RTX 4060 Ti,8.0,2310.0,,Black,272.0,34452.0
Gigabyte AORUS ELITE,GeForce RTX 5060 Ti,16.0,2410.0,2722.0,Black,329.0,46127.399999999994
PNY VCNRTX4000ADA-PB,RTX 4000 Ada Generation,20.0,1500.0,2175.0,Black,241.0,74862.34
Zotac GAMING AMP,GeForce RTX 5060,8.0,2280.0,2550.0,Black,220.0,17979.420000000002
Sparkle ROC Luna OC,Arc A750,8.0,2050.0,2200.0,White,281.0,17492.800000000003
Asus TUF GAMING OC,GeForce RTX 4070 SUPER,12.0,1980.0,2595.0,Black,301.0,68962.0
ASRock Steel Legend OC,Radeon RX 7600,8.0,1720.0,2725.0,White,303.0,24971.9
EVGA SC GAMING ACX 3.0,GeForce GTX 1070,8.0,1594.0,1784.0,Black / Silver,267.0,28710.0
MSI Radeon RX 6600 MECH 2X 8G,Radeon RX 6600,8.0,1626.0,2491.0,Black / Silver,235.0,34510.0
Asus STRIX GAMING OC,GeForce RTX 2070,8.0,1410.0,1845.0,Black,305.0,39730.0
MSI GeForce RTX 3090 GAMING X TRIO 24G,GeForce RTX 3090,24.0,1395.0,,Black,335.0,98367.42
Asus DUAL OC,Radeon RX 7700 XT,12.0,1700.0,2599.0,Black,280.0,34742.0
Gigabyte WINDFORCE OC,GeForce GTX 1660 Ti,6.0,1500.0,1845.0,Black / Gray,265.0,17399.420000000002
Asus TUF GAMING OC,GeForce RTX 4080,16.0,2205.0,2625.0,Black,348.0,109562.0
Asus DUAL OC,GeForce RTX 3070,8.0,1500.0,,Black,267.0,40310.0
ASRock Challenger OC,Radeon RX 7800 XT,16.0,1295.0,2475.0,Black,267.0,48746.100000000006
MSI RTX 4090 VENTUS 3X 24G OC,GeForce RTX 4090,24.0,2235.0,2565.0,Silver / Black,322.0,179162.0
Inno3D X3 OC,GeForce RTX 5070 Ti,16.0,2295.0,2482.0,White / Silver,300.0,68192.34
NVIDIA Founders Edition,GeForce RTX 2080 SUPER,8.0,1650.0,1815.0,Silver,267.0,49822.0
Zotac GAMING Trinity OC,GeForce RTX 3090,24.0,1395.0,1710.0,Black,318.0,98599.42
Zotac GAMING Low Profile,GeForce RTX 3050 6GB,6.0,1040.0,1470.0,Black,151.0,17358.239999999998
XFX Speedster MERC 310,Radeon RX 7900 XT,20.0,1775.0,2535.0,White,344.0,61422.0
Zotac Solid Core OC,GeForce RTX 5070 Ti,16.0,2300.0,2482.0,White / Gold,304.0,70774.5
Asus DUAL OC,GeForce RTX 4070 SUPER,12.0,1980.0,2550.0,Black,267.0,52199.42
Asus DUAL,GeForce RTX 5050,8.0,2317.0,2602.0,Black,203.0,14499.42
PNY OC,GeForce RTX 5060,8.0,2280.0,2535.0,Black,200.0,17399.420000000002
Asus DUAL OC,GeForce RTX 4070,12.0,1920.0,2550.0,White,267.0,35959.42
ASRock Steel Legend OC,Radeon RX 9070,16.0,2210.0,2700.0,White / Gray,298.0,52141.42
NVIDIA 9001G4012510000,GeForce GTX 970,4.0,1050.0,1178.0,Black / Silver,267.0,21402.0
PNY XLR8 Gaming VERTO EPIC-X RGB OC,GeForce RTX 4070 SUPER,12.0,1980.0,2505.0,Black,305.0,52142.0
MSI VENTUS 3X OC,GeForce RTX 3060 Ti LHR,8.0,1410.0,1695.0,Black / Gray,316.0,29857.82
Gigabyte AERO OC,GeForce RTX 5060 Ti,8.0,2410.0,2647.0,White / Silver,281.0,28073.16
MSI GAMING X,GeForce GTX 1060 6GB,6.0,1506.0,1809.0,Black / Red,277.0,25810.0
PNY VCQP600-PB,Quadro P600,2.0,1354.0,1455.0,Black,145.0,3714.32
Zotac Twin Edge OC,GeForce RTX 3060 Ti,8.0,1410.0,1695.0,Black,222.0,38744.0
Zotac GAMING Trinity OC,GeForce RTX 3080 10GB,10.0,1440.0,1725.0,Black,318.0,62640.0
Asus DUAL,Radeon RX 6600,8.0,1626.0,2491.0,Black / Silver,243.0,30795.68
Gigabyte AERO OC,GeForce RTX 4090,24.0,2520.0,2535.0,Silver / White,342.0,173420.0
MSI GAMING X,GeForce GTX 1080 Ti,11.0,1569.0,1683.0,Black / Red,290.0,40542.0
MSI GAMING X,GeForce GTX 1050 Ti,4.0,1290.0,1493.0,Black / Red,229.0,20300.0
AMD RADEON PRO WX 7100,Radeon Pro WX 7100,8.0,900.0,1080.0,Blue,242.0,10727.68
MSI SUPRIM LIQUID SOC,GeForce RTX 5080,16.0,2300.0,,Black / Silver,280.0,98599.42
PowerColor Hellhound OC,Radeon RX 9060 XT,8.0,2220.0,3310.0,Black,310.0,21211.760000000002
PowerColor Fighter,Radeon RX 7600,8.0,1720.0,2655.0,Black,212.0,18885.38
PNY RTX A-Series,RTX A4000,16.0,735.0,1560.0,Black / Gold,241.0,54752.0
PowerColor Fighter,Radeon RX 6700 XT,12.0,2321.0,2581.0,Black,228.0,45762.0
MSI ARMOR OC,Radeon RX 580,8.0,1257.0,1366.0,Black / White,269.0,27409.06
XFX Swift,Radeon RX 9070 XT,16.0,1660.0,2970.0,,325.0,46399.42
Gigabyte Vision OC,GeForce RTX 3070 Ti,8.0,1575.0,1830.0,White / Silver,320.0,46110.0
PNY EPIC-X RGB Triple Fan Plus OC,GeForce RTX 5070 Ti,16.0,2295.0,2640.0,Black,328.0,73828.78
Sparkle ROC OC,Arc A770,16.0,2100.0,2300.0,Black,281.0,23461.0
MSI VENTUS 2X OC,GeForce RTX 3060 8GB,8.0,1320.0,1807.0,Black,235.0,20879.420000000002
Zotac GAMING Twin Edge,GeForce RTX 4060 Ti,8.0,2310.0,2535.0,Black,226.0,33314.62
XFX Speedster QICK 308 Black,Radeon RX 7600,8.0,1875.0,2755.0,Black,272.0,21849.760000000002
Gigabyte WINDFORCE OC,GeForce GTX 1060 6GB,6.0,1582.0,1797.0,Black / Red,223.0,23142.0
MSI VENTUS 2X PLUS,GeForce RTX 5060 Ti,8.0,2410.0,2587.0,Black / Gray,227.0,21459.420000000002
Asus ROG STRIX GAMING OC,GeForce RTX 4080,16.0,2205.0,2655.0,Black / Red,358.0,115999.42
MSI GAMING X TRIO,GeForce RTX 3070 Ti,8.0,1575.0,1830.0,Black / Silver,323.0,55099.42
Yeston LP,GeForce RTX 3050 6GB,6.0,1040.0,1470.0,Pink,160.0,11890.0
Gigabyte GAMING,GeForce GTX 1070,8.0,1594.0,1822.0,Black / Orange,280.0,26622.0
EVGA FTW3 ULTRA GAMING iCX3,GeForce RTX 3060 Ti,8.0,1410.0,1800.0,Black,285.0,39962.0
EVGA XC3 ULTRA GAMING,GeForce RTX 3070 Ti,8.0,1575.0,1815.0,Black,285.0,34395.159999999996
PNY VERTO OC,GeForce RTX 4080 SUPER,16.0,2210.0,2565.0,Black,340.0,104342.0
Asus TUF GAMING,GeForce RTX 4070 Ti,12.0,2310.0,2640.0,Black,305.0,68962.0
Gigabyte OC,GeForce GTX 1050,2.0,1379.0,1518.0,Black / Orange,191.0,11484.0
PowerColor Red Devil OC,Radeon RX 6800 XT,16.0,1825.0,2340.0,Black,320.0,50164.78
Asus DUAL OC,GeForce RTX 5050,8.0,2317.0,2677.0,Black,203.0,14499.42
MSI GAMING X TRIO,GeForce RTX 3080 Ti,12.0,1365.0,1770.0,Black / Silver,324.0,56897.42
Zotac Twin Edge OC,GeForce RTX 5060 Ti,8.0,2410.0,2602.0,Black,220.0,22619.420000000002
PNY VCQRTX8000-PB,Quadro RTX 8000,48.0,1395.0,1770.0,Black / White,267.0,191223.68
EVGA FTW GAMING ACX 3.0,GeForce GTX 1080,8.0,1721.0,1860.0,Black / Silver,267.0,34684.0
Gigabyte EAGLE OC ICE,GeForce RTX 4060,8.0,1830.0,2505.0,White,272.0,34788.399999999994
Sapphire NITRO+,Radeon RX 7700 XT,12.0,1700.0,,Black,320.0,39363.439999999995
MSI GAMING OC,GeForce RTX 5060 Ti,8.0,2410.0,,Black,247.0,22039.420000000002
Asus ROG STRIX GAMING OC,GeForce RTX 4070 Ti,12.0,2310.0,2790.0,Black,336.0,75284.0
Yeston Sakura,Radeon RX 7700 XT,12.0,2171.0,2599.0,White / Blue,340.0,30102.0
MSI VENTUS 3X OC,GeForce RTX 3080 Ti,12.0,1365.0,1695.0,Black / Silver,305.0,78010.0
Sapphire PULSE,Radeon RX 6600 XT,8.0,1968.0,2593.0,Black / Red,240.0,27371.36
MSI GAMING X,GeForce RTX 4060 Ti,8.0,2310.0,,Black,247.0,30061.399999999998
PNY RTX A-Series,RTX A2000 12GB,12.0,562.0,1200.0,Black,167.0,34623.68
Asus ROG STRIX GAMING OC V2,GeForce RTX 3060 12GB,12.0,1320.0,1912.0,Black / Silver,300.0,40599.42
Asus ProArt OC,GeForce RTX 4060 Ti,16.0,2310.0,2685.0,Black / Gold,300.0,69484.0
Inno3D Twin X2,GeForce RTX 5070,12.0,2325.0,2512.0,Black / Silver,250.0,45155.899999999994
Gigabyte GAMING OC,Radeon RX 6800 XT,16.0,1825.0,2285.0,Black / Silver,286.0,57710.0
ASRock Phantom Gaming,Radeon RX 6500 XT,8.0,2420.0,2825.0,Black,240.0,14167.08
AMD ‎100-438373,Radeon RX 6900 XT,16.0,1825.0,2250.0,Black / Silver,267.0,63799.42
Gigabyte AORUS MASTER,GeForce RTX 3070 Ti,8.0,1575.0,1875.0,Black,324.0,50344.0
PNY VERTO OC,GeForce RTX 4060 Ti,8.0,2310.0,2550.0,Black,245.0,22619.420000000002
Asus TUF GAMING OC,GeForce RTX 3090,24.0,1395.0,,Black,300.0,92799.42
Asus TUF GAMING OC,Radeon RX 7900 XT,20.0,2000.0,,Black,353.0,46399.42
Gigabyte OC Low Profile,GeForce RTX 3050 6GB,6.0,1040.0,1477.0,Black,181.0,15427.42
NVIDIA TITAN RTX,TITAN RTX,24.0,1350.0,1770.0,Gold / Black,267.0,73602.0
EVGA SC GAMING ACX 3.0 Black Edition,GeForce GTX 1070 Ti,8.0,1607.0,1683.0,Black,267.0,30450.0
PowerColor Red Dragon,Radeon RX 5700 XT,8.0,1650.0,1905.0,Black,240.0,30682.0
EVGA SC ULTRA GAMING,GeForce GTX 1660,6.0,1530.0,1830.0,Silver / Black,202.0,13632.32
Zotac GAMING Twin Edge OC,GeForce RTX 4070 SUPER,12.0,1980.0,2490.0,Black,234.0,63452.0
Asus TUF GAMING OC,GeForce RTX 4070 Ti,12.0,2310.0,2760.0,White,305.0,75110.0
Asus Phoenix GeForce RTX 3060 V2,GeForce RTX 3060 12GB,12.0,1320.0,1807.0,Black,177.0,17399.420000000002
PowerColor Red Dragon OC,Radeon RX 6800 XT,16.0,1825.0,2310.0,Black,310.0,57710.0
PowerColor Hellhound,Radeon RX 7900 XT,20.0,2000.0,2500.0,Black,320.0,57941.42
Asus TUF GAMING OC,Radeon RX 9070,16.0,2170.0,2670.0,Black / Silver,330.0,61285.12
ASRock Phantom Gaming OC,Radeon RX 7900 XT,20.0,2000.0,2450.0,Black,330.0,65539.42
Asus TUF GAMING OC,GeForce RTX 4060 Ti,8.0,2310.0,2655.0,Black,300.0,40922.479999999996
Sapphire PULSE ITX PURE,Radeon RX 6500 XT,4.0,2310.0,2825.0,White,152.0,12801.18
Asus PRIME OC,GeForce RTX 4070 SUPER,12.0,1980.0,2550.0,Black,269.0,52198.26
PNY VERTO,GeForce RTX 4060 Ti,8.0,2310.0,2535.0,Black,245.0,28997.1
EVGA SSC ACX 2.0+,GeForce GTX 960,4.0,1279.0,1342.0,Black / Silver,257.0,23142.0
Palit GameRock OC,GeForce RTX 5090,32.0,2010.0,,Black,332.0,210980.22
Palit Dual OC,GeForce RTX 3060 12GB,12.0,1320.0,,Black,245.0,21979.1
PNY VERTO,GeForce RTX 4090,24.0,2235.0,2520.0,Black,337.0,191110.0
XFX Speedster SWFT 105,Radeon RX 6400,4.0,1923.0,,Black,155.0,8699.42
Gigabyte GAMING OC,GeForce RTX 4070 SUPER,12.0,1980.0,2565.0,Black,300.0,61532.200000000004
Asus ROG STRIX GAMING OC,Radeon RX 6600 XT,8.0,1968.0,2607.0,Black / Gray,243.0,26099.420000000002
Zotac GAMING Trinity OC,GeForce RTX 3070 Ti,8.0,1575.0,1800.0,Black,318.0,44660.0
NVIDIA Founders Edition,GeForce RTX 2070,8.0,1410.0,1710.0,Silver / Black,229.0,41760.0
MSI VENTUS XS OC,GeForce RTX 2080 SUPER,8.0,1650.0,1830.0,Silver / Black,257.0,45530.0
Gigabyte OC Rev 2.0,GeForce RTX 2060,6.0,1365.0,1755.0,Black / Gray,226.0,17922.0
MSI GAMING X,GeForce GTX 1080,8.0,1607.0,1847.0,Black / Red,279.0,34684.0
Asus GT730-SL-2GD5-BRK,GeForce GT 730,2.0,902.0,,Blue / Black,165.0,4639.42
Asus ROG STRIX GAMING OC,GeForce RTX 3070,8.0,1500.0,1905.0,Black,318.0,42050.0
EVGA FTW3 ULTRA GAMING,GeForce RTX 3080 12GB LHR,12.0,1260.0,1800.0,Black,300.0,68962.0
Asus LP BRK OC,GeForce RTX 4060,8.0,1830.0,2520.0,Black,188.0,26042.0
PNY VCNRTX2000ADA-PB,RTX 2000 Ada Generation,16.0,1620.0,2130.0,,168.0,40943.939999999995
Asus ROG STRIX WHITE OC,GeForce RTX 3090,24.0,1395.0,1890.0,White / Black,318.0,115999.42
MSI MECH OC,Radeon RX 5700 XT,8.0,1670.0,1925.0,Black,232.0,36830.0
AMD 100-506115,Radeon Pro WX 3200,4.0,1250.0,1290.0,Blue / Black,168.0,7696.0199999999995
Sparkle ORC OC,Arc A580,8.0,1700.0,2000.0,Blue / Black,222.0,13103.94
Asus TUF GAMING,GeForce RTX 4070 Ti SUPER,16.0,2340.0,2640.0,Black,305.0,67773.58
ASRock Steel Legend OC,Radeon RX 7700 XT,12.0,1700.0,2599.0,White,304.0,46968.979999999996
Palit GamingPro,GeForce RTX 5070,12.0,2325.0,2512.0,Black,332.0,49972.22
Sapphire PULSE,Radeon RX 6800 XT,16.0,1825.0,,Black / Red,313.0,57362.0
AMD 100-506001,Radeon Pro WX 2100,2.0,925.0,1219.0,Blue,145.0,4348.84
EVGA FTW3 ULTRA GAMING,GeForce RTX 2080 Ti,11.0,1350.0,1755.0,Clear / Black,302.0,57884.0
Zotac GAMING Trinity OC,GeForce RTX 3080 Ti,12.0,1365.0,1695.0,Black / Silver,318.0,75399.42
PNY EPIC-X RGB OC,GeForce RTX 5060 Ti,8.0,2407.0,2692.0,Black,297.0,23199.420000000002
XFX Mercury OC Magnetic Air RGB V2,Radeon RX 9070 XT,16.0,1870.0,3100.0,Black,360.0,53359.42
MSI GAMING X SLIM,GeForce RTX 4090,24.0,2235.0,2610.0,Black,322.0,184962.0
MSI GAMING X,GeForce RTX 2070 SUPER,8.0,1605.0,1800.0,Black,297.0,42804.0
XFX Quicksilver Magnetic Air,Radeon RX 7800 XT,16.0,1295.0,2430.0,White,337.0,53360.0
Asus TUF GAMING OC V2,GeForce RTX 3080 10GB LHR,10.0,1440.0,1815.0,Black,300.0,60842.0
MSI GAMING Z TRIO,GeForce RTX 3080 10GB LHR,10.0,1440.0,1830.0,Black,323.0,55097.100000000006
PNY VCG509032TFXPB1,GeForce RTX 5090,32.0,2010.0,2407.0,Black,329.0,224053.41999999998
XFX RS XXX,Radeon RX 570,4.0,1168.0,1284.0,Black / Red,243.0,17342.0
Asus TUF GAMING,GeForce RTX 3070 Ti,8.0,1575.0,1800.0,Black / Silver,300.0,46342.0
Inno3D Twin X2 OC,GeForce RTX 5060,8.0,2280.0,2527.0,Black / Silver,250.0,24913.9
Asus DUAL OC,GeForce RTX 4060 Ti,8.0,2310.0,2595.0,Black,227.0,32479.420000000002
Zotac GAMING AMP Holo,GeForce RTX 3070,8.0,1500.0,1785.0,Silver / Black,291.0,40484.0
MSI GAMING X TRIO,GeForce RTX 3060 Ti,8.0,1410.0,1830.0,Black / Silver,323.0,31262.0
EVGA XC ULTRA GAMING,GeForce RTX 2080,8.0,1515.0,1815.0,Black / Clear,270.0,42630.0
Gigabyte EAGLE OC,GeForce RTX 4070 SUPER,12.0,1980.0,2535.0,Black,261.0,54970.08
EVGA Superclocked ACX 2.0,GeForce GTX 980,4.0,1266.0,1367.0,Black,267.0,22562.0
MSI VENTUS XS OC,GeForce GTX 1660 Ti,6.0,1500.0,1830.0,,204.0,24650.0
EVGA SC GAMING ACX 2.0,GeForce GTX 1050 Ti,4.0,1354.0,1468.0,Black,145.0,15022.58
PNY VCG16606SSFPPB,GeForce GTX 1660 SUPER,6.0,1530.0,1785.0,Black,168.0,15022.0
PowerColor Red Devil Limited Edition OC,Radeon RX 9070 XT,16.0,2460.0,3060.0,Black,340.0,60900.0
Sparkle ORC OC,Arc A750,8.0,2050.0,2200.0,Blue / Black,222.0,16295.099999999999
MSI GeForce RTX 3090 TI GAMING X TRIO 24G,GeForce RTX 3090 Ti,24.0,1560.0,1920.0,Black,325.0,115362.0
PNY VCG507012TFXPB1,GeForce RTX 5070,12.0,2325.0,2512.0,Black,300.0,46155.24
PNY VCQRTX4000-PB,Quadro RTX 4000,8.0,1005.0,1545.0,Silver / Black,267.0,20297.68
Gigabyte AERO OC,GeForce RTX 4080,16.0,2205.0,2535.0,White,342.0,124120.0
Gigabyte GAMING OC,Radeon RX 6700 XT,12.0,2321.0,,Black / Silver,281.0,46110.0
Asus DUAL EVO OC,GeForce GTX 1660 SUPER,6.0,1530.0,1860.0,Black,242.0,19139.420000000002
XFX RX-560D2SFG5,Radeon RX 560 - 896,2.0,1196.0,,Black / Red,211.0,6379.42
Inno3D Twin X2 OC,GeForce RTX 5070,12.0,2325.0,2542.0,Black / Silver,250.0,45477.22
Asus STRIX GAMING OC,GeForce RTX 2080,8.0,1515.0,1890.0,,298.0,46110.0
Asus TUF-RX6800XT-O16G-GAMING,Radeon RX 6800 XT,16.0,1825.0,2340.0,Black,320.0,57884.0
EVGA XC ULTRA GAMING,GeForce RTX 2070 SUPER,8.0,1605.0,1800.0,Transparent,270.0,43442.0
Gigabyte EAGLE OC,GeForce RTX 5060,8.0,2280.0,,Black,208.0,19139.420000000002
MSI VANGUARD SOC LAUNCH EDITION,GeForce RTX 5080,16.0,2300.0,,Black / Silver,357.0,115536.0
MSI GAMING X TRIO,GeForce RTX 2070 SUPER,8.0,1605.0,1800.0,Black,328.0,42804.0
Asus ROG STRIX GAMING,GeForce RTX 4090,24.0,2235.0,2550.0,Black,358.0,208800.0
Inno3D Twin X2,GeForce RTX 3060 12GB,12.0,1320.0,1777.0,Black,240.0,25353.54
Zotac GAMING Twin Edge OC White Edition,GeForce RTX 3070 LHR,8.0,1500.0,1755.0,White,232.0,38222.0
XFX RX-570P8DFD6,Radeon RX 570,8.0,1168.0,1286.0,Black / Red,243.0,23142.0
ASRock Challenger ITX,Radeon RX 6400,4.0,1923.0,,Black / Silver,162.0,11080.900000000001
ASRock Challenger SE OC,Arc A750,8.0,2200.0,,Black,267.0,19768.719999999998
PowerColor RX7700XT 12G-P,Radeon RX 7700 XT,12.0,1700.0,2544.0,Black,260.0,31968.44
Gigabyte AORUS ELITE,GeForce RTX 5060,8.0,2280.0,,Black,329.0,32105.899999999998
Asus TUF GAMING,GeForce RTX 4070,12.0,1920.0,2505.0,Black,301.0,37699.42
MSI GAMING,GeForce GTX 1070 Ti,8.0,1607.0,1683.0,Black / Red,279.0,30682.0
MSI GAMING X TRIO,GeForce RTX 2080 Ti,11.0,1350.0,1755.0,Black,327.0,57130.0
Zotac GAMING Twin Edge OC,GeForce RTX 4060 Ti,8.0,2310.0,2565.0,White,226.0,33059.42
Gigabyte AERO OC,GeForce RTX 4070,12.0,1920.0,2565.0,White / Silver,300.0,78242.0
Asus DUAL OC,GeForce RTX 3060 12GB,12.0,1320.0,,Black,200.0,21459.420000000002
Gigabyte Vision OC,GeForce RTX 3060 Ti,8.0,1665.0,1755.0,Silver / White,281.0,43210.0
ASRock Phantom Gaming OC,Arc A770,16.0,2100.0,,Black,305.0,26575.6
MSI VENTUS 2X OC,GeForce RTX 3070 LHR,8.0,1500.0,1755.0,Black,232.0,30220.32
MSI SUPRIM X,GeForce RTX 4080 SUPER,16.0,2210.0,2655.0,Silver / Black,336.0,115710.0
Asus GT1030-2G-BRK,GeForce GT 1030,2.0,1266.0,1506.0,Black / Blue,169.0,6496.58
PNY XLR8 Gaming VERTO EPIC-X RGB,GeForce RTX 4060,8.0,1830.0,2460.0,Black,260.0,33768.18
Gigabyte GAMING OC,Radeon RX 7900 XT,20.0,2000.0,2535.0,Black,331.0,84467.72
XFX Speedster QICK 308 Black,Radeon RX 6600 XT,8.0,2188.0,2607.0,Black,274.0,36539.42
Asus TUF GAMING OC V2,GeForce RTX 3060 12GB,12.0,1320.0,1882.0,Black,301.0,26483.38
Gigabyte OC,Radeon RX 5500 XT,4.0,1647.0,1845.0,Black / Gray,225.0,17342.0
Zotac GAMING SOLID OC,GeForce RTX 5070 Ti,16.0,2300.0,2482.0,Black / Copper,330.0,63742.0
MSI VENTUS 2X OC,GeForce RTX 4070 Ti SUPER,16.0,2340.0,2655.0,White / Silver,242.0,79982.0
MSI GeForce RTX 3080 RTX 3080 SUPRIM X 10G,GeForce RTX 3080 10GB,10.0,1440.0,1920.0,Black / Silver,336.0,66410.0
Sparkle TITAN OC,Arc A770,16.0,2100.0,2300.0,Blue / Black,306.0,24830.96
Zotac GAMING SOLO,GeForce RTX 5050,8.0,2317.0,2572.0,Black / Copper,164.0,14499.42
Asus ROG STRIX WHITE OC,GeForce RTX 3080 10GB,10.0,1440.0,1935.0,White,318.0,70759.42
Zotac GAMING Trinity OC,GeForce RTX 4070 Ti,12.0,2310.0,2625.0,Black,307.0,70338.34
Zotac MINI,GeForce RTX 2070 SUPER,8.0,1605.0,1770.0,Black,210.0,40484.0
MSI GT OC,GeForce GTX 1060 3GB,3.0,1544.0,1759.0,Black / White,243.0,13862.0
PNY XLR8 Gaming VERTO EPIC-X RGB OC,GeForce RTX 4080 SUPER,16.0,2210.0,2595.0,Black,332.0,110084.0
Asus STRIX GAMING Advanced,GeForce RTX 2070 SUPER,8.0,1635.0,1830.0,Black,300.0,42630.0
XFX Mercury OC,Radeon RX 9060 XT,16.0,2220.0,3320.0,Black / Silver,320.0,25526.96
EVGA XC3 BLACK GAMING,GeForce RTX 3080 10GB LHR,10.0,1440.0,1710.0,Black,285.0,45762.0
Asus DUAL OC,GeForce RTX 4060,8.0,1830.0,2535.0,Black,227.0,24939.420000000002
MSI GAMING X,Radeon RX 6600 XT,8.0,1968.0,2607.0,Black / Silver,277.0,34991.399999999994
Asus Phoenix OC,GeForce GTX 1660 SUPER,6.0,1530.0,1830.0,Black / White,174.0,16762.0
MSI VANGUARD SOC LAUNCH EDITION,GeForce RTX 5070 Ti,16.0,2300.0,2602.0,Black / Silver,357.0,61479.42
Asus ROG STRIX,GeForce GTX 1070 Ti,8.0,1607.0,1759.0,Black,298.0,31842.0
PNY VCQP1000-PB,Quadro P1000,4.0,1354.0,1455.0,Black,145.0,6206.0
MSI VENTUS 3X OC,GeForce RTX 5060,8.0,2280.0,2550.0,Silver / Black,303.0,19139.420000000002
Asus ROG STRIX GAMING OC,GeForce RTX 3080 12GB LHR,12.0,1260.0,1890.0,Black / Silver,318.0,57999.42
Sapphire PULSE,Radeon RX 6800,16.0,1700.0,,Black / Red,303.0,56782.0
MSI GeForce RTX 3090 VENTUS 3X 24G OC,GeForce RTX 3090,24.0,1395.0,,Black,305.0,92799.42
Gigabyte EAGLE OC,GeForce RTX 5060 Ti,8.0,2410.0,2617.0,White / Silver,215.0,27464.16
MSI VENTUS 3X OC,GeForce RTX 4070 Ti,12.0,2310.0,2655.0,Silver / Black,308.0,72442.0
EVGA ACX 2.0,GeForce GTX 970,4.0,1050.0,1178.0,Black / Blue,241.0,20822.0
Gigabyte OC Low Profile,GeForce RTX 5050,8.0,2317.0,2587.0,Black,182.0,21861.94
Asus ROG STRIX GAMING OC V2,GeForce RTX 3060 Ti LHR,8.0,1410.0,1890.0,Black / Silver,318.0,28139.86
Asus DUAL OC,GeForce RTX 3050 8GB,8.0,1550.0,1852.0,Black,200.0,22039.420000000002
MSI GAMING X,Radeon RX 580,8.0,1257.0,1393.0,Black / Red,276.0,28362.0
PNY VCNRTX4000ADALP-PB,RTX 4000 SFF Ada Generation,20.0,1290.0,1565.0,Black,168.0,75342.0
Palit Infinity 3 OC,GeForce RTX 5060 Ti,8.0,2407.0,2662.0,Black,292.0,33847.64
EVGA FTW GAMING ACX 3.0,GeForce GTX 1070,8.0,1607.0,1797.0,Black / Gray,267.0,28362.0
Asus TUF GAMING OC,Radeon RX 6700 XT,12.0,2321.0,,Black,322.0,50395.04
MSI EXPERT,GeForce RTX 4080 SUPER,16.0,2210.0,2625.0,Copper / Black,312.0,115362.0
MSI VENTUS 2X E OC,GeForce RTX 4070,12.0,1920.0,2520.0,Silver / Black,245.0,81135.04000000001
Palit StormX,GeForce RTX 3050 6GB,6.0,1040.0,1470.0,Black,162.0,14848.0
EVGA SSC GAMING,GeForce GTX 1060 6GB,6.0,1607.0,1835.0,Black,267.0,22214.0
MSI SHADOW 3X,GeForce RTX 5070 Ti,16.0,2300.0,2467.0,Black,303.0,63162.0
Asus TUF GAMING OC,GeForce RTX 5060 Ti,8.0,2410.0,2692.0,Black / Silver,302.0,31319.420000000002
PNY VCQP620-PB,Quadro P620,2.0,1266.0,1354.0,Black,145.0,5282.0599999999995
Asus TUF GAMING OC V2,GeForce RTX 3060 Ti LHR,8.0,1410.0,1785.0,Black,301.0,40540.26
MSI GAMING Z,GeForce RTX 2060,6.0,1365.0,1830.0,Black / Gray,247.0,53168.020000000004
Asus ROG STRIX GAMING OC,GeForce RTX 4070 SUPER,12.0,1980.0,2670.0,Black,339.0,71339.42
Zotac GAMING AMP,GeForce RTX 5060 Ti,8.0,2410.0,2632.0,Black,220.0,23199.420000000002
Asus DUAL OC,Radeon RX 6750 XT,12.0,2150.0,2618.0,Black / Silver,295.0,56260.0
MSI RTX 3090 SUPRIM X 24G,GeForce RTX 3090,24.0,1395.0,1875.0,Silver,336.0,96164.0
MSI Radeon RX 6900 XT GAMING X TRIO 16G,Radeon RX 6900 XT,16.0,1825.0,2340.0,Silver / Black,324.0,65830.58
XFX GTS,Radeon RX 580,8.0,1405.0,1425.0,Black / Red,270.0,17069.4
PowerColor ITX,Radeon RX 6500 XT,4.0,2310.0,,Black,165.0,8688.400000000001
Sapphire NITRO+,Radeon RX 6800 XT,16.0,1825.0,,Black / Silver,310.0,52084.0
Asus STRIX-GTX960-DC2OC-2GD5,GeForce GTX 960,2.0,1228.0,1291.0,Black,215.0,14442.0
Gigabyte GAMING OC,Radeon RX 6600 XT,8.0,1968.0,2593.0,Black / Silver,282.0,34162.0
XFX RX-97TMAQKW9,Radeon RX 9070 XT,16.0,2400.0,2970.0,White,360.0,70826.70000000001
Asus ProArt OC,GeForce RTX 4060,8.0,1830.0,2580.0,Black / Gold,300.0,41760.0
MSI GAMING X TRIO,Radeon RX 6950 XT,16.0,1890.0,2454.0,Silver / Black,325.0,72442.0
Asus TUF Gaming EVO OC,GeForce GTX 1660 Ti,6.0,1500.0,1845.0,Black / Gray,206.0,24360.0
Zotac GAMING Twin Edge OC,GeForce RTX 5060,8.0,2280.0,2527.0,Black,220.0,17979.420000000002
Gigabyte GAMING OC,GeForce RTX 3090,24.0,1395.0,1755.0,Black / Gray,320.0,91059.42
Asus DUAL OC,Radeon RX 6600 XT,8.0,1968.0,2607.0,Black / White,243.0,31842.0
Zotac GAMING SOLO,GeForce RTX 3050 6GB,6.0,1040.0,1470.0,Black,151.0,16154.739999999998
Zotac GAMING AMP Holo,GeForce RTX 3070 Ti,8.0,1575.0,1830.0,Black / Silver,317.0,33987.42
MSI GAMING X TRIO,Radeon RX 6750 XT,12.0,2150.0,2623.0,Silver / Black,327.0,52980.68
MSI Radeon RX 6800 XT Gaming X Trio 16G,Radeon RX 6800 XT,16.0,1850.0,2285.0,Silver / Black,324.0,67888.42
Asus DUAL,GeForce GTX 1060 3GB,3.0,1594.0,1809.0,White,242.0,20010.0
MSI GeForce RTX 2080 TI VENTUS 11G OC,GeForce RTX 2080 Ti,11.0,1350.0,1635.0,Silver / Black,268.0,57884.0
EVGA FTW3 ULTRA GAMING LHR,GeForce RTX 3080 10GB LHR,10.0,1440.0,1800.0,Black,300.0,46399.42
AMD 100-505999,Radeon Pro WX 3100,4.0,925.0,1219.0,Blue,168.0,8117.68
Gigabyte GAMING OC Rev 2.0,GeForce RTX 3080 10GB LHR,10.0,1440.0,1800.0,Black / Gray,320.0,49299.42
EVGA Black,GeForce RTX 2080 Ti,11.0,1350.0,1545.0,Black / Clear,270.0,57884.0
PNY VCQRTX5000-PB,Quadro RTX 5000,16.0,1620.0,1815.0,Silver / Black,267.0,43497.68
MSI MSI RTX 2070 Ventus 8G Video Card,GeForce RTX 2070,8.0,1410.0,1620.0,Silver / Black,226.0,38222.0
PNY ARGB EPIC-X RGB OC,GeForce RTX 5060,8.0,2280.0,2580.0,Black,280.0,19719.420000000002
EVGA SC GAMING,GeForce RTX 2060,6.0,1365.0,1710.0,Black,190.0,34162.0
PNY VCQP400-PB,Quadro P400,2.0,1070.0,1170.0,Black,145.0,5219.42
MSI SUPRIM X,GeForce RTX 3070 Ti,8.0,1575.0,1875.0,Black / Silver,335.0,96714.42
PowerColor Red Devil,Radeon RX 6600 XT,8.0,1968.0,2607.0,Black,251.0,34742.0
Gainward Phantom,GeForce RTX 5090,32.0,2010.0,,Black,332.0,192813.46
MSI RTX 4090 GAMING SLIM 24G,GeForce RTX 4090,24.0,2235.0,2535.0,Black,322.0,178060.0
MSI Ventus XS OCV1,GeForce GTX 1650 G6,4.0,1410.0,1620.0,Black / Silver,179.0,14210.0
PNY VCNRTX2000ADAS-LLP,RTX 2000E Ada Generation,16.0,,,Black,168.0,43499.42
Gigabyte GAMING OC Rev 2.0,GeForce RTX 3070 LHR,8.0,1500.0,1815.0,Black,286.0,40542.0
Asus STRIX GAMING OC,GeForce RTX 2060,6.0,1365.0,1860.0,Black,300.0,34742.0
Gigabyte GAMING,Radeon RX 570,4.0,1168.0,1255.0,Black / Orange,232.0,16819.420000000002
PNY XLR8 Gaming VERTO EPIC-X RGB OC,GeForce RTX 4070 Ti SUPER,16.0,2340.0,2655.0,Black,333.0,72498.26
PNY XLR8 Gaming REVEL EPIC-X RGB,GeForce RTX 3060 12GB,12.0,1320.0,,Black,170.0,36250.0
Gigabyte GAMING,Radeon RX 9060 XT,8.0,2220.0,,Black,281.0,17399.420000000002
MSI VENTUS 2X OC,GeForce RTX 4070 SUPER,12.0,1980.0,2520.0,White,242.0,63162.0
MSI ARMOR OC,GeForce GTX 1660 Ti,6.0,1500.0,1860.0,Black / White,243.0,34355.14
Sapphire PULSE BE,Radeon RX 5700 XT,8.0,1605.0,1925.0,Black / Gray,254.0,34742.0
PowerColor Red Devil OC,Radeon RX 9070,16.0,2170.0,2700.0,Black / Red,340.0,45239.42
EVGA XC3 ULTRA GAMING,GeForce RTX 3090,24.0,1395.0,1725.0,Black / Red,285.0,92684.0
Zotac AMP,GeForce GTX 1060 6GB,6.0,1556.0,1771.0,Black / Silver,210.0,22910.0
Zotac GAMING,GeForce GTX 1660 Ti,6.0,1500.0,1770.0,Black,173.0,21975.04
PNY VCQM2000-PB,Quadro M2000,4.0,872.0,1180.0,Black,168.0,5458.38
AMD RADEON PRO WX 4100,Radeon Pro WX 4100,4.0,925.0,975.0,Blue,168.0,9222.0
Asus TUF Gaming OG OC,GeForce RTX 4070 Ti SUPER,16.0,2340.0,2670.0,Black,326.0,68962.0
Asus GT730-4H-SL-2GD5,GeForce GT 730,2.0,902.0,927.0,Blue,148.0,6443.22
EVGA SC GAMING,GeForce GTX 1060 3GB,3.0,1607.0,1835.0,Black,173.0,15583.44
MSI GAMING TRIO,GeForce RTX 4090,24.0,2235.0,,Black,337.0,179162.0
Inno3D Twin X2,GeForce RTX 3050 6GB,6.0,1040.0,1470.0,Gray / Black,222.0,14892.66
MSI ARMOR,GeForce RTX 2070,8.0,1410.0,1740.0,Black / Silver,309.0,38222.0
Gigabyte GAMING OC,Radeon RX 6800,16.0,1815.0,2155.0,Silver / Black,286.0,46342.0
MSI GAMING X TRIO,GeForce RTX 3060 12GB,12.0,1320.0,1852.0,Black,323.0,38104.840000000004
PNY RTX A-Series,RTX A5000,24.0,1170.0,1695.0,Black,267.0,108205.95999999999
Gigabyte AERO OC,GeForce RTX 4070 Ti,12.0,2310.0,2640.0,White / Silver,336.0,80910.0
Yeston Sakura,GeForce RTX 5070,12.0,2325.0,2572.0,White / Blue,342.0,43442.0
PNY VCNRTX4500ADA-PB,RTX 4500 Ada Generation,24.0,2070.0,2580.0,Black / Gold,245.0,135138.84
Asus Turbo,GeForce GTX 1080 Ti,11.0,1480.0,1582.0,Black / White,267.0,31610.0
XFX Speedster MERC 319 Black,Radeon RX 6700 XT,12.0,2321.0,2622.0,Black,323.0,58812.0
Gigabyte EAGLE,Radeon RX 6600 XT,8.0,1968.0,2589.0,Black / Silver,282.0,34162.0
Asus STRIX GAMING OC,Radeon RX 5600 XT,6.0,1247.0,1770.0,Black,304.0,28884.0
Gainward Phantom GS,GeForce RTX 4080,16.0,2205.0,2640.0,Black,329.0,265048.4
EVGA XC GAMING,GeForce RTX 2060,12.0,1365.0,1680.0,Black,268.0,24359.420000000002
MSI GAMING X SLIM,GeForce RTX 4070,12.0,1920.0,2625.0,Black / Gray,307.0,57999.42
Asus ProArt OC,GeForce RTX 4070 SUPER,12.0,1980.0,2565.0,Black / Gold,300.0,75110.0
MSI GTX 1070 TI TITANIUM 8G,GeForce GTX 1070 Ti,8.0,1607.0,1683.0,Black / Silver,279.0,28942.0
Asus ROG STRIX GAMING OC,GeForce RTX 4080,16.0,2205.0,2655.0,White,358.0,92799.42
Gigabyte EAGLE OC,GeForce RTX 3070 Ti,8.0,1575.0,1800.0,Black,283.0,46110.0
Acer Predator BiFrost OC,Radeon RX 9070,16.0,2070.0,2700.0,Black / Silver,297.0,52197.100000000006
Gigabyte WINDFORCE V2,GeForce RTX 4090,24.0,2235.0,2520.0,Black,331.0,173420.0
MSI INSPIRE 2X OC,GeForce RTX 5060,8.0,2280.0,2550.0,Gold / Black,204.0,19139.420000000002
MSI MECH 2X,Radeon RX 6700 XT,12.0,2321.0,,Black / Silver,247.0,42804.0
VisionTek 901491,Radeon HD 6570,1.0,480.0,,Black,150.0,3653.42
AMD RADEON PRO WX 5100,Radeon Pro WX 5100,8.0,926.0,1206.0,Blue,173.0,10590.8
MSI SHADOW 2X OC,GeForce RTX 5050,8.0,2317.0,2617.0,Black,197.0,14499.42
Asus DUAL,GeForce RTX 4070,12.0,1920.0,2505.0,Black,267.0,60784.0
Palit KalmX,GeForce RTX 3050 6GB,6.0,1040.0,1470.0,Silver / Black,166.0,15640.86
MSI DUKE OC,GeForce GTX 1080 Ti,11.0,1531.0,1645.0,Black,320.0,28710.0
Zotac MINI,GeForce GTX 1070,8.0,1518.0,1708.0,Black / Silver,210.0,26622.0
PNY VCQP2000-PB,Quadro P2000,5.0,1370.0,1470.0,Black,201.0,11020.0
MSI SUPRIM X,GeForce RTX 3080 Ti,12.0,1365.0,1845.0,Black / Silver,336.0,76850.0
EVGA XC3 BLACK GAMING,GeForce RTX 3070,8.0,1500.0,1725.0,Black / Silver,285.0,40599.42
Zotac GAMING AMP Holo,GeForce RTX 3080 Ti,12.0,1365.0,1710.0,Black / Silver,318.0,58433.840000000004
EVGA XC3 ULTRA GAMING iCX3,GeForce RTX 3070 LHR,8.0,1500.0,1770.0,Black,285.0,35902.0
Asus ROG STRIX BTF GAMING OC,GeForce RTX 4090,24.0,2235.0,2640.0,Black,358.0,202999.41999999998
Asus DUAL V2,Radeon RX 6600,8.0,1626.0,2491.0,Black,243.0,25230.0
AMD 100-506095,Radeon Pro W5500,8.0,1354.0,1900.0,Blue / White,241.0,10613.42
MSI GAMING X SLIM,GeForce RTX 4060 Ti,16.0,2310.0,2685.0,White,307.0,57999.42
Gigabyte AERO OC V2,GeForce RTX 4070 Ti,12.0,2310.0,2640.0,White / Silver,300.0,78010.0
Gigabyte GAMING OC,GeForce RTX 4070,12.0,1920.0,2565.0,Black,300.0,66120.0
EVGA SC GAMING ACX 3.0,GeForce GTX 1080,8.0,1708.0,1847.0,Black / Silver,267.0,35614.899999999994
Asus TUF Gaming BTF OC,GeForce RTX 4070 Ti,16.0,2310.0,2670.0,White,305.0,92213.04000000001
MSI GAMING X,GeForce GTX 1650 G5,4.0,1485.0,1860.0,Black,245.0,20010.0
MSI VENTUS 3X PLUS OC,GeForce RTX 3080 12GB LHR,12.0,1260.0,1740.0,Black / Gray,305.0,68962.0
Gigabyte WINDFORCE OC,GeForce GTX 1070,8.0,1556.0,1771.0,Black / Orange,280.0,24940.0
MSI ARMOR OC,GeForce GTX 1080,8.0,1657.0,1797.0,Black / White,279.0,34684.0
Asus TUF GAMING,GeForce RTX 4080,16.0,2205.0,2535.0,Black,348.0,109562.0
Asus ProArt OC,GeForce RTX 4080,16.0,2205.0,2625.0,Black / Gold,300.0,113564.0
MSI DUKE,GeForce GTX 1070 Ti,8.0,1607.0,1683.0,Black,312.0,23142.0
Asus GTXTITANX-12GD5,GeForce GTX Titan X,12.0,1075.0,1000.0,Black / Silver,267.0,46342.0
Palit StormX,GeForce GTX 1050 Ti,4.0,1290.0,1392.0,Black,166.0,21385.18
EVGA SC ULTRA GAMING,GeForce GTX 1650 SUPER,4.0,1530.0,1755.0,Black,202.0,18405.14
Zotac GAMING Twin Edge OC,GeForce RTX 3050 8GB,8.0,1550.0,1807.0,Black / Silver,224.0,19719.420000000002
Gigabyte GAMING OC PRO Rev 3.0,GeForce RTX 3060 Ti LHR,8.0,1410.0,1770.0,Black,281.0,34728.08
NVIDIA 9001G4012500000,GeForce GTX 980,4.0,1126.0,1216.0,Black / Silver,267.0,22562.0
PNY VCQP4000-PB,Quadro P4000,8.0,1227.0,1480.0,Black / Green,242.0,17435.38
Zotac ZT-P10300A-10L,GeForce GT 1030,2.0,1227.0,1468.0,Black,173.0,7203.0199999999995
NVIDIA 900-5G172-2580-000,RTX A1000,8.0,727.0,1462.0,Black,163.0,28990.14
Gigabyte GAMING OC 3X,GeForce RTX 2070 SUPER,8.0,1605.0,1815.0,Black,286.0,46110.0
Asus ROG STRIX GAMING OC,Radeon RX 6700 XT,12.0,2321.0,,Black / Silver,322.0,46110.0
PNY VCNRTX5000ADA-PB,RTX 5000 Ada Generation,32.0,1620.0,2130.0,Black,267.0,237853.94
Gigabyte AORUS XTREME,GeForce RTX 3090,24.0,1395.0,1860.0,Black,319.0,92684.0
MSI GAMING X,GeForce GTX 1650 SUPER,4.0,1530.0,1755.0,Black / Silver,248.0,21982.0
MSI GeForce GTX 1650 SUPER,GeForce GTX 1650 SUPER,4.0,1530.0,1740.0,Black / White,175.0,29336.4
Zotac GAMING AMP,GeForce RTX 4080 SUPER,16.0,2210.0,2610.0,Black,308.0,102659.42
ASRock Challenger D OC,Radeon RX 5500 XT,8.0,1685.0,1845.0,Black / Yellow,241.0,23856.56
HP C2J92AA,Quadro K600,1.0,876.0,,Black / Green,160.0,3780.4400000000005
MSI GeForce RTX 3070 Ventus 3X 8G OC LHR,GeForce RTX 3070 LHR,8.0,1500.0,1755.0,Black,305.0,42630.0
Asus ROG STRIX GAMING OC,Radeon RX 6650 XT,8.0,2055.0,2694.0,Black / Gray,281.0,26679.420000000002
PNY UPRISING,GeForce RTX 3070,8.0,1500.0,1725.0,Black,265.0,41698.520000000004
MSI N730-2GD3V3,GeForce GT 730,2.0,700.0,,White,145.0,6236.16
Asus TUF GAMING OC,GeForce RTX 3080 12GB LHR,12.0,1260.0,1815.0,Black / Silver,300.0,66410.0
Asus TUF GAMING OC P,GeForce GTX 1650 G6,4.0,1410.0,1785.0,Black,206.0,14847.42
AMD 100-300000078,Radeon PRO W7500,8.0,1500.0,1700.0,Black,216.0,24882.0
Asus Turbo,GeForce RTX 2080 Ti,11.0,1350.0,,Black,269.0,50402.0
Gigabyte TURBO,GeForce RTX 3090,24.0,1395.0,1695.0,Black,267.0,89900.0
MSI VENTUS 2X OCV1,GeForce RTX 3060 Ti LHR,8.0,1410.0,1695.0,Black / Gray,235.0,28277.32
MSI GAMING Z TRIO,GeForce RTX 3080 12GB LHR,12.0,1260.0,1815.0,Black / Gray,323.0,68962.0
EVGA SSC DT,GeForce GTX 1060 6GB,6.0,1506.0,1708.0,Black / Silver,267.0,18559.420000000002
Gigabyte GV-N107TGAMING-8GD,GeForce GTX 1070 Ti,8.0,1607.0,1721.0,Black / Orange,280.0,23142.0
Gigabyte EAGLE OC,GeForce RTX 4070,12.0,1920.0,2505.0,Black,261.0,66700.0
Gainward Ghost,GeForce RTX 5060 Ti,8.0,2410.0,2572.0,Black,262.0,50138.68
Gigabyte GAMING OC,GeForce RTX 2080,8.0,1515.0,,Black,286.0,44022.0
MSI GeForce RTX 3070 VENTUS 3X,GeForce RTX 3070,8.0,1500.0,1725.0,Black / Silver,305.0,30983.020000000004
Asus Turbo,GeForce GTX 1060 6GB,6.0,1506.0,1708.0,Black,267.0,22039.420000000002
ASRock Phantom Gaming D OC,Radeon RX 6900 XT,16.0,1925.0,2340.0,Black / Silver,330.0,62930.0
EVGA FTW DT GAMING,GeForce GTX 1080,8.0,1607.0,1733.0,Black / Gray,267.0,28130.0
Asus ROG STRIX GAMING OC V2,GeForce RTX 3080 10GB LHR,10.0,1440.0,1935.0,Black,318.0,63742.0
MSI ARMOR OC,GeForce GTX 1660,6.0,1530.0,1845.0,Black / White,243.0,13416.56
Gigabyte AORUS MASTER,GeForce RTX 3080 Ti,12.0,1365.0,1770.0,Black,320.0,89842.0
Zotac GAMING AMP Extreme INFINITY ULTRA,GeForce RTX 5080,16.0,2300.0,2730.0,Black,332.0,104415.08
XFX GTS,Radeon RX 580,8.0,1257.0,1405.0,Black / Red,270.0,12759.42
XFX Speedster MERC 308 Black,Radeon RX 6650 XT,8.0,2055.0,2694.0,Silver / Black,274.0,34530.3
Palit Infinity 3,GeForce RTX 5060,8.0,2280.0,2497.0,,292.0,27827.239999999998
MSI GAMING Z TRIO V1,Radeon RX 6800,16.0,1700.0,2155.0,Black / Silver,324.0,36539.42
MSI GAMING X TRIO,GeForce RTX 4080,16.0,2205.0,2610.0,White,337.0,115710.0
PowerColor Red Dragon,Radeon RX 550 - 512,4.0,1100.0,1071.0,Black,181.0,9564.2
MSI GAMING,Radeon R9 390,8.0,1000.0,1060.0,Black / Red,277.0,22562.0
Gigabyte GAMING OC,Radeon RX 6900 XT,16.0,1825.0,2285.0,Black / Silver,286.0,113796.0
AMD 100-505724,FirePro W7100,8.0,824.0,,Black / Red,279.0,11017.68
MSI GAMING Z TRIO,GeForce RTX 3070 LHR,8.0,1500.0,1845.0,Black / Silver,323.0,55041.42
Palit GameRock OC,GeForce RTX 5070 Ti,16.0,2300.0,2512.0,Black,332.0,74215.64
Asus KO Gaming OC,GeForce RTX 3070,8.0,1500.0,1845.0,Black / Silver,275.0,42630.0
Gigabyte AI TOP,GeForce RTX 4070 Ti SUPER,16.0,2340.0,2610.0,Black,260.0,78242.0
Palit GamingPro OC,GeForce RTX 5070,12.0,2325.0,2572.0,Black,332.0,52095.020000000004
Gigabyte GV-N1030SL-2GL,GeForce GT 1030,2.0,1252.0,1506.0,White,175.0,10614.0
Asus TURBO-GTX1070-8G,GeForce GTX 1070,8.0,1506.0,1683.0,Black / Silver,267.0,27782.0
EVGA XC BLACK GAMING,GeForce GTX 1660 Ti,6.0,1500.0,1770.0,,190.0,25230.0
EVGA XC GAMING,GeForce RTX 2070,8.0,1410.0,1710.0,Clear / Black,269.0,39150.0
Asus Turbo,GeForce GTX 1080,8.0,1607.0,1733.0,Black / Silver,267.0,28710.0
AMD 100-300000075,Radeon PRO W7800,32.0,1855.0,2499.0,Black,280.0,138164.12
Zotac GAMING AMP AIRO Spider-Man: Across the Spider-Verse,GeForce RTX 4070 Ti,12.0,2310.0,2670.0,Black,308.0,57999.42
MSI GAMING X,Radeon RX 6700 XT,12.0,2321.0,,Black / Silver,279.0,43848.0
Asus STRIX LC GAMING OC,GeForce RTX 3090 Ti,24.0,1560.0,1980.0,Silver / Black,293.0,86999.42
AMD 100-506061,Vega Frontier Edition,16.0,1440.0,1600.0,Blue / Gold,267.0,66642.0
Gigabyte GAMING OC PRO,Radeon RX 6600 XT,8.0,1968.0,2607.0,Black / Silver,282.0,32480.0
Sparkle ROC OC,Arc A750,8.0,2050.0,2200.0,Black,281.0,13323.76
Zotac GAMING Trinity OC,GeForce RTX 4080,16.0,2205.0,2520.0,Black,356.0,106719.42
PNY VCQK4200-PB,Quadro K4200,4.0,771.0,,Black / Silver,241.0,9802.0
PNY VCQRTX6000-PB,Quadro RTX 6000,24.0,1440.0,1770.0,Black / Silver,267.0,107010.0
Asus PRIME OC,GeForce RTX 5050,8.0,2317.0,2707.0,Black,268.0,16819.420000000002
PNY T-Series,T400 4GB,4.0,420.0,1425.0,Black / Gray,156.0,10382.0
EVGA 01G-P3-1302-LR,GeForce 8400 GS,1.0,520.0,,Black / Green,158.0,4344.78
EVGA FTW3 ULTRA GAMING,GeForce RTX 3060 Ti LHR,8.0,1410.0,1800.0,Black,285.0,28236.719999999998
Asus DUAL,GeForce RTX 4070 SUPER,12.0,1980.0,2505.0,Black,267.0,75110.0
Zotac GAMING Twin Edge,GeForce RTX 5050,8.0,2317.0,2572.0,Black,220.0,22080.02
EVGA Founders Edition,GeForce GTX 1080 Ti,11.0,1480.0,1582.0,Black / Silver,267.0,40310.0
PNY Dual Fan,GeForce RTX 5060 Ti,16.0,2407.0,2572.0,Black,245.0,27839.420000000002
Gigabyte EAGLE OC,GeForce RTX 5060 Ti,8.0,2410.0,2617.0,Black,215.0,27015.239999999998
MSI MECH 2X V1,Radeon RX 6750 XT,12.0,2150.0,2600.0,Black / Silver,249.0,49242.0
EVGA KO GAMING,GeForce RTX 2060,6.0,1365.0,1680.0,Gray / Black,202.0,27550.0
PowerColor Red Devil OC,Radeon RX 6900 XT,16.0,2015.0,2340.0,Black,332.0,42339.42
Asus ROG STRIX GAMING,GeForce RTX 4080,16.0,2205.0,2535.0,Black,358.0,86999.42
Asus ROG STRIX,Radeon RX 580,8.0,1257.0,1380.0,Black,298.0,29579.420000000002
Gainward Phantom GS,GeForce RTX 5090,32.0,2010.0,,Black,332.0,214170.22
MSI VENTUS 2X OC,GeForce RTX 4070 Ti,12.0,2310.0,2655.0,Silver / Black,242.0,69599.42
Gigabyte WINDFORCE OC,GeForce RTX 3060 Ti LHR,8.0,1665.0,1680.0,Black / Silver,198.0,35456.560000000005
Asus ROG STRIX GAMING,GeForce RTX 4070 Ti,12.0,2310.0,2640.0,Black,336.0,75284.0
EVGA GAMING,GeForce GTX 1080 Ti,11.0,1480.0,1582.0,Black / Silver,267.0,34219.42
Sapphire PULSE,Radeon RX VEGA 56,8.0,1208.0,1512.0,Black / Red,282.0,23142.0
MSI SUPRIM X,GeForce RTX 4070 Ti,12.0,2310.0,2790.0,Black / Silver,338.0,75284.0
Asus TUF GAMING OC,Radeon RX 6800,16.0,1700.0,2190.0,Black,310.0,74762.0
Asus DUAL EVO,GeForce RTX 2060 12GB,12.0,1470.0,1680.0,Black,242.0,39730.0
MSI VANGUARD SOC LAUNCH EDITION,GeForce RTX 5070,12.0,2160.0,,Black,337.0,52488.26
Zotac AMP Extreme Core Holo,GeForce RTX 3090 Ti,24.0,1560.0,1890.0,Black,356.0,107242.0
Asus TUF GAMING,GeForce RTX 3080 Ti,12.0,1365.0,1695.0,Black,300.0,72499.42
Asus Phoenix,GeForce RTX 3050 8GB,8.0,1550.0,1807.0,Black,177.0,17399.420000000002
Sapphire NITRO+ SE,Radeon RX 6900 XT,16.0,1825.0,2365.0,Black / White,310.0,69542.0
EVGA XC ULTRA GAMING,GeForce RTX 2080 Ti,11.0,1350.0,1650.0,Black / Clear,270.0,57884.0
MSI AERO,GeForce GTX 1080 Ti,11.0,1506.0,1620.0,Black / Green,269.0,34742.0
Asus DUAL OC,GeForce RTX 3060 8GB,8.0,1320.0,1867.0,Black,200.0,25462.0
PNY VERTO,GeForce RTX 4080,16.0,2205.0,2505.0,Black,332.0,110142.0
Gigabyte AORUS MASTER,Radeon RX 6800,16.0,1700.0,2190.0,Black,324.0,44659.42
Gigabyte GV-N105TD5-4GD,GeForce GTX 1050 Ti,4.0,1290.0,1430.0,Black / Orange,172.0,24998.0
EVGA FTW3 ULTRA GAMING,GeForce RTX 2070 SUPER,8.0,1605.0,1815.0,Transparent,302.0,59682.0
Asus DUAL OC,GeForce RTX 3060 Ti,8.0,1410.0,1740.0,Black / Silver,269.0,48720.0
Zotac GAMING AMP,GeForce RTX 2080 Ti,11.0,1350.0,1665.0,Black,308.0,58000.0
Asus DirectCU II,GeForce GTX 760,2.0,1006.0,,Black / Red,218.0,15602.0
MSI VENTUS 2X OC,GeForce RTX 4070,12.0,1920.0,2520.0,White / Silver,242.0,74762.0
Zotac GAMING OC,GeForce GTX 1650 G5,4.0,1485.0,1695.0,Black / Silver,151.0,18850.0
Gigabyte AORUS,Radeon RX 5700 XT,8.0,1770.0,2010.0,Black,290.0,37642.0
AMD 100-300000006,Radeon PRO W7700,16.0,1900.0,2600.0,,241.0,56200.840000000004
Asus TUF GAMING OC,GeForce GTX 1650 G6,4.0,1410.0,1680.0,Black,204.0,19430.0
MSI GAMING X TRIO,GeForce RTX 4070 Ti,12.0,2310.0,2760.0,White / Silver,337.0,86884.0
EVGA FTW3 ULTRA GAMING iCX3,GeForce RTX 3070 LHR,8.0,1500.0,1815.0,Black,300.0,36192.0
ASRock Phantom Gaming D,Radeon RX 570,4.0,1168.0,1244.0,Black,236.0,24934.199999999997
MSI GT 1030 2GHD4 LP OC,GeForce GT 1030 DDR4,2.0,1189.0,1430.0,Black,150.0,9859.42
PowerColor Hellhound,Radeon RX 6600,8.0,1626.0,2491.0,Black / White,220.0,28710.0
PNY XLR8 Gaming VERTO EPIC-X RGB OC,GeForce RTX 4070 Ti,12.0,2310.0,2670.0,Black,332.0,72442.0
XFX GTS,Radeon RX 580,8.0,1405.0,1425.0,Black / Red,270.0,16605.4
Inno3D X3 OC,GeForce RTX 5070,12.0,2325.0,2542.0,Black / Silver,300.0,45379.78
AMD 100-506189,Radeon PRO W6400,4.0,2331.0,2331.0,Blue,168.0,12504.22
XFX THICC II,Radeon RX 5700 XT,8.0,1605.0,1905.0,Black,293.0,36830.0
PNY XLR8 Gaming EPIC-X RGB,GeForce RTX 3090,24.0,1395.0,1695.0,Black,294.0,98542.0
ASRock Phantom Gaming OC,Radeon RX 7600,8.0,1720.0,2755.0,Black,305.0,18677.16
Gigabyte WINDFORCE,GeForce GTX 1070 Ti,8.0,1632.0,1721.0,Black / Orange,280.0,28942.0
AMD 100-506208,Radeon PRO W6600,8.0,2331.0,2580.0,Blue,241.0,18037.420000000002
Gigabyte GV-N108TGAMINGOC BLACK-11GD,GeForce GTX 1080 Ti,11.0,1544.0,1657.0,Black,280.0,28710.0
Gigabyte EAGLE OC,GeForce RTX 3080 10GB,10.0,1440.0,1755.0,Black,320.0,57999.42
XFX Black Edition,Radeon RX 580,8.0,1405.0,1425.0,Black / White,279.0,15798.039999999999
MSI VENTUS 3X,GeForce RTX 4080,16.0,2205.0,2520.0,Black,322.0,109619.42
MSI Radeon RX 6900 XT GAMING Z TRIO 16G,Radeon RX 6900 XT,16.0,1825.0,2425.0,Silver / Black,324.0,46399.42
Asus ROG STRIX GAMING,GeForce RTX 4080 SUPER,16.0,2210.0,2580.0,Black,358.0,144998.84
Asus ROG STRIX GAMING OC,Radeon RX 6750 XT,12.0,2150.0,2623.0,Black / Gray,322.0,39439.42
Asus STRIX-R9390-DC3OC-8GD5-GAMING,Radeon R9 390,8.0,1050.0,,Black / Red,300.0,17342.0
EVGA 02G-P4-6338-KR,GeForce GT 1030,2.0,1290.0,1544.0,Gray,168.0,7539.42
EVGA XC ULTRA GAMING,GeForce GTX 1660 Ti,6.0,1500.0,1860.0,Black,268.0,31842.0
Sapphire NITRO+,Radeon RX 6800,16.0,1700.0,,Black / Silver,310.0,56202.0
PNY Blower,GeForce RTX 2080 Ti,11.0,1350.0,1545.0,Black,267.0,56782.0
VisionTek 900356,Radeon HD 5450,2.0,,,Black / Red,,3776.96
Asus ROG STRIX,Radeon RX 480,8.0,1120.0,1286.0,Black,298.0,21982.0
MSI VENTUS 2X OC,GeForce RTX 5050,8.0,2317.0,2617.0,Silver / Black,197.0,15659.42
Gigabyte AORUS ELITE Rev 2.0,GeForce RTX 3060 Ti LHR,8.0,1410.0,1785.0,Black,296.0,42340.0
PowerColor Red Dragon,Radeon RX 5600 XT,6.0,1247.0,1620.0,Black / Silver,240.0,33002.0
Zotac ZT-71302-20L,GeForce GT 710,2.0,954.0,,Black,144.0,4058.84
MSI VENTUS,GeForce RTX 2080,8.0,1515.0,1710.0,Silver / Black,268.0,42630.0
Zotac ZT-70601-10M,GeForce GTX 750 Ti,2.0,1033.0,1111.0,Black / Orange,144.0,22910.0
Zotac GAMING Twin Edge OC,GeForce RTX 5050,8.0,2317.0,2602.0,Black,220.0,15659.42
XFX RX-580P427D6,Radeon RX 580,4.0,1366.0,1386.0,Black / Red,270.0,20822.0
EVGA SC BLACK GAMING,GeForce RTX 2060 SUPER,8.0,1470.0,1650.0,Black / Silver,268.0,36830.0
MSI AERO,GeForce GTX 1070 Ti,8.0,1607.0,1683.0,Black / White,269.0,28884.0
EVGA FTW3 ULTRA GAMING,GeForce RTX 2080 SUPER,8.0,1650.0,1845.0,Transparent / Black,302.0,74762.0
Zotac GAMING SOLO,GeForce RTX 3050 8GB,8.0,1550.0,1777.0,Black,168.0,19260.64
EVGA SSC ACX 2.0+,GeForce GTX 970,4.0,1190.0,1342.0,Black / Blue,257.0,20822.0
Gigabyte GAMING OC,GeForce RTX 3090 Ti,24.0,1560.0,1905.0,Black,331.0,133284.0
AMD 100-506157,Radeon PRO W6800,32.0,2075.0,2320.0,Blue / Gray,267.0,133397.68
Gigabyte AORUS MASTER Rev 2.0,GeForce RTX 3070 LHR,8.0,1500.0,1845.0,Black,290.0,46284.0
EVGA 256-P2-N429-LR,GeForce 7200 GS,0.25,450.0,,Black / Green,,4058.84
PNY Blower,GeForce RTX 2070 SUPER,8.0,1605.0,1770.0,Black,281.0,37410.0
PNY VCQP5000-PB,Quadro P5000,16.0,1607.0,1733.0,Black / Green,,34684.0
PNY T-Series,T1000 8GB,8.0,1065.0,1395.0,Black / Gray,156.0,26622.0
EVGA FTW3 GAMING,GeForce RTX 3090 Ti,24.0,1560.0,1890.0,Black,300.0,115710.0
Gigabyte AORUS ELITE,Radeon RX 6750 XT,12.0,2150.0,2623.0,Black / Gray,296.0,73447.14
MSI GAMING X SLIM,GeForce RTX 4070 Ti,12.0,2310.0,2745.0,Black,307.0,78010.0
Asus TUF GAMING OC,GeForce RTX 3060 Ti,8.0,1410.0,1785.0,Black,301.0,46399.42
Gigabyte GAMING OC PRO,GeForce RTX 3060 Ti,8.0,1410.0,1770.0,Black / Silver,286.0,57940.26
Zotac GAMING Trinity OC,GeForce RTX 3080 12GB LHR,12.0,1260.0,1725.0,Black,318.0,69365.1
EVGA XC3 BLACK GAMING,GeForce RTX 3080 10GB,10.0,1440.0,1710.0,Black,285.0,63684.0
Asus ROG STRIX,Radeon RX VEGA 64,8.0,1247.0,1590.0,Black / Red,298.0,28942.0
MSI GT LP,GeForce GT 710,1.0,954.0,,Black,129.0,4058.84
AMD 100-505957,Radeon Pro WX 9100,16.0,1200.0,1500.0,Blue,267.0,51037.68
PNY XLR8 Gaming VERTO EPIC-X RGB OC,GeForce RTX 4080,16.0,2205.0,2550.0,Black,332.0,104284.0
Gigabyte AORUS MASTER,GeForce RTX 4080,16.0,2205.0,2550.0,Black,357.0,110084.0
Asus STRIX GAMING,GeForce RTX 2080 Ti,11.0,1350.0,1560.0,Black,305.0,57942.0
EVGA FTW GAMING ACX 3.0,GeForce GTX 1050 Ti,4.0,1379.0,1493.0,Black,257.0,14499.42
EVGA FTW ACX 2.0,GeForce GTX 950,2.0,1203.0,1405.0,Black,257.0,14790.0
PNY VCGGTX10708XPB-OC-BB,GeForce GTX 1070,8.0,1518.0,1708.0,,267.0,23142.0
MSI Radeon RX 480 4G,Radeon RX 480,4.0,1120.0,1266.0,Black,242.0,23142.0
Zotac GAMING Twin Edge OC,GeForce RTX 5050,8.0,2317.0,2602.0,White / Copper,220.0,16239.42
AMD FirePro W2100,FirePro W2100,2.0,630.0,,Black / Red,,5219.42
EVGA FTW2 GAMING iCX,GeForce GTX 1070 Ti,8.0,1607.0,1683.0,Black / Silver,267.0,31842.0
PNY Dual Fan,GeForce RTX 5060 Ti,8.0,2407.0,2572.0,Black,245.0,22385.1
Asus STRIX,GeForce GTX 980,4.0,1178.0,1279.0,Black / Red,289.0,21982.0
EVGA K|NGP|N HYBRID GAMING,GeForce RTX 3090,24.0,1395.0,1920.0,Black,289.0,106720.0
PowerColor AX5450 512MK3-SH,Radeon HD 5450,0.5,650.0,,Black / Red,,3767.1000000000004
VisionTek SFF,Radeon HD 7750,2.0,800.0,,Red,130.0,7806.22
AMD 100-300000077,Radeon PRO W7600,8.0,1720.0,2440.0,Black,241.0,33580.840000000004
MSI ARMOR OCV1,GeForce GTX 1060 6GB,6.0,1544.0,1759.0,Black / White,275.0,23084.0
Zotac GAMING Trinity,GeForce RTX 3070 Ti,8.0,1575.0,1770.0,Black / Silver,318.0,52199.42
Gigabyte GAMING OC Rev 2.0,GeForce RTX 3060 Ti LHR,8.0,1410.0,1740.0,Black,282.0,40484.0
XFX Speedster SWFT 210 Core 2,Radeon RX 7800 XT,16.0,1295.0,2430.0,Black,283.0,45180.840000000004
EVGA SC ULTRA GAMING,GeForce GTX 1650 G5,4.0,1485.0,1860.0,Black,202.0,17594.88
MSI DUKE,GeForce RTX 2080,8.0,1515.0,1845.0,Black,314.0,42630.0
EVGA XC GAMING,GeForce RTX 2070 SUPER,8.0,1605.0,1800.0,Transparent,270.0,45762.0
PNY Blower,GeForce RTX 2080 SUPER,8.0,1650.0,1815.0,Black,281.0,48662.0
EVGA DT GAMING,GeForce GTX 1080 Ti,11.0,1480.0,1582.0,Silver / Black,300.0,28710.0
Asus ROG STRIX GAMING OC,GeForce RTX 3050 8GB,8.0,1550.0,1890.0,Black / Silver,300.0,24939.420000000002
Asus GTX660 TI-DC2O-2GD5,GeForce GTX 660 Ti,2.0,1028.0,,Black / Red,271.0,13862.0
Gigabyte AORUS WATERFORCE,GeForce GTX 1080 Ti,11.0,1632.0,1746.0,Black / Orange,267.0,57884.0
NVIDIA Star Wars Galactic Empire,Titan Xp,12.0,1481.0,1582.0,Black / Red,267.0,57942.0
AMD FirePro W9100,FirePro W9100,16.0,930.0,,Black / Red,275.0,31897.68
Asus STRIX OC,GeForce RTX 3070,8.0,1500.0,1935.0,White,318.0,97004.42
EVGA Superclocked,GeForce GTX 950,2.0,1152.0,1342.0,Black,173.0,11542.0
EVGA 01G-P3-2616-KR,GeForce GT 610,1.0,,,Black,,5799.42
PNY UPRISING,GeForce RTX 3060 Ti,8.0,1410.0,1665.0,Black,251.0,37174.520000000004
MSI ARMOR OC,Radeon RX 570,8.0,1168.0,1268.0,Black / White,246.0,28362.0
PNY RTX A-Series,RTX A4500,20.0,1050.0,1650.0,Black,267.0,100340.0
NVIDIA 900-1G500-2500-000,Titan V,12.0,1200.0,1455.0,Black / Gold,267.0,72500.0
MSI ARMOR MK2 OC,Radeon RX 580,8.0,1340.0,1380.0,Red / Black,270.0,28999.420000000002
EVGA XC GAMING,GeForce RTX 2080 Ti,11.0,1350.0,1635.0,Black / Clear,270.0,99180.0
PNY VCQ420NVS-X1-DVI-PB,Quadro NVS 420,0.5,,,Black / Green,,8814.84
EVGA ACX 3.0,GeForce GTX 1070,8.0,1506.0,1683.0,Black / Silver,267.0,23199.420000000002
EVGA FTW3 ULTRA HYBRID GAMING iCX3,GeForce RTX 3080 Ti,12.0,1365.0,1800.0,Black,300.0,92742.0
EVGA 04G-P4-2980-KR,GeForce GTX 980,4.0,1126.0,1216.0,Black / Silver,267.0,21402.0
PNY VCQP2200-SB,Quadro P2200,5.0,1000.0,1493.0,,201.0,12757.68
MSI D6 VENTUS XS OC,GeForce GTX 1650 G6,4.0,1410.0,1620.0,Black / Silver,178.0,20235.04
MSI VENTUS 3X PLUS OC,GeForce RTX 3080 10GB LHR,10.0,1440.0,1740.0,Black,305.0,99629.5
MSI VENTUS 3X 8GD6X OC,GeForce RTX 3060 Ti,8.0,1410.0,1695.0,Black,305.0,40484.0
EVGA FTW ULTRA SILENT GAMING,GeForce GTX 1070 Ti,8.0,1607.0,1683.0,Black / Silver,267.0,31842.0
EVGA Superclocked,GeForce GT 740,2.0,1059.0,,Black / White,153.0,8526.0
PowerColor AXRX 560 4GBD5-DHA,Radeon RX 560 - 896,4.0,115.0,1176.0,Black,225.0,15950.0
EVGA SC ULTRA GAMING,GeForce GTX 1650 G6,4.0,1410.0,1710.0,Black,202.0,18558.84
ASRock Creator,Radeon RX 7900 XT,20.0,2000.0,2395.0,Black / Silver,312.0,59449.42
Sapphire Toxic Extreme Edition,Radeon RX 6900 XT,16.0,1825.0,2525.0,Black,270.0,103413.42
Zotac GAMING AMP Extreme AIRO,GeForce RTX 4080 SUPER,16.0,2210.0,2610.0,Black,356.0,113099.42
EVGA FTW3 ULTRA HYBRID GAMING,GeForce RTX 2080 Ti,11.0,1350.0,1755.0,Black / Clear,291.0,137458.84
PNY VERTO,GeForce RTX 3070 Ti,8.0,1575.0,1770.0,Black,305.0,37006.32
HP J3G93AT,FirePro W7100,8.0,920.0,,Black / Red,241.0,11017.68
Gigabyte MINI ITX OC,GeForce GTX 1060 6GB,6.0,1531.0,1771.0,Black / Orange,169.0,20822.0
PNY XLR8 Gaming Overclocked Edition,GeForce RTX 2070,8.0,1410.0,1710.0,Black,235.0,34742.0
EVGA FTW+ GAMING,GeForce GTX 1060 6GB,6.0,1632.0,1860.0,Black,267.0,20242.0
PNY VCQK6000-PB,Quadro K6000,12.0,902.0,,Black / Silver,267.0,18963.68
Zotac AMP Extreme,GeForce GTX 1070,8.0,1632.0,1835.0,Black,325.0,28942.0
Palit Infinity 3 OC,GeForce RTX 5060,8.0,2280.0,2580.0,,292.0,28333.579999999998
Asus Turbo,GeForce GTX 1070 Ti,8.0,1607.0,1721.0,,267.0,49963.520000000004
Gigabyte GAMING,GeForce GTX 1060 3GB,3.0,1620.0,1847.0,Black / Orange,278.0,20822.0
MSI AERO ITX OC,GeForce GTX 1070,8.0,1531.0,1721.0,Black / White,175.0,30762.62
Zotac GAMING Trinity OC,GeForce RTX 4080,16.0,2205.0,2520.0,White,356.0,108459.42
MSI VENTUS 3X E1 OC,GeForce RTX 4070,12.0,1920.0,2520.0,Silver / Black,308.0,66410.0
XFX RX-VEGMA3FD6,Radeon VII,16.0,1400.0,1801.0,Silver,280.0,54810.0
EVGA XC GAMING,GeForce RTX 2080,8.0,1515.0,,Black / Clear,270.0,50749.42
XFX Speedster QICK 319 Core,Radeon RX 6700 XT,12.0,2321.0,2581.0,Black,323.0,59507.42
PNY T-Series,T1000 4GB,4.0,1065.0,1395.0,Black / Gray,156.0,18037.420000000002
Gigabyte AORUS XTREME WATERFORCE,GeForce RTX 3080 10GB,10.0,1440.0,1845.0,Black / Silver,252.0,108982.0
MSI GAMING GE,GeForce GTX 980 Ti,6.0,1000.0,1291.0,Black / Gold,277.0,26042.0
Asus TUF GAMING OC,GeForce RTX 3050 8GB,8.0,1550.0,1875.0,Black,272.0,22619.420000000002
PNY VCQ2000D-PB,Quadro 2000D,1.0,625.0,,Black / Green,178.0,4045.5
XFX HD-467X-ZDFR,Radeon HD 4670,1.0,750.0,,Black,167.0,4348.84
MSI Founders Edition,GeForce GTX 1080 Ti,11.0,1480.0,1582.0,Black / Silver,267.0,40484.0
AMD 100-506163,Radeon Pro VII,16.0,1400.0,1700.0,Blue / Silver,305.0,81142.0
Asus TUF-RTX3060-O12G-DEMONSLAYER,GeForce RTX 3060 12GB,12.0,1320.0,1882.0,Orange / Black,301.0,43210.0
EVGA Superclocked,GeForce GTX 980 Ti,6.0,1102.0,1190.0,Black / Silver,267.0,39440.0
Asus GT710-SL-2GD5,GeForce GT 710,2.0,954.0,,Blue / Silver,167.0,8427.400000000001
ATI 100-505588,FirePro 2450,0.5,,,Black / Red,,11599.42
PNY VCGGT10302PB,GeForce GT 1030,2.0,1227.0,1468.0,Black / Silver,,6959.42
MSI GAMING OC,GeForce RTX 5050,8.0,2317.0,2647.0,Black,202.0,16239.42
Gigabyte WINDFORCE,Radeon R9 270X,2.0,1000.0,,Black,290.0,17342.0
Asus DUAL OC,GeForce RTX 2080 Ti,11.0,1350.0,,Black,268.0,57884.0
EVGA Black,GeForce RTX 2080,8.0,1515.0,1710.0,Clear / Black,269.0,47850.0
Asus Turbo EVO,GeForce RTX 2060 SUPER,8.0,1500.0,1680.0,Black,268.0,36830.0
PNY VCQK1200DP-PB,Quadro K1200,4.0,1058.0,1124.0,Black / Green,160.0,8004.58
Asus ROG STRIX LC GAMING OC,GeForce RTX 3080 Ti,12.0,1365.0,1860.0,Black / Silver,293.0,103762.0
MSI GAMING X SLIM,GeForce RTX 4070,12.0,1920.0,2625.0,White,307.0,146287.02
XFX R9-290X ENFC,Radeon R9 290X,4.0,772.0,,Black / Red,292.0,12180.0
Gigabyte AORUS XTREME,GeForce RTX 3080 Ti,12.0,1365.0,1770.0,Black,320.0,84042.0
Zotac GAMING AMP Extreme AIRO,GeForce RTX 4070 Ti,12.0,2310.0,2700.0,Black,356.0,72210.0
EVGA XC3 ULTRA GAMING,GeForce RTX 3080 12GB LHR,12.0,1260.0,1755.0,Black,285.0,75342.0
Asus GTX950-2G,GeForce GTX 950 75W,2.0,1026.0,1228.0,White / Blue,210.0,14790.0
Gigabyte EAGLE OC Rev 2.0,GeForce RTX 3070 LHR,8.0,1500.0,1770.0,Black,282.0,42630.0
EVGA ACX 3.0,GeForce GTX 1080,8.0,1607.0,1733.0,Black / Silver,267.0,28884.0
EVGA XC BLACK GAMING,GeForce GTX 1660,6.0,1530.0,1785.0,Black,190.0,21170.0
MSI DUKE,GeForce RTX 2070,8.0,1410.0,1755.0,Silver / Black,314.0,38222.0
Zotac AMP Extreme,GeForce RTX 2070,8.0,1410.0,1860.0,Black,308.0,38222.0
EVGA Founders Edition,GeForce GTX 1080,8.0,1607.0,1733.0,Black / Silver,267.0,30450.0
PNY VCQK2200-PB,Quadro K2200,4.0,1046.0,,Black / Green,202.0,7723.86
Asus TUF GAMING OC,Radeon RX 6500 XT,4.0,2310.0,2825.0,Black,250.0,23998.66
EVGA XC3 ULTRA HYBRID GAMING,GeForce RTX 3080 12GB LHR,12.0,1260.0,1755.0,Black,263.0,78822.0
MSI GAMING X TRIO,GeForce GTX 1080 Ti,11.0,1569.0,1683.0,,325.0,32422.0
EVGA 06G-P4-3790-KR,GeForce GTX Titan Black,6.0,889.0,980.0,Black / Silver,266.0,28942.0
Gigabyte MINI ITX OC,GeForce GTX 1070,8.0,1531.0,1746.0,Black / Orange,169.0,26622.0
PNY XLR8 Gaming Overclocked Edition,GeForce GTX 1660,6.0,1530.0,1830.0,Black,168.0,21402.0
Asus TUF GAMING,GeForce RTX 5060,8.0,2280.0,2527.0,Black,302.0,32405.760000000002
Asus EAH6450 SILENT/DI/512MD3(LP),Radeon HD 6450,0.5,625.0,,Red / Silver,177.0,4811.679999999999
Asus R7240-2GD3-L,Radeon R7 240,2.0,730.0,,Black / Red,159.0,7234.92
MSI GeForce GTX 1060 6G OCV1,GeForce GTX 1060 6GB,6.0,1544.0,1759.0,Black / White,188.0,22910.0
Gigabyte WINDFORCE,GeForce RTX 2080,8.0,1710.0,,Black,280.0,44022.0
MSI D3 LP,GeForce GT 710,2.0,954.0,,Black,145.0,4059.4199999999996
PNY VCGGT620XPB,GeForce GT 620,1.0,700.0,,Black / Red,152.0,3978.2200000000003
PNY T-Series,T600,4.0,735.0,1335.0,Black / Gray,156.0,17342.0
EVGA 01G-P3-1561-KR,GeForce GTX 560 Ti,1.0,850.0,,Black / Yellow,228.0,40664.96
Asus STRIX GAMING Advanced,GeForce RTX 2080 Ti,11.0,1350.0,,Black,305.0,56782.0
EVGA Superclocked,GeForce GTX 960,2.0,1216.0,1279.0,Black / Silver,173.0,14790.0
Inno3D X3 OC,GeForce RTX 3070 Ti,8.0,1575.0,1785.0,Black,300.0,48401.58
VisionTek 900614,Radeon HD 7750,2.0,,,Black / Red,,11019.42
NVIDIA Star Wars Jedi Order,Titan Xp,12.0,1481.0,1582.0,Silver / Green,267.0,57942.0
ASRock Taichi OC,Radeon RX 7900 XT,20.0,2000.0,2560.0,Black,345.0,60899.42
PNY VCQ4000-PB,Quadro 4000,2.0,,,Black / Silver,,7754.0199999999995
EVGA GAMING,GeForce GTX 1070 Ti,8.0,1607.0,1683.0,Silver / Black,267.0,31842.0
Asus Turbo,GeForce RTX 2060,6.0,1365.0,1710.0,Black / Silver,268.0,31840.260000000002
Asus KO GAMING OC V2,GeForce RTX 3070 LHR,8.0,1500.0,1845.0,Black / Silver,275.0,42920.0
Asus ROG STRIX GAMING OC V2,GeForce RTX 3070 LHR,8.0,1500.0,1935.0,Black / Silver,318.0,57710.0
EVGA GAMING,GeForce GTX 1070,8.0,1506.0,1683.0,Black / Gray,267.0,28942.0
Asus Phoenix EVO,Radeon RX 550 - 512,4.0,1100.0,1183.0,Black,192.0,18963.1
PNY VCGGTX10606PB,GeForce GTX 1060 6GB,6.0,1506.0,1708.0,Black,265.0,23142.0
MSI AIR BOOST OC,Radeon RX VEGA 56,8.0,1181.0,1520.0,Black / Red,270.0,23199.420000000002
Yeston Sakura Atlantis,Radeon RX 9070 XT,16.0,2400.0,3060.0,Blue / Pink,332.0,51034.2
EVGA FTW3 GAMING,GeForce RTX 2080 Ti,11.0,1350.0,1545.0,,302.0,57884.0
Lenovo 4X61J52234,T400 4GB,4.0,420.0,1425.0,Black,156.0,10373.880000000001
Asus KO OC V2,GeForce RTX 3060 12GB,12.0,1320.0,1882.0,Black / Silver,275.0,40310.0
EVGA 01G-P3-2710-KR,GeForce GT 710,1.0,954.0,,Black,115.0,6031.42
ASRock Challenger Pro OC,Radeon RX 6800,16.0,1700.0,,Black / Silver,303.0,57894.439999999995
Gigabyte AORUS MASTER Rev 2.0,GeForce RTX 3080 10GB LHR,10.0,1440.0,1845.0,Black,319.0,79402.0
MSI Radeon RX 6600 XT MECH 2X 8G OCV1,Radeon RX 6600 XT,8.0,1968.0,2602.0,Black / Silver,215.0,70180.0
PowerColor Red Devil OC,Radeon RX 6650 XT,8.0,2055.0,2694.0,Black,251.0,105540.86
EVGA KO GAMING,GeForce RTX 2080 SUPER,8.0,1650.0,1815.0,Black,270.0,84100.0
XFX Speedster QICK 319 BLACK,Radeon RX 6800,16.0,1850.0,2190.0,Black,340.0,63509.42
PNY VCQK4000-PB,Quadro K4000,3.0,810.0,,Black / Silver,241.0,8062.0
Palit StormX,GeForce RTX 2060,6.0,1365.0,1680.0,Black,168.0,74762.0
MSI DUKE OC,GeForce GTX 1080,8.0,1708.0,1847.0,Black / Beige,312.0,28942.0
Zotac GAMING AMP Extreme Holo,GeForce RTX 3090,24.0,1395.0,1815.0,Black,356.0,104399.42
PNY VCG84512D3SPPB,GeForce 8400 GS,0.5,520.0,,Black / Blue,,7309.16
PNY VCG50608DFXPB1,GeForce RTX 5060,8.0,2280.0,2497.0,Black,200.0,21401.420000000002
EVGA 06G-P4-4990-KR,GeForce GTX 980 Ti,6.0,1000.0,1076.0,Black / Silver,267.0,34799.42
MSI GeForce RTX 3070 Suprim X 8G LHR,GeForce RTX 3070 LHR,8.0,1500.0,1920.0,Black / Silver,335.0,42630.0
EVGA 02G-P4-6333-KR,GeForce GT 1030,2.0,1290.0,1544.0,Black,145.0,15795.14
PNY XLR8 Gaming Overclocked Edition,GeForce RTX 2080 Ti,11.0,1350.0,1635.0,Black / Silver,302.0,111939.42
EVGA SC2 Gaming iCX,GeForce GTX 1080,8.0,1708.0,1847.0,White / Black,267.0,28884.0
PNY Blower,GeForce RTX 2060 SUPER,8.0,1470.0,1650.0,Black,281.0,33350.0
Gigabyte EAGLE OC,GeForce RTX 3090,24.0,1395.0,1725.0,Black,320.0,90770.0
Gigabyte GV-N460OC-1GI V3,GeForce GTX 460,1.0,788.0,,Black / Blue,238.0,8982.460000000001
Gigabyte WINDFORCE 2X,GeForce RTX 2070,8.0,1410.0,1620.0,Black,265.0,45530.0
PNY VCQK2000-PB,Quadro K2000,2.0,,,Black / Green,198.0,7537.68
PowerColor Red Dragon,Radeon RX VEGA 56,8.0,1177.0,1478.0,Black / Red,305.0,27782.0
EVGA SC2 Gaming iCX,GeForce GTX 1070,8.0,1594.0,1784.0,White / Black,267.0,24708.0
MSI VENTUS 3X OC LHR,GeForce RTX 3080 10GB LHR,10.0,1440.0,1740.0,Black,305.0,57884.0
XFX PVT98GYAF3,GeForce 9800 GT,0.5,550.0,,Black,,10554.84
MSI ARMOR OC,GeForce GTX 1060 6GB,6.0,1506.0,1708.0,Black / White,279.0,23142.0
Zotac AMP Extreme Holo,GeForce RTX 3080 Ti,12.0,1365.0,1785.0,Black,356.0,115999.42
VisionTek 900574,Radeon HD 7750,1.0,,,Black / Red,170.0,8583.42
VisionTek 901507,Radeon RX 550 - 512,4.0,1100.0,1071.0,Red,184.0,11019.42
Gigabyte GAMING OC,Radeon RX 5500 XT,4.0,1685.0,1845.0,Black / Gray,281.0,27202.0
EVGA 04G-P4-1970-KR,GeForce GTX 970,4.0,1050.0,1178.0,Black / Gray,241.0,20822.0
Gigabyte GV-R545-1GI,Radeon HD 5450,1.0,650.0,,Blue / Silver,182.0,5219.42
MSI LP,Radeon R7 240,2.0,600.0,,Black,144.0,7314.96
XFX PVT95GZAFG,GeForce 9500 GT,1.0,550.0,,Black / Green,,9394.84
EVGA XC GAMING,GeForce GTX 1660,6.0,1530.0,1830.0,Black,190.0,23199.420000000002
Asus GTXTITAN-6GD5,GeForce GTX Titan,6.0,836.0,,Black / Silver,267.0,34510.0
Gigabyte TURBO,GeForce RTX 2080 SUPER,8.0,1650.0,1815.0,Black,272.0,49242.0
EVGA FTW2 GAMING iCX,GeForce GTX 1070,8.0,1607.0,1797.0,Black / Gray,267.0,28942.0
Zotac GAMING AMP Holo,GeForce RTX 3080 10GB LHR,10.0,1440.0,1770.0,Gray,318.0,62930.0
EVGA SSC ACX 2.0,GeForce GTX 950,2.0,1190.0,1393.0,Black,257.0,17399.420000000002
EVGA FTW GAMING,GeForce GTX 1060 6GB,6.0,1620.0,1847.0,Black,267.0,22562.0
EVGA SSC GAMING,GeForce GTX 1060 3GB,3.0,1607.0,1835.0,Black / Silver,267.0,20242.0
PNY Founders Edition,GeForce GTX 1080 Ti,11.0,1480.0,1582.0,Black / Silver,267.0,40310.0
XFX PV-T95G-ZNF2,GeForce 9500 GT,1.0,550.0,,Black / Green,167.0,6959.42
AMD FirePro W4100,FirePro W4100,2.0,630.0,,Black / Red,171.0,8697.68
EVGA 01G-P1-N948-LR,GeForce 9400 GT,1.0,,,,,10554.84
EVGA 02G-P4-2645-KR,GeForce GT 640,2.0,901.0,,Black,170.0,11599.42
HP C2J94AT,Quadro K4000,3.0,810.0,,Black / Silver,241.0,7945.42
EVGA FTW ACX 2.0+,GeForce GTX 960,2.0,1304.0,1367.0,Black / White,256.0,15370.0
XFX Black Edition,Radeon RX 570,8.0,1168.0,1328.0,Black / Red,243.0,28942.0
EVGA XC HYBRID GAMING,GeForce RTX 2080 Ti,11.0,1350.0,1635.0,Black / Clear,269.0,110154.18000000001
AMD 100-505956,Radeon Pro WX 8200,8.0,1200.0,1530.0,Blue,267.0,28942.0
EVGA 01G-P3-2711-KR,GeForce GT 710,1.0,954.0,,Black,115.0,7534.200000000001
PNY VCGGTX9804XPB-CG,GeForce GTX 980,4.0,1126.0,1216.0,Black / Silver,267.0,14410.099999999999
XFX RX-VEGMLBFX6,Radeon RX VEGA 56,8.0,1156.0,1471.0,Black / Red,280.0,26042.0
EVGA 12G-P4-3990-KR,GeForce GTX Titan Z,12.0,705.0,876.0,Black / Silver,267.0,52142.0
PNY VCQM5000-PB,Quadro M5000,8.0,861.0,1038.0,Black / Green,267.0,21460.0
EVGA 02G-P4-2663-KR,GeForce GTX 660,2.0,1072.0,,Black / Silver,241.0,17342.0
Asus 710-1-SL,GeForce GT 710,1.0,954.0,,Blue / Silver,134.0,11774.0
EVGA GAMING,GeForce GTX 1060 6GB,6.0,1506.0,1708.0,Black / Silver,267.0,21402.0
Asus DUAL,GeForce RTX 2060,6.0,1365.0,1680.0,Black / Silver,270.0,40600.0
VisionTek 900270,Radeon HD 4350,0.5,575.0,,,,4423.08
EVGA 02G-P3-2717-KR,GeForce GT 710,2.0,954.0,,Black,115.0,6959.42
PNY VCQ450NVS-X16-PB,Quadro NVS 450,0.5,,,Black / Green,,6321.42
AMD FirePro V7900 SDI,FirePro V7900 SDI,2.0,725.0,,Black / Red,279.0,12995.48
PNY VCQ410-PB,Quadro 410,0.5,706.0,,Black / Green,176.0,4408.0
Asus STRIX GAMING Advanced,GeForce RTX 2070,8.0,1410.0,1680.0,Black,300.0,39730.0
EVGA FTW3 ULTRA GAMING,GeForce RTX 2080,8.0,1515.0,1860.0,Clear / Black,302.0,42630.0
ATI FirePro RG220A,FirePro RG220A,0.5,800.0,,Black / Red,168.0,6960.0
PNY XLR8,GeForce GTX 1080,8.0,1708.0,1848.0,Black / Red,292.0,31842.0
MSI SUPRIM X,GeForce RTX 3080 10GB LHR,10.0,1440.0,1920.0,Black / Silver,336.0,66410.0
Gigabyte GV-N295-18I-B,GeForce GTX 295,1.75,,,Black / Blue,,30586.88
ATI FirePro 2450 Multi-View,FirePro 2450,0.5,600.0,,Black / Red,168.0,6377.1
Gigabyte GV-R57XT-8GD-B,Radeon RX 5700 XT,8.0,1605.0,1905.0,Silver,270.0,36540.0
EVGA 02G-P4-3660-KR,GeForce GTX 660 Ti,2.0,915.0,,Black / Silver,241.0,21982.0
Gigabyte Radeon RX VEGA 56 8G,Radeon RX VEGA 56,8.0,1156.0,1471.0,Black / Red,280.0,27782.0
VisionTek Radeon HD 7790 1GB,Radeon HD 7790,1.0,1000.0,,Black / Blue,224.0,8285.3
Asus Phoenix EVO OC,GeForce GTX 1650 G6,4.0,1410.0,1635.0,Black,197.0,18850.0
EVGA 01G-P3-1526-KR,GeForce GT 520,1.0,810.0,,Black,144.0,4582.0
PNY VCQ450NVS-X16-DVI-PB,Quadro NVS 450,0.5,550.0,,Black / Green,,7827.68
Gigabyte GAMING,GeForce GTX 1060 6GB,6.0,1506.0,1847.0,Black / Orange,278.0,23142.0
PNY T-Series,T400  2GB,2.0,420.0,1425.0,Black / Gray,156.0,9976.0
MSI D3H LP,GeForce GT 710,1.0,954.0,,Black,146.0,5162.0
Gigabyte GV-R929D5-4GD-B,Radeon R9 290,4.0,947.0,,Black / Red,289.0,17342.0
EVGA 01G-P3-3736-KR,GeForce GT 730,1.0,700.0,,Black / Green,154.0,9802.0
PNY VCQK5000-PB,Quadro K5000,4.0,706.0,,Black,267.0,9857.099999999999
PNY VCGGTX1070T8PB-CG,GeForce GTX 1070 Ti,8.0,1607.0,1683.0,Black / White,279.0,26622.0
EVGA 01G-P3-1303-KR,GeForce 8400 GS,1.0,520.0,,Black / Green,158.0,5742.0
EVGA Superclocked,GeForce GT 740,2.0,1085.0,,Black,153.0,15022.0
EVGA ACX 2.0+,GeForce GTX 970,4.0,1050.0,1178.0,Black / Blue,257.0,20822.0
Asus Founders Edition,GeForce GTX 1080,8.0,1607.0,1733.0,Black / Silver,267.0,28884.0
EVGA FTW+ GAMING,GeForce GTX 1060 3GB,3.0,1632.0,1860.0,Black,267.0,19430.0
PNY VCNVS810DVI-PB,NVS 810,4.0,1020.0,,Black / Silver,241.0,37410.0
HP 5Z7D8AT,T1000 8GB,8.0,1065.0,1395.0,Black,156.0,28942.0
EVGA 768-P3-1360-RX,GeForce GTX 460,0.75,675.0,,,209.0,25926.0
Asus ENGTX570 DCII/2DIS/1280MD5,GeForce GTX 570,1.25,742.0,,Black / Red,292.0,23084.0
PNY VCQK2000D-PB,Quadro K2000D,2.0,,,Black / Green,198.0,9787.5
AMD FirePro W9000,FirePro W9000,6.0,975.0,,Black / Red,279.0,20007.68
MSI SEA HAWK X,GeForce RTX 2080,8.0,1515.0,1860.0,Black / Silver,268.0,46110.0
MSI R5670-PD512,Radeon HD 5670,0.5,775.0,,Black / Silver,,4644.64
EVGA 01G-P3-1377-TR,GeForce GTX 460,1.0,850.0,,Black / Silver,209.0,13234.44
Gigabyte GV-R785OC-1GD,Radeon HD 7850,1.0,900.0,,Black / Blue,241.0,10149.42
PNY VCQK420-PB,Quadro K420,1.0,876.0,,Black / Green,160.0,7533.619999999999
PowerColor Red Devil,Radeon RX VEGA 56,8.0,1308.0,1526.0,Red / Black,316.0,34742.0
Asus ENGTS250/DI/512MD3/WW,GeForce GTS 250,0.5,675.0,,Blue,241.0,6850.38
ATI FirePro W5000,FirePro W5000,2.0,825.0,,Black / Red,191.0,8697.68
EVGA FTW ACX 2.0,GeForce GTX 980,4.0,1279.0,1380.0,Black,269.0,21402.0
ATI FirePro V7900 SDI,FirePro V7900 SDI,2.0,725.0,,Black / Red,279.0,11716.0
EVGA Classified ACX 2.0,GeForce GTX 980,4.0,1291.0,1393.0,Black / Red,280.0,23142.0
XFX RX-VEGMTSFX6,Radeon RX VEGA 64,8.0,1247.0,1546.0,Silver / Red,282.0,40542.0
EVGA 02G-P4-3662-KR,GeForce GTX 660 Ti,2.0,967.0,,Black / Silver,241.0,21982.0
ATI FirePro W7000,FirePro W7000,4.0,950.0,,Black / Red,242.0,11542.0
Asus 90YV0810-U0NA00,GeForce GTX Titan X,12.0,1000.0,1075.0,Black / Silver,282.0,46342.0
Lenovo 4X61J52233,T1000 8GB,8.0,1065.0,1395.0,Black,156.0,31481.82
PNY VCQ6000-PB,Quadro 6000,6.0,,,Black / Silver,,20286.66
PNY VCQK1200DVI-PB,Quadro K1200,4.0,1058.0,1124.0,Black / Green,160.0,7970.36
MSI VENTUS 3X OC,GeForce RTX 3080 10GB LHR,10.0,1440.0,1740.0,Black,305.0,57884.0
XFX HD-467X-ZDF2,Radeon HD 4670,1.0,750.0,,Black,,6959.42
Asus GT730-SL-1GD3-BRK,GeForce GT 730,1.0,902.0,,Black / Blue,137.0,8309.08
Gigabyte GV-N275UD-896I,GeForce GTX 275,0.875,,,Black / Blue,,14708.22
Gigabyte WINDFORCE 2X,Radeon R7 370,2.0,975.0,1015.0,Black,194.0,17342.0
BFG BFGE94512GTE,GeForce 9400 GT,0.5,,,Blue / White,,7539.42
Gigabyte GV-N970TTOC-4GD,GeForce GTX 970,4.0,1101.0,1241.0,Black / Blue,266.0,21982.0
HP J3G92AT,FirePro W5100,4.0,930.0,,Black / Red,171.0,9219.68
PNY VCQ5000-PB,Quadro 5000,2.5,,,Black / Silver,,10727.68
HP C2J93AA,Quadro K2000,2.0,,,Black / Green,203.0,7537.68
ATI FirePro 2270,FirePro 2270,1.0,600.0,,Black / Red,170.0,7525.5
Gigabyte GV-N250OC-1GI,GeForce GTS 250,1.0,,,Black / Blue,,9847.82
MSI TWIN FROZR II,Radeon HD 5850,1.0,725.0,,Black / Silver,257.0,19106.36
HP C2J93AT,Quadro K2000,2.0,954.0,,Black / Green,202.0,7537.68
ATI FirePro W600,FirePro W600,2.0,600.0,,Black / Red,163.0,13627.68
Asus ENGTX460/2DI/768MD5,GeForce GTX 460,0.75,,,Black / Silver,,13047.099999999999
EVGA 01G-P3-2722-KR,GeForce GT 720,1.0,797.0,,Black / Green,167.0,26684.64
EVGA 04G-P4-1976-KR,GeForce GTX 970,4.0,1140.0,1279.0,Black / Silver,242.0,23142.0
Gigabyte XTREME,GeForce GTX 1070,8.0,1670.0,1898.0,Black / Orange,291.0,26622.0
Asus EAH5550/DI/1GD3(LP),Radeon HD 5550,1.0,550.0,,Black / Red,167.0,5229.86
Asus EAH6870/2DI2S/1GD5,Radeon HD 6870,1.0,913.0,,Black / Red,241.0,15528.34
Asus ARES/2DIS/4GD5,Radeon HD 5870 X2,4.0,850.0,,Black / Red,279.0,63348.18
MSI R5450-MD1GH/D2,Radeon HD 5450,1.0,650.0,,Black / Silver,167.0,4543.72
MSI N465GTX-M2D1G,GeForce GTX 465,1.0,607.0,,Black / Red,243.0,15929.119999999999
XFX FX-795A-TDJC,Radeon HD 7950,3.0,800.0,,Black / Silver,274.0,20779.079999999998
EVGA 02G-P3-2738-KR,GeForce GT 730,2.0,700.0,,Black / Green,167.0,10962.0
EVGA Superclocked,GeForce GTX 980,4.0,1241.0,1342.0,Black / Silver,267.0,21402.0
PNY VCQK5000MAC-PB,Quadro K5000,4.0,706.0,,Black / Silver,267.0,34105.159999999996
MSI R5750-MD1G,Radeon HD 5750,1.0,700.0,,Black / Silver,,6834.72
Galaxy 68NPH6DV5ZGX,GeForce GTX 680,2.0,1006.0,,Black / Silver,254.0,42804.0
ATI FirePro W5000,FirePro W5000,2.0,825.0,,Black / Red,183.0,8697.68
XFX PVT95GYAR2,GeForce 9500 GT,0.5,550.0,,Black / Green,167.0,6959.42
MSI N570GTX-M2D12D5,GeForce GTX 570,1.25,732.0,,Black / Blue,267.0,22481.96
MSI R6850-PM2D1GD5/OC,Radeon HD 6850,1.0,820.0,,,,11988.599999999999
PNY VCQ4000MAC-PB,Quadro 4000,2.0,,,Black / Silver,,12818.58
Gigabyte WINDFORCE 2X,Radeon R9 285,2.0,973.0,,Black,263.0,14145.619999999999
ATI FirePro W8000,FirePro W8000,4.0,900.0,,Black / Red,279.0,11597.68
Asus R7265-DC2-2GD5,Radeon R7 265,2.0,900.0,925.0,Black / Red,233.0,9263.76
XFX HD-545X-ZAF2,Radeon HD 5450,1.0,650.0,,Black,,4058.84
Asus R9290-4GD5,Radeon R9 290,4.0,947.0,,Black / Red,276.0,25992.12
Lenovo 0B47392,Quadro K2000,2.0,954.0,,Black / Green,202.0,7537.68
Asus EAH5850 DIRECTCU TOP/2DIS/1GD5,Radeon HD 5850,1.0,765.0,,Black / Red,241.0,14639.2
EVGA 012-P3-1578-AR,GeForce GTX 570,1.25,822.0,,Black / Red,266.0,16746.920000000002
PowerColor TurboDuo,Radeon R9 280X,3.0,850.0,1000.0,Black / Red,265.0,28883.420000000002
ATI FirePro V8750,FirePro V8750,2.0,750.0,,Black / Red,254.0,73530.66
