name,speed,modules,price_per_gb,color,first_word_latency,cas_latency,ddr_gen,speed_mhz,module_count,module_capacity_gb,total_capacity_gb,price
Corsair Vengeance RGB 32 GB,"5,6000","2,16",2.968,Black,12.0,36.0,DDR5,6000,2,16,32,5509.42
G.Skill Flare X5 32 GB,"5,6000","2,16",2.812,Black,12.0,36.0,DDR5,6000,2,16,32,5219.42
Corsair Vengeance LPX 16 GB,"4,3200","2,8",2.874,Black / Yellow,10.0,16.0,DDR4,3200,2,8,16,2667.42
Corsair Vengeance 32 GB,"5,6000","2,16",4.062,Black / Gray,10.0,30.0,DDR5,6000,2,16,32,7539.42
TEAMGROUP T-Create Expert 32 GB,"5,6000","2,16",3.093,Black,10.0,30.0,DDR5,6000,2,16,32,5741.42
Corsair Vengeance LPX 32 GB,"4,3600","2,16",2.437,Black / Yellow,10.0,18.0,DDR4,3600,2,16,32,4522.84
Crucial Pro Overclocking 32 GB,"5,6000","2,16",2.656,Black,12.0,36.0,DDR5,6000,2,16,32,4929.42
G.Skill Trident Z5 RGB 64 GB,"5,6400","2,32",3.672,Black / Silver,10.0,32.0,DDR5,6400,2,32,64,13629.42
Corsair Vengeance RGB 64 GB,"5,6000","2,32",3.594,Black,10.0,30.0,DDR5,6000,2,32,64,13339.42
TEAMGROUP T-Force Delta RGB 32 GB,"5,6000","2,16",3.312,White,10.0,30.0,DDR5,6000,2,16,32,6147.42
G.Skill Trident Z5 Neo RGB 32 GB,"5,6000","2,16",3.75,Black,10.0,30.0,DDR5,6000,2,16,32,6959.42
Patriot Viper Venom 32 GB,"5,6000","2,16",2.687,Black / White,10.0,30.0,DDR5,6000,2,16,32,4987.42
Corsair Vengeance RGB Pro 32 GB,"4,3600","2,16",3.594,Black,10.0,18.0,DDR4,3600,2,16,32,6670.0
TEAMGROUP T-Force Delta RGB 32 GB,"5,6000","2,16",3.312,Black,10.0,30.0,DDR5,6000,2,16,32,6147.42
Corsair Vengeance RGB 32 GB,"5,6000","2,16",3.0,White / Silver,12.0,36.0,DDR5,6000,2,16,32,5567.42
Silicon Power GAMING 16 GB,"4,3200","2,8",2.061,Black / Gray,10.0,16.0,DDR4,3200,2,8,16,1912.26
TEAMGROUP T-Force Vulcan Z 16 GB,"4,3200","2,8",2.437,Black,10.0,16.0,DDR4,3200,2,8,16,2261.42
Corsair Vengeance LPX 32 GB,"4,3200","2,16",2.249,Black / Yellow,10.0,16.0,DDR4,3200,2,16,32,4174.84
Kingston FURY Beast 32 GB,"5,6000","2,16",3.843,Black,10.0,30.0,DDR5,6000,2,16,32,7133.42
G.Skill Trident Z5 Neo RGB 64 GB,"5,6000","2,32",3.25,Black / Silver,10.0,30.0,DDR5,6000,2,32,64,12063.42
G.Skill Ripjaws V 32 GB,"4,3200","2,16",2.249,Black,10.0,16.0,DDR4,3200,2,16,32,4174.84
TEAMGROUP T-Create Expert 32 GB,"5,6000","2,16",3.093,White,10.0,30.0,DDR5,6000,2,16,32,5741.42
G.Skill Flare X5 32 GB,"5,6000","2,16",3.437,Black,10.0,30.0,DDR5,6000,2,16,32,6379.42
Kingston FURY Beast 16 GB,"5,5200","2,8",3.933,Black,15.385,40.0,DDR5,5200,2,8,16,3649.94
Corsair Vengeance RGB Pro 16 GB,"4,3200","2,8",3.437,Black,10.0,16.0,DDR4,3200,2,8,16,3189.42
Silicon Power Value Gaming 32 GB,"5,6000","2,16",2.843,Black,10.0,30.0,DDR5,6000,2,16,32,5276.26
Corsair Vengeance 64 GB,"5,5200","2,32",2.442,Black,15.385,40.0,DDR5,5200,2,32,64,9064.24
G.Skill Flare X5 64 GB,"5,6000","2,32",3.031,Black,10.0,30.0,DDR5,6000,2,32,64,11250.84
TEAMGROUP T-Force Vulcan 32 GB,"5,6000","2,16",3.031,Black,10.0,30.0,DDR5,6000,2,16,32,5625.42
Silicon Power GAMING 32 GB,"4,3200","2,16",1.906,Black,10.0,16.0,DDR4,3200,2,16,32,3537.42
Corsair Vengeance RGB 32 GB,"5,6000","2,16",3.906,Gray,10.0,30.0,DDR5,6000,2,16,32,7249.42
Patriot Viper Venom 32 GB,"5,6000","2,16",2.406,Black / White,12.0,36.0,DDR5,6000,2,16,32,4465.42
Corsair Dominator Titanium 64 GB,"5,6600","2,32",4.476,White,9.697,32.0,DDR5,6600,2,32,64,16613.52
G.Skill Ripjaws V 64 GB,"4,3200","4,16",21.123,Black,8.75,14.0,DDR4,3200,4,16,64,78410.20000000001
Crucial Pro Overclocking 32 GB,"5,6000","2,16",2.812,White,12.0,36.0,DDR5,6000,2,16,32,5219.42
G.Skill Trident Z5 Royal Neo RGB 32 GB,"5,6000","2,16",4.687,Silver,9.333,28.0,DDR5,6000,2,16,32,8699.42
Corsair Vengeance 64 GB,"5,6000","2,32",3.125,Black / Gray,10.0,30.0,DDR5,6000,2,32,64,11599.42
G.Skill Trident Z RGB 32 GB,"4,3600","2,16",2.593,Black,10.0,18.0,DDR4,3600,2,16,32,4813.42
Kingston FURY Beast 16 GB,"4,3200","2,8",4.913,Black,10.0,16.0,DDR4,3200,2,8,16,4559.38
G.Skill Ripjaws V 16 GB,"4,3200","2,8",2.874,Black,10.0,16.0,DDR4,3200,2,8,16,2667.42
Crucial Classic 16 GB,"5,5600","2,8",2.749,Black,16.429,46.0,DDR5,5600,2,8,16,2551.42
Silicon Power XPOWER Zenith Gaming 32 GB,"5,6000","2,16",2.718,White,10.0,30.0,DDR5,6000,2,16,32,5045.42
Corsair Vengeance RGB 32 GB,"5,6400","2,16",2.968,Black,11.25,36.0,DDR5,6400,2,16,32,5509.42
G.Skill Ripjaws S5 32 GB,"5,6000","2,16",3.437,Black,10.0,30.0,DDR5,6000,2,16,32,6379.42
Corsair Vengeance LPX 64 GB,"4,3200","2,32",2.422,Black / Yellow,10.0,16.0,DDR4,3200,2,32,64,8989.42
Crucial Pro 32 GB,"5,5600","2,16",2.593,Black,16.429,46.0,DDR5,5600,2,16,32,4813.42
Kingston FURY Beast RGB 32 GB,"5,6000","2,16",4.218,Black,10.0,30.0,DDR5,6000,2,16,32,7829.42
Corsair Dominator Titanium 64 GB,"5,6600","2,32",4.785,Black,9.697,32.0,DDR5,6600,2,32,64,17761.34
Crucial Pro 32 GB,"4,3200","2,16",2.468,Black,13.75,22.0,DDR4,3200,2,16,32,4580.84
Patriot Venom 64 GB,"5,6000","2,32",2.469,Black,10.0,30.0,DDR5,6000,2,32,64,9163.42
Crucial Pro 64 GB,"5,5600","2,32",2.187,Black,16.429,46.0,DDR5,5600,2,32,64,8119.42
Corsair Vengeance 32 GB,"5,6000","2,16",3.437,Black,12.0,36.0,DDR5,6000,2,16,32,6379.42
Corsair Vengeance RGB 192 GB,"5,5200","4,48",3.203,Black,14.615,38.0,DDR5,5200,4,48,192,35669.42
G.Skill Ripjaws V 16 GB,"4,3600","2,8",3.124,Black,8.889,16.0,DDR4,3600,2,8,16,2899.42
Silicon Power XPOWER Zenith Gaming 32 GB,"5,6000","2,16",2.718,Black,10.0,30.0,DDR5,6000,2,16,32,5045.42
TEAMGROUP T-Force Delta RGB 16 GB,"4,3600","2,8",3.187,White,10.0,18.0,DDR4,3600,2,8,16,2957.42
Kingston FURY Beast 32 GB,"4,3200","2,16",3.619,Black,10.0,16.0,DDR4,3200,2,16,32,6716.9800000000005
Kingston FURY Beast 64 GB,"5,6000","2,32",3.656,Black,10.0,30.0,DDR5,6000,2,32,64,13571.42
G.Skill Trident Z5 RGB 48 GB,"5,8400","2,24",5.416,Black,9.524,40.0,DDR5,8400,2,24,48,15079.42
Patriot Viper Venom 64 GB,"5,6400","2,32",2.969,Black / White,10.0,32.0,DDR5,6400,2,32,64,11019.42
G.Skill Trident Z5 RGB 32 GB,"5,6400","2,16",3.656,Black,10.0,32.0,DDR5,6400,2,16,32,6785.42
Corsair Vengeance 32 GB,"5,6000","2,16",3.593,Black / Silver,10.0,30.0,DDR5,6000,2,16,32,6669.42
Timetec PINNACLE Konduit 16 GB,"4,3200","2,8",1.999,Black,10.0,16.0,DDR4,3200,2,8,16,1855.4199999999998
Corsair Dominator Titanium 32 GB,"5,6000","2,16",5.656,White,10.0,30.0,DDR5,6000,2,16,32,10497.42
Patriot Viper Steel 32 GB,"4,3200","2,16",1.875,Silver / Black,10.0,16.0,DDR4,3200,2,16,32,3479.42
G.Skill Flare X5 64 GB,"5,6000","2,32",3.672,Black,9.333,28.0,DDR5,6000,2,32,64,13629.42
Corsair Vengeance 16 GB,"5,5200","2,8",4.061,Black,15.385,40.0,DDR5,5200,2,8,16,3768.84
G.Skill Ripjaws S5 64 GB,"5,6000","2,32",2.422,Black,12.0,36.0,DDR5,6000,2,32,64,8989.42
Crucial CP2K64G56C46U5 128 GB,"5,5600","2,64",2.344,Black,16.429,46.0,DDR5,5600,2,64,128,17399.420000000002
TEAMGROUP T-Create Expert 32 GB,"5,6000","2,16",2.75,Black,12.667,38.0,DDR5,6000,2,16,32,5103.42
Patriot Viper Venom 32 GB,"5,6400","2,16",2.75,Black / White,10.0,32.0,DDR5,6400,2,16,32,5103.42
G.Skill Flare X5 32 GB,"5,6000","2,16",4.0,Black,9.333,28.0,DDR5,6000,2,16,32,7423.42
Crucial Pro 32 GB,"5,6400","2,16",2.562,Black,11.875,38.0,DDR5,6400,2,16,32,4755.42
Corsair Vengeance RGB 128 GB,"5,5600","4,32",4.312,Black,14.286,40.0,DDR5,5600,4,32,128,32015.420000000002
Corsair Vengeance RGB Pro SL 32 GB,"4,3600","2,16",3.437,White / Black,10.0,18.0,DDR4,3600,2,16,32,6379.42
Corsair Dominator Titanium 96 GB,"5,6600","2,48",4.427,Black,9.697,32.0,DDR5,6600,2,48,96,24649.420000000002
Corsair Vengeance 64 GB,"5,6400","2,32",3.594,Black / Gray,10.0,32.0,DDR5,6400,2,32,64,13339.42
Kingston FURY Beast 16 GB,"5,6000","2,8",4.249,Black,10.0,30.0,DDR5,6000,2,8,16,3942.84
TEAMGROUP T-Create Classic 32 GB,"5,5600","2,16",2.343,Black,16.429,46.0,DDR5,5600,2,16,32,4349.42
Corsair Vengeance 32 GB,"5,6000","2,16",2.718,Black,12.0,36.0,DDR5,6000,2,16,32,5045.42
Patriot Viper Elite 5 RGB 32 GB,"5,6000","2,16",3.218,White,10.0,30.0,DDR5,6000,2,16,32,5973.42
TEAMGROUP T-Force Delta RGB 64 GB,"5,6000","2,32",2.89,White,12.667,38.0,DDR5,6000,2,32,64,10729.42
Corsair Vengeance RGB 64 GB,"5,6000","2,32",4.062,White / Silver,10.0,30.0,DDR5,6000,2,32,64,15079.42
G.Skill Trident Z5 Royal 32 GB,"5,6400","2,16",4.843,White,9.375,30.0,DDR5,6400,2,16,32,8989.42
Kingston FURY Beast 32 GB,"5,5600","2,16",3.332,Black,12.857,36.0,DDR5,5600,2,16,32,6184.54
Corsair Vengeance RGB 32 GB,"5,5200","2,16",3.031,White,15.385,40.0,DDR5,5200,2,16,32,5625.42
TEAMGROUP T-Force Vulcan Z 32 GB,"4,3200","2,16",2.063,Gray,10.0,16.0,DDR4,3200,2,16,32,3829.7400000000002
G.Skill Ripjaws V 32 GB,"4,3600","2,16",2.812,Black,8.889,16.0,DDR4,3600,2,16,32,5219.42
TEAMGROUP T-Force Delta RGB 16 GB,"4,3600","2,8",3.187,Black,10.0,18.0,DDR4,3600,2,8,16,2957.42
G.Skill Trident Z RGB 16 GB,"4,3600","2,8",3.437,Black,10.0,18.0,DDR4,3600,2,8,16,3189.42
Kingston FURY Beast RGB 32 GB,"5,6000","2,16",4.412,White,10.0,30.0,DDR5,6000,2,16,32,8189.0199999999995
Corsair Vengeance 128 GB,"5,6400","2,64",2.914,Black,13.125,42.0,DDR5,6400,2,64,128,21633.420000000002
Corsair Vengeance RGB 16 GB,"5,5200","2,8",4.249,Black / Gray,15.385,40.0,DDR5,5200,2,8,16,3942.84
Crucial CT2K8G48C40U5 16 GB,"5,4800","2,8",2.624,Black,16.667,40.0,DDR5,4800,2,8,16,2435.42
G.Skill Trident Z5 Neo 64 GB,"5,6000","2,32",3.203,Black / Silver,10.0,30.0,DDR5,6000,2,32,64,11889.42
Silicon Power XPOWER Pulse Gaming 32 GB,"5,6000","2,16",2.499,Black,12.0,36.0,DDR5,6000,2,16,32,4638.26
Corsair Vengeance RGB 32 GB,"5,6000","2,16",4.625,Black,9.333,28.0,DDR5,6000,2,16,32,8583.42
Silicon Power SP016GLLTU160N22 16 GB,"3,1600","2,8",1.059,Green,13.75,11.0,DDR3,1600,2,8,16,983.0999999999999
PNY XLR8 Gaming RGB 32 GB,"5,6000","2,16",2.968,Black,12.0,36.0,DDR5,6000,2,16,32,5509.42
G.Skill Trident Z5 RGB 32 GB,"5,7200","2,16",4.375,Black,9.444,34.0,DDR5,7200,2,16,32,8119.42
Kingston FURY Beast 8 GB,"4,3200","1,8",3.736,Black,10.0,16.0,DDR4,3200,1,8,8,1733.6200000000001
Corsair Vengeance 32 GB,"5,5200","2,16",3.031,Black,15.385,40.0,DDR5,5200,2,16,32,5625.42
TEAMGROUP T-Create Expert 32 GB,"4,3200","2,16",1.968,Gray,10.0,16.0,DDR4,3200,2,16,32,3653.42
Silicon Power XPOWER Pulse Gaming 32 GB,"5,6400","2,16",2.656,Black,10.0,32.0,DDR5,6400,2,16,32,4929.42
Corsair Dominator Titanium 96 GB,"5,7000","2,48",4.458,Black,11.429,40.0,DDR5,7000,2,48,96,24823.420000000002
Corsair Vengeance LPX 16 GB,"4,3600","2,8",5.749,Black,10.0,18.0,DDR4,3600,2,8,16,5335.42
Corsair Vengeance RGB Pro 16 GB,"4,3200","2,8",6.119,White,10.0,16.0,DDR4,3200,2,8,16,5678.78
Patriot Viper Venom 16 GB,"5,5200","2,8",3.312,Black / White,13.846,36.0,DDR5,5200,2,8,16,3073.42
G.Skill Trident Z5 Royal 64 GB,"5,6400","2,32",4.062,Silver,10.0,32.0,DDR5,6400,2,32,64,15079.42
Crucial Pro 64 GB,"4,3200","2,32",1.969,Black / Green,13.75,22.0,DDR4,3200,2,32,64,7307.42
Corsair Dominator Titanium 96 GB,"5,6600","2,48",4.375,White,9.697,32.0,DDR5,6600,2,48,96,24359.420000000002
ADATA XPG Lancer Blade RGB 32 GB,"5,6000","2,16",4.218,Black,10.0,30.0,DDR5,6000,2,16,32,7829.42
Corsair Vengeance RGB 128 GB,"5,6400","2,64",,Black,13.125,42.0,DDR5,6400,2,64,128,22619.420000000002
Corsair Vengeance RGB 32 GB,"5,6000","2,16",4.531,White / Silver,10.0,30.0,DDR5,6000,2,16,32,8409.42
Patriot Signature Line 32 GB,"5,4800","2,16",2.249,Black,16.667,40.0,DDR5,4800,2,16,32,4174.84
Crucial CT2K16G48C40U5 32 GB,"5,4800","2,16",2.312,Black,16.667,40.0,DDR5,4800,2,16,32,4290.84
G.Skill Trident Z5 Neo RGB 96 GB,"5,6000","2,48",4.323,Black,9.333,28.0,DDR5,6000,2,48,96,24069.420000000002
TEAMGROUP T-Force Delta RGB 32 GB,"5,6000","2,16",2.812,White,12.667,38.0,DDR5,6000,2,16,32,5219.42
Crucial Pro Overclocking 64 GB,"5,6400","2,32",3.125,Black,12.5,40.0,DDR5,6400,2,32,64,11599.42
G.Skill Trident Z5 Neo RGB 64 GB,"5,6000","2,32",3.984,Black,9.333,28.0,DDR5,6000,2,32,64,14789.42
Corsair Vengeance RGB Pro 32 GB,"4,3200","2,16",2.593,Black,10.0,16.0,DDR4,3200,2,16,32,4813.42
Corsair Vengeance 96 GB,"5,6000","2,48",3.385,Black / Silver,10.0,30.0,DDR5,6000,2,48,96,18849.420000000002
Corsair Vengeance LPX 8 GB,"4,2400","1,8",4.624,Black / Yellow,13.333,16.0,DDR4,2400,1,8,8,2145.42
Silicon Power XPOWER Zenith Gaming 64 GB,"5,6000","2,32",2.578,Black,10.0,30.0,DDR5,6000,2,32,64,9569.42
Lexar Ares RGB 32 GB,"5,6000","2,16",3.593,Black,10.0,30.0,DDR5,6000,2,16,32,6669.42
Crucial CT2K8G4DFRA32A 16 GB,"4,3200","2,8",3.534,Green,13.75,22.0,DDR4,3200,2,8,16,3279.32
Corsair Dominator Titanium 32 GB,"5,6000","2,16",5.625,Black,10.0,30.0,DDR5,6000,2,16,32,10439.42
Crucial CT8G4DFS824A 8 GB,"4,2400","1,8",2.498,Green,14.167,17.0,DDR4,2400,1,8,8,1158.84
Timetec PINNACLE Konduit 32 GB,"4,3200","2,16",1.875,White,10.0,16.0,DDR4,3200,2,16,32,3479.42
Kingston FURY Beast RGB 64 GB,"5,6000","2,32",3.828,Black,10.0,30.0,DDR5,6000,2,32,64,14209.42
Corsair Vengeance RGB 64 GB,"5,6000","2,32",3.406,Black,10.0,30.0,DDR5,6000,2,32,64,12643.42
Corsair Vengeance 192 GB,"5,5200","4,48",3.203,Black,14.615,38.0,DDR5,5200,4,48,192,35669.42
G.Skill Trident Z5 RGB 64 GB,"5,6800","2,32",3.984,Black,10.0,34.0,DDR5,6800,2,32,64,14789.42
TEAMGROUP T-Force Vulcan 32 GB,"5,6000","2,16",2.593,Black,12.667,38.0,DDR5,6000,2,16,32,4813.42
G.Skill Trident Z5 Neo 32 GB,"5,6000","2,16",3.656,Black,10.0,30.0,DDR5,6000,2,16,32,6785.42
G.Skill Aegis 16 GB,"4,3200","2,8",2.812,Red / Black,10.0,16.0,DDR4,3200,2,8,16,2609.42
PNY XLR8 32 GB,"4,3600","2,16",1.875,Black,10.0,18.0,DDR4,3600,2,16,32,3479.42
TEAMGROUP Elite 16 GB,"4,2666","2,8",1.812,Black,14.254,19.0,DDR4,2666,2,8,16,1681.4199999999998
Silicon Power XPOWER Zenith RGB Gaming 32 GB,"5,6000","2,16",3.125,Black,10.0,30.0,DDR5,6000,2,16,32,5799.42
G.Skill Ripjaws S5 32 GB,"5,6000","2,16",2.812,Black,12.0,36.0,DDR5,6000,2,16,32,5219.42
OLOy ND4U1632161DJ0DA 32 GB,"4,3200","2,16",2.187,Black,10.0,16.0,DDR4,3200,2,16,32,4059.4199999999996
Corsair Vengeance RGB Pro 32 GB,"4,3200","2,16",4.468,White,10.0,16.0,DDR4,3200,2,16,32,8293.42
ADATA XPG Lancer Blade 32 GB,"5,6000","2,16",4.757,Black,10.0,30.0,DDR5,6000,2,16,32,8828.18
G.Skill Ripjaws V 32 GB,"4,3600","2,16",2.312,Black,10.0,18.0,DDR4,3600,2,16,32,4290.84
Crucial Pro 64 GB,"5,6000","2,32",2.677,Black,13.333,40.0,DDR5,6000,2,32,64,9937.72
Silicon Power XPOWER Turbine 16 GB,"4,3200","2,8",2.123,Blue,10.0,16.0,DDR4,3200,2,8,16,1970.26
G.Skill Trident Z5 Royal Neo RGB 64 GB,"5,6000","2,32",4.062,Silver,10.0,30.0,DDR5,6000,2,32,64,15079.42
Crucial CT16G48C40U5 16 GB,"5,4800","1,16",2.429,Black,16.667,40.0,DDR5,4800,1,16,16,2253.88
Patriot Viper Steel 64 GB,"4,3600","2,32",2.578,Silver / Black,10.0,18.0,DDR4,3600,2,32,64,9569.42
G.Skill Trident Z5 Neo RGB 32 GB,"5,6400","2,16",4.218,Black,9.375,30.0,DDR5,6400,2,16,32,7829.42
Klevv FIT V 32 GB,"5,6000","2,16",2.656,White,10.667,32.0,DDR5,6000,2,16,32,4929.42
TEAMGROUP T-Create Expert 32 GB,"5,6000","2,16",2.281,White,12.667,38.0,DDR5,6000,2,16,32,4233.42
Kingston FURY Beast RGB 16 GB,"5,6000","2,8",4.749,Black,12.0,36.0,DDR5,6000,2,8,16,4406.84
Corsair Vengeance 32 GB,"5,6400","2,16",3.593,Black,10.0,32.0,DDR5,6400,2,16,32,6669.42
Corsair Vengeance RGB 96 GB,"5,6000","2,48",3.646,Black / Silver,10.0,30.0,DDR5,6000,2,48,96,20299.420000000002
Corsair Vengeance RGB 32 GB,"5,8000","2,16",6.093,Black / Gray,9.0,36.0,DDR5,8000,2,16,32,11309.42
Corsair Vengeance LPX 32 GB,"4,3600","2,16",5.031,Black / Yellow,10.0,18.0,DDR4,3600,2,16,32,9337.42
Patriot Viper Xtreme 5 32 GB,"5,8200","2,16",4.218,Black,9.268,38.0,DDR5,8200,2,16,32,7829.42
TEAMGROUP T-Force Delta RGB 32 GB,"4,3600","2,16",4.272,Black,10.0,18.0,DDR4,3600,2,16,32,7928.0199999999995
G.Skill Ripjaws V 16 GB,"4,3600","2,8",2.874,Black,10.0,18.0,DDR4,3600,2,8,16,2667.42
G.Skill Trident Z Neo 32 GB,"4,3600","2,16",3.125,Black / Silver,8.889,16.0,DDR4,3600,2,16,32,5799.42
Timetec PINNACLE Konduit 32 GB,"4,3200","2,16",1.875,Black,10.0,16.0,DDR4,3200,2,16,32,3479.42
Patriot Viper Venom RGB 32 GB,"5,6000","2,16",2.843,Black / Silver,10.0,30.0,DDR5,6000,2,16,32,5277.42
Kingston FURY Beast 128 GB,"5,5600","4,32",3.148,White,14.286,40.0,DDR5,5600,4,32,128,23373.420000000002
Corsair Vengeance 48 GB,"5,6000","2,24",3.75,Black / Gray,10.0,30.0,DDR5,6000,2,24,48,10439.42
Kingston FURY Beast 16 GB,"5,5600","2,8",4.062,Black / Silver,12.857,36.0,DDR5,5600,2,8,16,3769.4199999999996
G.Skill Trident Z5 Royal Neo RGB 96 GB,"5,6000","2,48",4.687,Silver,9.333,28.0,DDR5,6000,2,48,96,26099.420000000002
TEAMGROUP T-Force Delta RGB 32 GB,"5,6400","2,16",3.375,Black,10.0,32.0,DDR5,6400,2,16,32,6263.42
G.Skill Ripjaws S5 96 GB,"5,6400","2,48",2.969,Black,10.0,32.0,DDR5,6400,2,48,96,16529.420000000002
TEAMGROUP T-Force Delta RGB 32 GB,"4,3200","2,16",2.342,Black,10.0,16.0,DDR4,3200,2,16,32,4346.5199999999995
G.Skill Trident Z5 RGB 32 GB,"5,6000","2,16",2.999,Black,12.0,36.0,DDR5,6000,2,16,32,5566.84
Silicon Power SP016GBLFU320B22 16 GB,"4,3200","2,8",2.498,,13.75,22.0,DDR4,3200,2,8,16,2318.2599999999998
G.Skill Trident Z5 Neo RGB 32 GB,"5,6400","2,16",4.218,White,9.375,30.0,DDR5,6400,2,16,32,7829.42
G.Skill Ripjaws S5 32 GB,"5,5600","2,16",3.125,Black,10.0,28.0,DDR5,5600,2,16,32,5799.42
Corsair Vengeance LPX 64 GB,"4,3600","2,32",2.015,Black,10.0,18.0,DDR4,3600,2,32,64,7481.42
Patriot Viper Venom 32 GB,"5,7000","2,16",3.593,Black / White,9.143,32.0,DDR5,7000,2,16,32,6669.42
TEAMGROUP T-Force Delta RGB 32 GB,"5,6400","2,16",3.375,White,10.0,32.0,DDR5,6400,2,16,32,6263.42
G.Skill Aegis 32 GB,"4,3200","2,16",2.187,Red / Black,10.0,16.0,DDR4,3200,2,16,32,4058.84
TEAMGROUP T-Create Expert 32 GB,"5,6400","2,16",2.812,Black,10.0,32.0,DDR5,6400,2,16,32,5219.42
Kingston FURY Beast RGB 64 GB,"5,6000","2,32",3.75,White,10.0,30.0,DDR5,6000,2,32,64,13919.42
Lexar THOR OC 32 GB,"5,6000","2,16",3.281,Black / Gold,10.667,32.0,DDR5,6000,2,16,32,6089.42
Silicon Power XPOWER Zenith RGB Gaming 64 GB,"5,6000","2,32",2.656,White,10.0,30.0,DDR5,6000,2,32,64,9859.42
Corsair Vengeance 64 GB,"5,6000","2,32",3.437,Black / Gray,10.0,30.0,DDR5,6000,2,32,64,12759.42
TEAMGROUP T-Create Expert 64 GB,"5,6000","2,32",2.765,Black,11.333,34.0,DDR5,6000,2,32,64,10265.42
Corsair Vengeance RGB 32 GB,"5,6000","2,16",4.531,Black / Gray,10.0,30.0,DDR5,6000,2,16,32,8409.42
Kingston FURY Beast 128 GB,"5,5600","2,64",2.656,Black,12.857,36.0,DDR5,5600,2,64,128,19719.420000000002
Patriot Viper Venom 16 GB,"5,6400","2,8",3.124,Black / Red,10.0,32.0,DDR5,6400,2,8,16,2899.42
Timetec PINNACLE Konduit 16 GB,"4,3200","2,8",1.999,White,10.0,16.0,DDR4,3200,2,8,16,1855.4199999999998
G.Skill Trident Z5 RGB 64 GB,"5,6000","2,32",2.5,Black,12.0,36.0,DDR5,6000,2,32,64,9279.42
Corsair Dominator Titanium 64 GB,"5,6000","2,32",4.687,White,10.0,30.0,DDR5,6000,2,32,64,17399.420000000002
Patriot Viper Venom 16 GB,"5,6000","1,16",3.062,Black / White,10.0,30.0,DDR5,6000,1,16,16,2841.42
Silicon Power XPOWER Zenith RGB Gaming 32 GB,"5,6000","2,16",3.125,White,10.0,30.0,DDR5,6000,2,16,32,5799.42
Corsair Vengeance RGB 64 GB,"5,6400","2,32",3.828,Black / Gray,10.0,32.0,DDR5,6400,2,32,64,14209.42
Corsair Vengeance 64 GB,"5,5600","2,32",2.344,Black,14.286,40.0,DDR5,5600,2,32,64,8699.42
G.Skill Trident Z RGB 32 GB,"4,3200","2,16",3.298,Black,10.0,16.0,DDR4,3200,2,16,32,6120.74
Kingston KCP424NS6/4 4 GB,"4,2400","1,4",2.498,Green / Black,14.167,17.0,DDR4,2400,1,4,4,579.42
G.Skill Trident Z5 Royal 48 GB,"5,8400","2,24",5.833,Silver,9.524,40.0,DDR5,8400,2,24,48,16239.42
Corsair Vengeance LPX 32 GB,"4,3600","2,16",2.684,Black / Yellow,8.889,16.0,DDR4,3600,2,16,32,4981.04
G.Skill Trident Z5 RGB 48 GB,"5,8000","2,24",4.479,Black,10.0,40.0,DDR5,8000,2,24,48,12469.42
Corsair Vengeance 128 GB,"5,5600","4,32",4.226,Black,14.286,40.0,DDR5,5600,4,32,128,31377.420000000002
Kingston FURY Beast RGB 128 GB,"5,5200","4,32",3.125,Black,15.385,40.0,DDR5,5200,4,32,128,23199.420000000002
G.Skill Flare X5 32 GB,"5,6000","2,16",3.281,Black,10.667,32.0,DDR5,6000,2,16,32,6089.42
TEAMGROUP Elite 32 GB,"4,3200","2,16",2.468,Black,13.75,22.0,DDR4,3200,2,16,32,4580.84
TEAMGROUP T-Force Delta RGB 32 GB,"5,6000","2,16",2.812,Black,12.667,38.0,DDR5,6000,2,16,32,5219.42
ADATA XPG SPECTRIX D35G RGB 16 GB,"4,3200","2,8",3.437,Black,10.0,16.0,DDR4,3200,2,8,16,3189.42
Crucial Pro 32 GB,"5,6400","2,16",2.968,White,11.875,38.0,DDR5,6400,2,16,32,5509.42
G.Skill Trident Z RGB 64 GB,"4,3600","2,32",2.344,Black,10.0,18.0,DDR4,3600,2,32,64,8699.42
TEAMGROUP T-Force Vulcan Z 16 GB,"4,3200","2,8",2.437,Gray,10.0,16.0,DDR4,3200,2,8,16,2261.42
Patriot Viper Venom 64 GB,"5,6000","2,32",2.5,Black / White,12.0,36.0,DDR5,6000,2,32,64,9279.42
Corsair Vengeance RGB 32 GB,"5,6000","2,16",3.812,White,13.333,40.0,DDR5,6000,2,16,32,7075.42
Crucial CT51264BA160B 4 GB,"3,1600","1,4",2.572,Green,13.75,11.0,DDR3,1600,1,4,4,596.8199999999999
Corsair Vengeance LPX 16 GB,"4,3000","2,8",5.374,Black / Yellow,10.0,15.0,DDR4,3000,2,8,16,4987.42
Silicon Power XPOWER Turbine 32 GB,"4,3200","2,16",1.906,Blue,10.0,16.0,DDR4,3200,2,16,32,3537.42
TEAMGROUP T-Force Delta RGB 16 GB,"5,6000","2,8",4.874,White,12.667,38.0,DDR5,6000,2,8,16,4523.42
Corsair Dominator Titanium 64 GB,"5,6000","2,32",5.0,Black,10.0,30.0,DDR5,6000,2,32,64,18559.420000000002
G.Skill Ripjaws S5 32 GB,"5,6400","2,16",3.437,Black,10.0,32.0,DDR5,6400,2,16,32,6379.42
G.Skill Flare X5 96 GB,"5,5200","2,48",1.927,Black,15.385,40.0,DDR5,5200,2,48,96,10729.42
Klevv BOLT V 32 GB,"5,6000","2,16",2.937,Black,10.0,30.0,DDR5,6000,2,16,32,5451.42
G.Skill Ripjaws M5 Neo RGB 32 GB,"5,6000","2,16",2.968,Black,12.0,36.0,DDR5,6000,2,16,32,5509.42
Corsair Vengeance RGB 32 GB,"5,6400","2,16",3.687,Black / Gray,10.0,32.0,DDR5,6400,2,16,32,6843.42
Corsair Vengeance 32 GB,"5,6000","2,16",4.25,Black,9.333,28.0,DDR5,6000,2,16,32,7887.42
TEAMGROUP Vulcan Z 16 GB,"4,3600","2,8",2.687,Black,10.0,18.0,DDR4,3600,2,8,16,2493.42
Silicon Power GAMING 16 GB,"4,3600","2,8",2.373,Gray / Silver,10.0,18.0,DDR4,3600,2,8,16,2202.2599999999998
TEAMGROUP T-Create Expert 96 GB,"5,6400","2,48",3.042,Black / Gold,10.0,32.0,DDR5,6400,2,48,96,16935.420000000002
G.Skill Ripjaws S5 32 GB,"5,5200","2,16",2.656,Black,15.385,40.0,DDR5,5200,2,16,32,4929.42
Corsair Vengeance RGB 64 GB,"5,6000","2,32",2.89,Black,13.333,40.0,DDR5,6000,2,32,64,10729.42
TEAMGROUP T-Create Expert 32 GB,"5,7200","2,16",3.468,Black,9.444,34.0,DDR5,7200,2,16,32,6437.42
Corsair Vengeance 96 GB,"5,6400","2,48",3.437,Black,10.0,32.0,DDR5,6400,2,48,96,19139.420000000002
Patriot Signature Line 16 GB,"5,4800","1,16",2.187,Black,16.667,40.0,DDR5,4800,1,16,16,2029.42
Corsair Vengeance RGB 64 GB,"5,6400","2,32",4.344,White,10.0,32.0,DDR5,6400,2,32,64,16123.42
Crucial CT2K64G56C46U5 128 GB,"5,5600","2,64",2.187,Black,16.429,46.0,DDR5,5600,2,64,128,16239.42
G.Skill Trident Z RGB 16 GB,"4,3200","2,8",3.437,Black,10.0,16.0,DDR4,3200,2,8,16,3189.42
TEAMGROUP T-Force Delta RGB 32 GB,"5,6400","2,16",2.812,Black,12.5,40.0,DDR5,6400,2,16,32,5219.42
Silicon Power XPOWER Zenith Gaming 64 GB,"5,6000","2,32",2.578,White,10.0,30.0,DDR5,6000,2,32,64,9569.42
Kingston FURY Beast RGB 128 GB,"5,5600","2,64",2.734,Black,12.857,36.0,DDR5,5600,2,64,128,20299.420000000002
Patriot Viper Venom 16 GB,"5,6000","2,8",3.062,Black / Silver,12.0,36.0,DDR5,6000,2,8,16,2841.42
Corsair Vengeance RGB Pro 32 GB,"4,3200","4,8",4.031,Black,10.0,16.0,DDR4,3200,4,8,32,7481.42
G.Skill Ripjaws M5 RGB 32 GB,"5,6000","2,16",3.593,White,10.0,30.0,DDR5,6000,2,16,32,6669.42
Kingston FURY Beast 16 GB,"4,3200","1,16",4.659,Black,10.0,16.0,DDR4,3200,1,16,16,4323.320000000001
G.Skill Flare X5 96 GB,"5,6000","2,48",3.437,Black,10.0,30.0,DDR5,6000,2,48,96,19139.420000000002
Kingston FURY Beast 32 GB,"5,5200","2,16",2.937,Black / Silver,15.385,40.0,DDR5,5200,2,16,32,5451.42
Patriot Viper Venom 32 GB,"5,5600","2,16",2.625,Black / White,12.857,36.0,DDR5,5600,2,16,32,4871.42
Silicon Power XPOWER Storm RGB 32 GB,"5,6400","2,16",2.968,Black,10.0,32.0,DDR5,6400,2,16,32,5508.26
Corsair Vengeance LPX 16 GB,"4,3600","2,8",3.062,Black / Yellow,8.889,16.0,DDR4,3600,2,8,16,2841.42
Corsair Dominator Platinum RGB 64 GB,"5,6600","4,16",5.906,Black,9.697,32.0,DDR5,6600,4,16,64,21923.420000000002
Silicon Power XPOWER Storm RGB 32 GB,"5,6000","2,16",2.687,White,12.0,36.0,DDR5,6000,2,16,32,4987.42
TEAMGROUP Elite 16 GB,"4,3200","2,8",3.062,Black,13.75,22.0,DDR4,3200,2,8,16,2841.42
Klevv BOLT X 32 GB,"4,3600","2,16",2.531,Black,10.0,18.0,DDR4,3600,2,16,32,4696.84
Crucial Classic 64 GB,"5,5600","2,32",2.047,Black,16.429,46.0,DDR5,5600,2,32,64,7597.42
Corsair Vengeance RGB 32 GB,"5,6000","2,16",2.968,Black / Gray,12.0,36.0,DDR5,6000,2,16,32,5509.42
TEAMGROUP T-Create Expert 16 GB,"4,3200","2,8",2.874,Gray,10.0,16.0,DDR4,3200,2,8,16,2667.42
Klevv BOLT X 16 GB,"4,3600","2,8",2.999,Black,10.0,18.0,DDR4,3600,2,8,16,2783.42
Corsair Vengeance 32 GB,"5,4800","2,16",2.968,Black,16.667,40.0,DDR5,4800,2,16,32,5509.42
G.Skill Aegis 16 GB,"4,3000","2,8",2.312,Black / Red,10.667,16.0,DDR4,3000,2,8,16,2145.42
TEAMGROUP Elite 32 GB,"5,5600","2,16",2.374,Black,16.429,46.0,DDR5,5600,2,16,32,4406.84
Corsair Vengeance 32 GB,"5,5600","2,16",2.812,Black / Gray,14.286,40.0,DDR5,5600,2,16,32,5219.42
Patriot Viper Venom RGB 32 GB,"5,6000","2,16",2.656,Black / White,12.0,36.0,DDR5,6000,2,16,32,4929.42
Timetec PINNACLE Konduit 16 GB,"4,3600","2,8",2.124,White,10.0,18.0,DDR4,3600,2,8,16,1971.42
Patriot Viper 4 Blackout 64 GB,"4,3000","2,32",18.81,Black,10.667,16.0,DDR4,3000,2,32,64,69823.87999999999
Crucial CT64G4YFQ426S 64 GB,"4,2666","1,64",10.155,Green / Black,14.254,19.0,DDR4,2666,1,64,64,37697.100000000006
G.Skill Ripjaws S5 64 GB,"5,6000","2,32",3.015,Black,10.0,30.0,DDR5,6000,2,32,64,11193.42
Corsair Vengeance RGB 32 GB,"5,5600","2,16",3.812,Black / Gray,14.286,40.0,DDR5,5600,2,16,32,7075.42
TEAMGROUP T-Force Delta RGB 32 GB,"5,6400","2,16",2.812,White,12.5,40.0,DDR5,6400,2,16,32,5219.42
Crucial CT64G56C46U5 64 GB,"5,5600","1,64",2.453,Black,16.429,46.0,DDR5,5600,1,64,64,9105.42
TEAMGROUP T-Force DELTAα RGB 16 GB,"5,6000","2,8",4.374,White,12.667,38.0,DDR5,6000,2,8,16,4059.4199999999996
G.Skill Ripjaws V 32 GB,"4,4000","2,16",3.125,Black,9.0,18.0,DDR4,4000,2,16,32,5799.42
TEAMGROUP T-Force Delta RGB 64 GB,"5,6000","2,32",2.89,Black,12.667,38.0,DDR5,6000,2,32,64,10729.42
Klevv KD5AGU880-56K300F 32 GB,"5,5600","2,16",2.531,White,10.714,30.0,DDR5,5600,2,16,32,4696.84
Crucial CT8G48C40U5 8 GB,"5,4800","1,8",3.123,Black,16.667,40.0,DDR5,4800,1,8,8,1448.84
Acer Predator Vesta II RGB 32 GB,"5,6000","2,16",4.494,Black,10.0,30.0,DDR5,6000,2,16,32,8340.400000000001
Silicon Power XPOWER Zenith RGB Gaming 32 GB,"4,3600","2,16",2.125,Black,10.0,18.0,DDR4,3600,2,16,32,3943.4199999999996
Kingston FURY Beast RGB 32 GB,"4,3600","2,16",5.002,Black,10.0,18.0,DDR4,3600,2,16,32,9282.900000000001
TEAMGROUP T-Force Delta RGB 32 GB,"5,6000","2,16",3.906,Black,9.333,28.0,DDR5,6000,2,16,32,7249.42
Corsair Vengeance 96 GB,"5,6000","2,48",3.698,Black,10.0,30.0,DDR5,6000,2,48,96,20589.420000000002
Lexar Ares RGB 32 GB,"5,6400","2,16",3.687,Black / Silver,10.0,32.0,DDR5,6400,2,16,32,6843.42
G.Skill Flare X5 128 GB,"5,6000","2,64",3.125,Black,11.333,34.0,DDR5,6000,2,64,128,23199.420000000002
Crucial Pro 96 GB,"5,5600","2,48",2.187,Black,16.429,46.0,DDR5,5600,2,48,96,12179.42
Corsair Vengeance RGB Pro 16 GB,"4,3600","2,8",6.499,Black,10.0,18.0,DDR4,3600,2,8,16,6031.42
G.Skill Trident Z5 RGB 96 GB,"5,6800","2,48",3.542,Black,10.0,34.0,DDR5,6800,2,48,96,19719.420000000002
PNY XLR8 16 GB,"4,3200","2,8",1.999,Black / Red,10.0,16.0,DDR4,3200,2,8,16,1855.4199999999998
Patriot Viper Steel 16 GB,"4,3600","2,8",3.249,Silver / Black,9.444,17.0,DDR4,3600,2,8,16,3015.42
Crucial CT2K8G4DFS824A 16 GB,"4,2400","2,8",1.959,Green / Black,14.167,17.0,DDR4,2400,2,8,16,1818.3000000000002
Kingston FURY Beast RGB 64 GB,"5,6400","2,32",7.75,Black,10.0,32.0,DDR5,6400,2,32,64,28768.579999999998
TEAMGROUP T-Force Delta RGB 16 GB,"4,3200","2,8",3.124,White,10.0,16.0,DDR4,3200,2,8,16,2899.42
TEAMGROUP T-Create Expert 48 GB,"5,6400","2,24",3.041,Black / Gold,10.0,32.0,DDR5,6400,2,24,48,8467.42
Crucial Classic 8 GB,"5,5600","1,8",2.749,Black,16.429,46.0,DDR5,5600,1,8,8,1275.4199999999998
Corsair Vengeance LPX 256 GB,"4,3200","8,32",2.749,Black / Yellow,10.0,16.0,DDR4,3200,8,32,256,40817.5
Crucial CT8G4DFRA32A 8 GB,"4,3200","1,8",3.215,Green,13.75,22.0,DDR4,3200,1,8,8,1491.76
G.Skill Trident Z5 Neo RGB 64 GB,"5,6000","2,32",5.469,White / Black,8.667,26.0,DDR5,6000,2,32,64,20299.420000000002
G.Skill Trident Z RGB 32 GB,"4,3200","4,8",2.469,Black,10.0,16.0,DDR4,3200,4,8,32,4582.0
Patriot Viper 3 16 GB,"3,1866","2,8",1.624,Black / Silver,10.718,10.0,DDR3,1866,2,8,16,1507.4199999999998
Patriot Viper Venom 32 GB,"5,6000","1,32",2.968,Black / White,10.0,30.0,DDR5,6000,1,32,32,5509.42
Corsair Dominator Titanium 64 GB,"5,6400","4,16",5.906,White,10.0,32.0,DDR5,6400,4,16,64,21923.420000000002
Corsair Dominator Platinum RGB 32 GB,"5,6200","2,16",5.406,Black,11.613,36.0,DDR5,6200,2,16,32,10033.42
TEAMGROUP T-Create Expert 64 GB,"5,6400","2,32",2.828,Black,10.625,34.0,DDR5,6400,2,32,64,10497.42
TEAMGROUP Elite 16 GB,"4,3200","1,16",3.062,Black,13.75,22.0,DDR4,3200,1,16,16,2841.42
TEAMGROUP T-Force Delta RGB 32 GB,"5,6000","2,16",2.906,White,12.667,38.0,DDR5,6000,2,16,32,5393.42
Corsair Vengeance LPX 32 GB,"4,3200","2,16",2.53,Black / Yellow,10.0,16.0,DDR4,3200,2,16,32,4695.1
Crucial Ballistix MAX 16 GB,"4,5100","2,8",62.188,Black,7.451,19.0,DDR4,5100,2,8,16,57710.0
G.Skill Ripjaws S5 64 GB,"5,5600","2,32",2.969,Black,10.0,28.0,DDR5,5600,2,32,64,11019.42
G.Skill Trident Z5 Royal Neo RGB 96 GB,"5,6000","2,48",4.687,Gold,9.333,28.0,DDR5,6000,2,48,96,26099.420000000002
Crucial CT2K16G56C46U5 32 GB,"5,5600","2,16",2.437,Black,16.429,46.0,DDR5,5600,2,16,32,4522.84
TEAMGROUP T-Create Expert 32 GB,"4,3600","2,16",2.062,Gray,10.0,18.0,DDR4,3600,2,16,32,3826.84
Corsair Vengeance LPX 128 GB,"4,3200","4,32",2.468,Black / Yellow,10.0,16.0,DDR4,3200,4,32,128,18322.199999999997
G.Skill Trident Z5 RGB 32 GB,"5,7600","2,16",4.468,Black,9.474,36.0,DDR5,7600,2,16,32,8293.42
Corsair Vengeance LPX 32 GB,"4,2133","2,16",3.75,Black / Yellow,12.189,13.0,DDR4,2133,2,16,32,6959.42
Samsung M378A2K43CB1-CTD 16 GB,"4,2666","1,16",1.812,Green / Black,14.254,19.0,DDR4,2666,1,16,16,1682.0
Kingston FURY Beast 32 GB,"5,6000","2,16",4.049,White,10.0,30.0,DDR5,6000,2,16,32,7515.64
G.Skill Trident Z5 RGB 48 GB,"5,8400","2,24",5.416,White,9.524,40.0,DDR5,8400,2,24,48,15079.42
Corsair Vengeance RGB 32 GB,"5,5200","2,16",3.218,Black,15.385,40.0,DDR5,5200,2,16,32,5973.42
G.Skill Ripjaws S5 64 GB,"5,6800","2,32",3.797,Black,10.0,34.0,DDR5,6800,2,32,64,14093.42
Patriot Viper Venom 16 GB,"5,5600","2,8",3.374,Black / White,14.286,40.0,DDR5,5600,2,8,16,3131.42
ADATA XPG SPECTRIX D35G RGB 32 GB,"4,3200","2,16",3.125,Black,10.0,16.0,DDR4,3200,2,16,32,5799.42
G.Skill Trident Z5 Royal Neo RGB 32 GB,"5,6400","2,16",4.687,Silver,9.375,30.0,DDR5,6400,2,16,32,8699.42
G.Skill Trident Z5 RGB 32 GB,"5,8000","2,16",5.156,Black,9.5,38.0,DDR5,8000,2,16,32,9569.42
G.Skill Ripjaws M5 Neo RGB 32 GB,"5,6000","2,16",2.968,White,12.0,36.0,DDR5,6000,2,16,32,5509.42
G.Skill Trident Z5 RGB 64 GB,"5,6000","2,32",3.437,Black,10.0,30.0,DDR5,6000,2,32,64,12759.42
Samsung M378A1K43CB2-CRC 8 GB,"4,2400","1,8",2.885,Green,14.167,17.0,DDR4,2400,1,8,8,1338.6399999999999
Kingston Server Premier 64 GB,"4,3200","1,64",3.594,,13.75,22.0,DDR4,3200,1,64,64,13339.42
G.Skill Flare X5 32 GB,"5,6000","2,16",4.0,White,9.333,28.0,DDR5,6000,2,16,32,7423.42
Corsair Vengeance 64 GB,"5,5600","4,16",3.422,Black,12.857,36.0,DDR5,5600,4,16,64,12701.42
Kingston FURY Beast 16 GB,"5,6000","2,8",4.585,Black / Silver,12.0,36.0,DDR5,6000,2,8,16,4254.88
G.Skill Trident Z5 Neo RGB 32 GB,"5,6000","2,16",4.375,Silver / Black,10.0,30.0,DDR5,6000,2,16,32,8119.42
Corsair Vengeance 32 GB,"5,6400","2,16",3.281,Black,11.25,36.0,DDR5,6400,2,16,32,6089.42
G.Skill Trident Z5 Neo RGB 64 GB,"5,6000","2,32",3.984,White / Black,9.333,28.0,DDR5,6000,2,32,64,14789.42
Kingston FURY Beast RGB 64 GB,"5,6400","2,32",8.185,White,10.0,32.0,DDR5,6400,2,32,64,30381.56
TEAMGROUP T-Force Delta RGB 32 GB,"5,6000","2,16",3.906,White,9.333,28.0,DDR5,6000,2,16,32,7249.42
G.Skill Ripjaws M5 RGB 48 GB,"5,5200","2,24",2.291,White,15.385,40.0,DDR5,5200,2,24,48,6379.42
Corsair Vengeance 64 GB,"5,6600","2,32",4.453,Black / Gray,9.697,32.0,DDR5,6600,2,32,64,16530.0
Corsair Vengeance LPX 16 GB,"4,3200","2,8",2.874,Black,10.0,16.0,DDR4,3200,2,8,16,2667.42
G.Skill Ripjaws S5 32 GB,"5,6000","2,16",3.437,White,10.0,30.0,DDR5,6000,2,16,32,6379.42
TEAMGROUP T-Create Expert 64 GB,"5,6400","2,32",2.828,White,10.625,34.0,DDR5,6400,2,32,64,10497.42
Corsair Vengeance LPX 16 GB,"4,2666","2,8",2.999,Black / Yellow,12.003,16.0,DDR4,2666,2,8,16,2783.42
Corsair Dominator Titanium 64 GB,"5,6400","4,16",5.906,Black,10.0,32.0,DDR5,6400,4,16,64,21923.420000000002
G.Skill Flare X5 64 GB,"5,6000","2,32",3.672,White,9.333,28.0,DDR5,6000,2,32,64,13629.42
Patriot Viper Steel 64 GB,"4,3200","2,32",1.982,Gray,10.0,16.0,DDR4,3200,2,32,64,7357.88
G.Skill Ripjaws M5 RGB 96 GB,"5,5200","2,48",1.875,Black,15.385,40.0,DDR5,5200,2,48,96,10439.42
Corsair Vengeance 16 GB,"5,5200","1,16",3.686,Black,15.385,40.0,DDR5,5200,1,16,16,3420.8399999999997
G.Skill Trident Z5 RGB 32 GB,"5,6000","2,16",3.75,Black,10.0,30.0,DDR5,6000,2,16,32,6959.42
Kingston FURY Beast RGB 16 GB,"4,3600","2,8",3.5,Black,9.444,17.0,DDR4,3600,2,8,16,3248.0
G.Skill Ripjaws M5 Neo RGB 32 GB,"5,6000","2,16",2.781,Black,12.0,36.0,DDR5,6000,2,16,32,5160.84
Corsair Vengeance 16 GB,"3,1600","2,8",4.749,Black / Yellow,11.25,9.0,DDR3,1600,2,8,16,4406.84
Corsair Vengeance RGB 32 GB,"5,6400","2,16",3.75,White / Black,11.25,36.0,DDR5,6400,2,16,32,6959.42
G.Skill Trident Z RGB 128 GB,"4,3600","4,32",2.578,Black,10.0,18.0,DDR4,3600,4,32,128,19139.420000000002
Kingston FURY Beast 32 GB,"4,3600","2,16",4.656,Black,10.0,18.0,DDR4,3600,2,16,32,8642.0
G.Skill Trident Z RGB 32 GB,"4,4000","2,16",2.812,Black,9.0,18.0,DDR4,4000,2,16,32,5219.42
TEAMGROUP T-Create Classic 32 GB,"4,3200","2,16",1.718,Silver,13.75,22.0,DDR4,3200,2,16,32,3189.42
Kingston FURY 128 GB,"5,5600","4,32",3.344,White,14.286,40.0,DDR5,5600,4,32,128,24823.420000000002
TEAMGROUP T-Force Delta RGB 32 GB,"5,7200","2,16",3.75,Black / White,9.444,34.0,DDR5,7200,2,16,32,6959.42
PNY XLR8 Gaming RGB 32 GB,"5,6400","2,16",2.812,Black,11.25,36.0,DDR5,6400,2,16,32,5219.42
TEAMGROUP T-Create Expert 32 GB,"5,5600","2,16",2.281,Black / Gold,13.571,38.0,DDR5,5600,2,16,32,4233.42
Kingston FURY Beast 32 GB,"5,5600","2,16",3.187,Black,14.286,40.0,DDR5,5600,2,16,32,5915.42
G.Skill Ripjaws V 8 GB,"4,2400","1,8",8.748,Red,12.5,15.0,DDR4,2400,1,8,8,4058.84
G.Skill Trident Z RGB 96 GB,"5,6400","2,48",3.646,Black,10.0,32.0,DDR5,6400,2,48,96,20299.420000000002
Corsair Vengeance LPX 16 GB,"4,3200","2,8",5.624,White,10.0,16.0,DDR4,3200,2,8,16,5219.42
Crucial CT16G56C46U5 16 GB,"5,5600","1,16",2.562,Black,16.429,46.0,DDR5,5600,1,16,16,2377.42
TEAMGROUP T-Force Vulcan 32 GB,"5,5200","2,16",2.5,Black,15.385,40.0,DDR5,5200,2,16,32,4639.42
G.Skill Trident Z5 Neo 128 GB,"5,6000","2,64",3.281,Black,11.333,34.0,DDR5,6000,2,64,128,24359.420000000002
Patriot Viper Xtreme 5 48 GB,"5,8200","2,24",3.479,Black,9.268,38.0,DDR5,8200,2,24,48,9685.42
Crucial CT16G4DFRA32A 16 GB,"4,3200","1,16",3.233,Green,13.75,22.0,DDR4,3200,1,16,16,3000.3399999999997
Corsair Vengeance RGB Pro 64 GB,"4,3200","4,16",15.396,Black,10.0,16.0,DDR4,3200,4,16,64,57151.46
Patriot Signature 8 GB,"3,1600","1,8",2.373,Black / Green,13.75,11.0,DDR3,1600,1,8,8,1100.84
G.Skill Ripjaws S5 64 GB,"5,6400","2,32",3.594,Black,10.0,32.0,DDR5,6400,2,32,64,13339.42
Patriot Viper Steel 32 GB,"4,3600","2,16",2.031,Silver / Black,10.0,18.0,DDR4,3600,2,16,32,3769.4199999999996
Kingston FURY Beast 16 GB,"5,5200","2,8",3.487,Black / Silver,13.846,36.0,DDR5,5200,2,8,16,3235.82
Crucial CT2K32G48C40U5 64 GB,"5,4800","2,32",2.64,Black,16.667,40.0,DDR5,4800,2,32,64,9801.42
Corsair Vengeance RGB 32 GB,"5,5600","2,16",3.593,Black / Gray,14.286,40.0,DDR5,5600,2,16,32,6669.42
G.Skill Trident Z RGB 256 GB,"4,3600","8,32",2.707,,8.889,16.0,DDR4,3600,8,32,256,40196.899999999994
TEAMGROUP T-Create Expert 32 GB,"5,5600","2,16",2.562,White,13.571,38.0,DDR5,5600,2,16,32,4755.42
G.Skill Trident Z RGB 128 GB,"4,4000","4,32",3.628,Black,9.0,18.0,DDR4,4000,4,32,128,26936.94
Patriot Viper Venom 64 GB,"5,5600","2,32",2.344,Black / White,12.857,36.0,DDR5,5600,2,32,64,8699.42
PNY XLR8 16 GB,"4,3600","2,8",2.062,Black,10.0,18.0,DDR4,3600,2,8,16,1913.42
Corsair Vengeance RGB Pro 64 GB,"4,3200","2,32",7.984,Black,10.0,16.0,DDR4,3200,2,32,64,29638.0
Corsair Dominator Platinum RGB 32 GB,"5,6200","2,16",5.406,White,11.613,36.0,DDR5,6200,2,16,32,10033.42
TEAMGROUP T-Force DELTAα RGB 16 GB,"5,6000","2,8",4.874,Black,12.667,38.0,DDR5,6000,2,8,16,4523.42
G.Skill Trident Z5 Royal 48 GB,"5,8400","2,24",6.208,Gold,9.524,40.0,DDR5,8400,2,24,48,17283.420000000002
G.Skill Trident Z5 Neo RGB 32 GB,"5,6000","2,16",3.125,Black,12.0,36.0,DDR5,6000,2,16,32,5799.42
OLOy MD4U083016BJDA 16 GB,"4,3000","2,8",2.187,Black,10.667,16.0,DDR4,3000,2,8,16,2029.42
Kingston FURY Beast RGB 32 GB,"5,5600","2,16",4.304,Black,12.857,36.0,DDR5,5600,2,16,32,7988.339999999999
G.Skill Trident Z Neo 16 GB,"4,3600","2,8",4.061,Black / Silver,8.889,16.0,DDR4,3600,2,8,16,3768.84
Kingston FURY Beast RGB 16 GB,"5,5600","2,8",4.543,Black,14.286,40.0,DDR5,5600,2,8,16,4216.0199999999995
G.Skill Trident Z5 Neo RGB 32 GB,"5,6400","2,16",4.281,Black,9.375,30.0,DDR5,6400,2,16,32,7945.42
TEAMGROUP T-Force Delta RGB 16 GB,"4,3200","2,8",2.937,Black,10.0,16.0,DDR4,3200,2,8,16,2725.42
G.Skill Trident Z5 Neo RGB 32 GB,"5,6000","2,16",4.375,Silver / Black,9.333,28.0,DDR5,6000,2,16,32,8119.42
Silicon Power XPOWER Storm RGB 32 GB,"5,6000","2,16",2.625,Gray,12.0,36.0,DDR5,6000,2,16,32,4871.42
TEAMGROUP T-Create Expert 16 GB,"4,3600","2,8",2.562,Gray,10.0,18.0,DDR4,3600,2,8,16,2377.42
Kingston FURY Beast RGB 16 GB,"5,6000","2,8",4.936,Black,10.0,30.0,DDR5,6000,2,8,16,4580.84
G.Skill Ripjaws S5 32 GB,"5,6000","2,16",3.281,Black,10.0,30.0,DDR5,6000,2,16,32,6089.42
TEAMGROUP T-Create Expert 32 GB,"5,6400","2,16",2.812,White,10.0,32.0,DDR5,6400,2,16,32,5219.42
Corsair Dominator Titanium 48 GB,"5,7600","2,24",5.396,Black,9.474,36.0,DDR5,7600,2,24,48,15021.42
Patriot Viper Venom 32 GB,"5,6200","2,16",2.812,Black / White,12.903,40.0,DDR5,6200,2,16,32,5219.42
PNY XLR8 Gaming EPIC-X RGB 16 GB,"4,3200","2,8",2.749,Black,10.0,16.0,DDR4,3200,2,8,16,2551.42
Corsair Vengeance RGB Pro SL 32 GB,"4,3600","2,16",3.437,Black,10.0,18.0,DDR4,3600,2,16,32,6379.42
Silicon Power XPOWER Zenith RGB Gaming 64 GB,"5,6000","2,32",2.656,Black,10.0,30.0,DDR5,6000,2,32,64,9859.42
Corsair Vengeance 32 GB,"5,5200","2,16",3.031,White,15.385,40.0,DDR5,5200,2,16,32,5625.42
G.Skill Trident Z RGB 256 GB,"4,2666","8,32",3.512,Black,13.503,18.0,DDR4,2666,8,32,256,52142.0
Kingston FURY Beast 16 GB,"4,3600","2,8",3.062,Black,9.444,17.0,DDR4,3600,2,8,16,2842.0
Corsair Vengeance 32 GB,"5,5200","1,32",2.593,Black,15.385,40.0,DDR5,5200,1,32,32,4813.42
TEAMGROUP T-Force Delta RGB 32 GB,"5,6000","2,16",2.906,Black,12.667,38.0,DDR5,6000,2,16,32,5393.42
Silicon Power XPOWER Zenith RGB Gaming 16 GB,"4,3600","2,8",2.498,Black,10.0,18.0,DDR4,3600,2,8,16,2318.2599999999998
ADATA XPG SPECTRIX D50 16 GB,"4,3200","2,8",4.374,White,10.0,16.0,DDR4,3200,2,8,16,4058.84
Crucial CT32G56C46U5 32 GB,"5,5600","1,32",2.197,Black,16.429,46.0,DDR5,5600,1,32,32,4076.82
G.Skill Ripjaws X 16 GB,"3,1600","2,8",2.312,Black / Red,12.5,10.0,DDR3,1600,2,8,16,2145.42
G.Skill Trident Z5 Neo RGB 48 GB,"5,6400","2,24",3.75,Black,10.0,32.0,DDR5,6400,2,24,48,10439.42
G.Skill Ripjaws M5 RGB 64 GB,"5,6000","2,32",3.359,White,10.0,30.0,DDR5,6000,2,32,64,12469.42
Kingston FURY Beast 64 GB,"5,5600","2,32",3.172,Black,12.857,36.0,DDR5,5600,2,32,64,11774.0
Kingston FURY Beast 16 GB,"5,5200","1,16",3.124,Black / Silver,15.385,40.0,DDR5,5200,1,16,16,2899.42
Corsair Vengeance LPX 32 GB,"4,3600","4,8",3.437,Black / Yellow,10.0,18.0,DDR4,3600,4,8,32,6379.42
Crucial Pro 48 GB,"5,6000","2,24",2.583,Black,16.0,48.0,DDR5,6000,2,24,48,7191.42
TEAMGROUP T-Force Vulcan 32 GB,"5,6400","2,16",2.953,Black / Silver,10.0,32.0,DDR5,6400,2,16,32,5480.42
G.Skill Ripjaws V 64 GB,"4,3600","2,32",2.469,Black,10.0,18.0,DDR4,3600,2,32,64,9163.42
Crucial CT2K16G4DFRA32A 32 GB,"4,3200","2,16",3.125,Green / Black,13.75,22.0,DDR4,3200,2,16,32,5799.42
Kingston FURY Beast 32 GB,"5,6000","2,16",4.1,Black,10.0,30.0,DDR5,6000,2,16,32,7609.0199999999995
TEAMGROUP T-Force Vulcan Z 16 GB,"4,3200","2,8",3.688,Red,10.0,16.0,DDR4,3200,2,8,16,3422.0
Patriot Viper Steel 16 GB,"4,3200","2,8",,Silver / Black,10.0,16.0,DDR4,3200,2,8,16,2550.8399999999997
G.Skill Trident Z Royal 32 GB,"4,3600","2,16",3.125,Silver,10.556,19.0,DDR4,3600,2,16,32,5799.42
G.Skill Ripjaws S5 96 GB,"5,6800","2,48",3.229,Black,10.0,34.0,DDR5,6800,2,48,96,17979.420000000002
G.Skill Trident Z5 Royal 96 GB,"5,6400","2,48",3.333,Silver,10.0,32.0,DDR5,6400,2,48,96,18559.420000000002
G.Skill Trident Z5 Neo RGB 64 GB,"5,6000","2,32",2.656,Black,12.0,36.0,DDR5,6000,2,32,64,9859.42
G.Skill Flare X5 32 GB,"5,5600","2,16",2.656,Black,12.857,36.0,DDR5,5600,2,16,32,4929.42
Corsair Vengeance LPX 16 GB,"4,2133","2,8",4.4,Black / Yellow,12.189,13.0,DDR4,2133,2,8,16,4083.2000000000003
Corsair Vengeance RGB 32 GB,"5,6200","2,16",4.406,White,11.613,36.0,DDR5,6200,2,16,32,8177.42
Corsair Vengeance RGB 32 GB,"5,7200","2,16",3.96,Black,9.444,34.0,DDR5,7200,2,16,32,7349.179999999999
TEAMGROUP Elite Plus 16 GB,"5,6000","1,16",2.624,Black,13.333,40.0,DDR5,6000,1,16,16,2435.42
Corsair Dominator Titanium 96 GB,"5,6400","4,24",4.906,Black,10.0,32.0,DDR5,6400,4,24,96,27317.420000000002
TEAMGROUP T-Create Expert 48 GB,"5,6400","2,24",2.916,White,10.0,32.0,DDR5,6400,2,24,48,8119.42
G.Skill Ripjaws V 16 GB,"4,3200","1,16",2.687,Black,10.0,16.0,DDR4,3200,1,16,16,2493.42
G.Skill Trident Z5 Neo RGB 32 GB,"5,8000","2,16",5.156,Black,9.5,38.0,DDR5,8000,2,16,32,9569.42
Patriot Viper Elite 5 RGB 16 GB,"5,6000","1,16",2.999,White,14.0,42.0,DDR5,6000,1,16,16,2783.42
V-Color TRA564G60D436O 512 GB,"5,6000","8,64",7.3,Black,12.0,36.0,DDR5,6000,8,64,512,216774.41999999998
G.Skill Trident Z5 Neo RGB 64 GB,"5,6000","2,32",3.906,Silver / Black,10.0,30.0,DDR5,6000,2,32,64,14499.42
Corsair Dominator Platinum RGB 64 GB,"5,6800","2,32",5.0,Black,11.765,40.0,DDR5,6800,2,32,64,18559.420000000002
Corsair Dominator Titanium 48 GB,"5,7200","2,24",5.25,White,10.0,36.0,DDR5,7200,2,24,48,14615.42
G.Skill Ripjaws V 64 GB,"4,3200","4,16",2.5,Black,10.0,16.0,DDR4,3200,4,16,64,9279.42
G.Skill Ripjaws M5 RGB 64 GB,"5,6400","2,32",3.594,White,10.0,32.0,DDR5,6400,2,32,64,13339.42
OLOy MD4U083216BJDA 16 GB,"4,3200","2,8",,Black,10.0,16.0,DDR4,3200,2,8,16,2609.42
Kingston FURY Beast 64 GB,"5,6000","2,32",3.838,White,10.0,30.0,DDR5,6000,2,32,64,14246.539999999999
Corsair Vengeance RGB Pro 32 GB,"4,3600","2,16",3.25,Black,10.0,18.0,DDR4,3600,2,16,32,6031.42
Corsair Vengeance RGB 48 GB,"5,6000","2,24",3.958,Black / Gray,10.0,30.0,DDR5,6000,2,24,48,11019.42
TEAMGROUP T-Create Expert 48 GB,"5,7200","2,24",3.521,Black,9.444,34.0,DDR5,7200,2,24,48,9801.42
Kingston FURY Beast 32 GB,"5,5200","2,16",3.562,Black,13.846,36.0,DDR5,5200,2,16,32,6611.42
G.Skill Ripjaws M5 Neo RGB 96 GB,"5,6000","2,48",3.229,White,10.0,30.0,DDR5,6000,2,48,96,17979.420000000002
Corsair Vengeance RGB 96 GB,"5,6600","2,48",3.739,Black / Silver,9.697,32.0,DDR5,6600,2,48,96,20821.420000000002
G.Skill Trident Z5 RGB 64 GB,"5,6400","2,32",3.75,White / Black,10.0,32.0,DDR5,6400,2,32,64,13919.42
Corsair Vengeance LPX 16 GB,"4,2400","2,8",4.624,Black / Yellow,13.333,16.0,DDR4,2400,2,8,16,4290.84
Crucial CT32G48C40U5 32 GB,"5,4800","1,32",2.187,Black,16.667,40.0,DDR5,4800,1,32,32,4058.84
TEAMGROUP T-Force Vulcan Eco 32 GB,"5,6000","2,16",3.031,Silver,10.0,30.0,DDR5,6000,2,16,32,5625.42
G.Skill Aegis 16 GB,"4,3200","1,16",2.124,Red / Black,10.0,16.0,DDR4,3200,1,16,16,1971.42
Corsair Vengeance 64 GB,"5,5200","2,32",2.547,White,15.385,40.0,DDR5,5200,2,32,64,9453.42
TEAMGROUP T-Force Delta RGB 32 GB,"5,7200","2,16",4.062,White / Gray,9.444,34.0,DDR5,7200,2,16,32,7539.42
Corsair Dominator Titanium 32 GB,"5,7200","2,16",6.75,Black,9.444,34.0,DDR5,7200,2,16,32,12527.42
Kingston Server Premier 32 GB,"4,3200","1,32",4.96,,13.75,22.0,DDR4,3200,1,32,32,9205.76
ADATA XPG LANCER RGB 32 GB,"5,6400","2,16",4.687,White,10.0,32.0,DDR5,6400,2,16,32,8699.42
G.Skill Aegis 8 GB,"4,3200","1,8",3.455,Red / Black,10.0,16.0,DDR4,3200,1,8,8,1603.1200000000001
Corsair Vengeance 64 GB,"5,6000","2,32",2.984,Black,12.667,38.0,DDR5,6000,2,32,64,11077.42
G.Skill Trident Z5 Royal Neo RGB 32 GB,"5,8000","2,16",5.625,Silver,9.5,38.0,DDR5,8000,2,16,32,10439.42
TEAMGROUP T-Force Vulcan Z 16 GB,"4,3600","2,8",2.437,Red,10.0,18.0,DDR4,3600,2,8,16,2261.42
Corsair Vengeance 32 GB,"5,6000","2,16",3.468,White,12.0,36.0,DDR5,6000,2,16,32,6437.42
G.Skill Ripjaws M5 RGB 64 GB,"5,6000","2,32",3.359,Black,10.0,30.0,DDR5,6000,2,32,64,12469.42
Corsair Dominator Titanium 32 GB,"5,7200","2,16",5.625,White,9.444,34.0,DDR5,7200,2,16,32,10439.42
Kingston FURY Beast 16 GB,"5,6000","1,16",5.603,Black,10.0,30.0,DDR5,6000,1,16,16,5199.700000000001
Corsair Vengeance LPX 64 GB,"4,3200","4,16",2.812,Black / Yellow,10.0,16.0,DDR4,3200,4,16,64,10439.42
Corsair Vengeance RGB 64 GB,"5,6600","4,16",4.969,Black / Gray,9.697,32.0,DDR5,6600,4,16,64,18443.420000000002
G.Skill F5-6000J3636F32GX2-FX5 64 GB,"5,6000","2,32",2.422,Black,12.0,36.0,DDR5,6000,2,32,64,8989.42
G.Skill Trident Z5 RGB 32 GB,"5,5600","2,16",3.437,Black,10.0,28.0,DDR5,5600,2,16,32,6379.42
Kingston FURY Beast 64 GB,"5,6400","2,32",4.062,Black,10.0,32.0,DDR5,6400,2,32,64,15079.42
Patriot Viper Elite II 32 GB,"4,4000","2,16",2.968,Red / Black,10.0,20.0,DDR4,4000,2,16,32,5509.42
G.Skill Trident Z Neo 64 GB,"4,3600","4,16",3.359,Black / Silver,8.889,16.0,DDR4,3600,4,16,64,12469.42
Corsair Vengeance RGB 64 GB,"5,6000","2,32",4.062,White / Gray,10.0,30.0,DDR5,6000,2,32,64,15079.42
TEAMGROUP T-Force Vulcan 16 GB,"5,5200","2,8",3.312,Black,15.385,40.0,DDR5,5200,2,8,16,3073.42
Corsair Vengeance 96 GB,"5,5600","2,48",2.562,Black,14.286,40.0,DDR5,5600,2,48,96,14267.42
Corsair Vengeance 32 GB,"5,6400","2,16",3.593,Black / Gray,10.0,32.0,DDR5,6400,2,16,32,6669.42
Corsair Vengeance RGB 64 GB,"5,6600","2,32",4.219,Black / Gray,9.697,32.0,DDR5,6600,2,32,64,15659.42
Corsair Dominator Titanium 32 GB,"5,6600","2,16",5.937,Black,9.697,32.0,DDR5,6600,2,16,32,11019.42
G.Skill Trident Z RGB 32 GB,"4,3600","2,16",3.062,Black,8.889,16.0,DDR4,3600,2,16,32,5683.42
G.Skill Trident Z RGB 64 GB,"4,4000","2,32",2.656,Black,9.0,18.0,DDR4,4000,2,32,64,9859.42
Silicon Power XPOWER Zenith RGB Gaming 32 GB,"4,3600","2,16",2.281,Black,10.0,18.0,DDR4,3600,2,16,32,4232.84
G.Skill Trident Z5 Royal Neo RGB 32 GB,"5,6000","2,16",5.625,Gold,9.333,28.0,DDR5,6000,2,16,32,10439.42
Corsair Vengeance 64 GB,"5,6600","4,16",4.687,Black / Gray,9.697,32.0,DDR5,6600,4,16,64,17399.420000000002
G.Skill Trident Z5 RGB 64 GB,"5,6000","2,32",2.656,White / Black,12.0,36.0,DDR5,6000,2,32,64,9859.42
Silicon Power XPOWER Storm RGB 32 GB,"5,7200","2,16",3.124,Black,9.444,34.0,DDR5,7200,2,16,32,5798.26
G.Skill Ripjaws X 8 GB,"3,1600","2,4",4.065,Black / Red,11.25,9.0,DDR3,1600,2,4,8,1886.16
Corsair Vengeance RGB RS 16 GB,"4,3200","2,8",5.187,Black / Gray,10.0,16.0,DDR4,3200,2,8,16,4813.42
Patriot Viper Venom 64 GB,"5,5200","2,32",2.265,Black / White,15.385,40.0,DDR5,5200,2,32,64,8409.42
Corsair Vengeance LPX 32 GB,"4,3200","4,8",3.136,Black / Yellow,10.0,16.0,DDR4,3200,4,8,32,5820.88
Timetec PINNACLE Konduit 8 GB,"4,3600","1,8",2.249,White,10.0,18.0,DDR4,3600,1,8,8,1043.4199999999998
G.Skill Flare X5 256 GB,"5,6000","4,64",3.047,Black,12.0,36.0,DDR5,6000,4,64,256,45239.42
Corsair Vengeance 32 GB,"5,5200","2,16",3.031,Gray,15.385,40.0,DDR5,5200,2,16,32,5625.42
Corsair Dominator Platinum RGB 32 GB,"5,6000","2,16",5.375,Black,10.0,30.0,DDR5,6000,2,16,32,9975.42
Crucial Pro 48 GB,"5,5600","2,24",2.189,Black,16.429,46.0,DDR5,5600,2,24,48,6094.64
TEAMGROUP T-Create Expert 96 GB,"5,6400","2,48",3.042,White,10.0,32.0,DDR5,6400,2,48,96,16935.420000000002
Corsair Vengeance 96 GB,"5,5600","4,24",2.979,Black / Silver,14.286,40.0,DDR5,5600,4,24,96,16587.420000000002
Corsair Vengeance 32 GB,"5,6000","2,16",3.593,Gray,12.0,36.0,DDR5,6000,2,16,32,6669.42
Patriot Viper Xtreme 5 RGB 48 GB,"5,8000","2,24",3.52,Black,9.5,38.0,DDR5,8000,2,24,48,9800.84
Kingston FURY Beast 64 GB,"4,3200","2,32",2.344,Black / Silver,10.0,16.0,DDR4,3200,2,32,64,8699.42
Patriot Signature Line 8 GB,"5,4800","1,8",3.498,Black,16.667,40.0,DDR5,4800,1,8,8,1622.84
G.Skill Ripjaws M5 RGB 48 GB,"5,5200","2,24",2.291,Black,15.385,40.0,DDR5,5200,2,24,48,6379.42
TEAMGROUP T-Force Delta RGB 16 GB,"5,6000","2,8",4.874,Black,12.667,38.0,DDR5,6000,2,8,16,4523.42
G.Skill Trident Z5 RGB 32 GB,"5,7800","2,16",4.843,Black,9.231,36.0,DDR5,7800,2,16,32,8989.42
G.Skill Aegis 8 GB,"4,3000","1,8",3.422,Black / Red,10.667,16.0,DDR4,3000,1,8,8,1588.04
TEAMGROUP T-Create Expert 32 GB,"5,5600","2,16",2.531,Black / Gold,13.571,38.0,DDR5,5600,2,16,32,4697.42
Patriot Viper Elite II 16 GB,"4,4000","2,8",3.124,Red / Black,10.0,20.0,DDR4,4000,2,8,16,2899.42
Timetec 75TT133U2R8-8G 8 GB,"3,1333","1,8",1.499,Green / Black,13.503,9.0,DDR3,1333,1,8,8,695.42
TEAMGROUP T-Force Vulcan 32 GB,"5,6000","2,16",2.5,Black,12.667,38.0,DDR5,6000,2,16,32,4639.42
Corsair Dominator Platinum RGB 64 GB,"5,6000","2,32",4.531,Black,10.0,30.0,DDR5,6000,2,32,64,16819.420000000002
Corsair Vengeance RGB Pro 32 GB,"4,3200","2,16",3.406,Black,10.0,16.0,DDR4,3200,2,16,32,6322.0
Corsair Vengeance 64 GB,"5,6000","2,32",3.062,Gray,13.333,40.0,DDR5,6000,2,32,64,11367.42
G.Skill Ripjaws M5 RGB 32 GB,"5,6000","2,16",,Black,10.0,30.0,DDR5,6000,2,16,32,6669.42
Crucial CT2K16G56C46S5 32 GB,"5,5600","2,16",2.437,Black,16.429,46.0,DDR5,5600,2,16,32,4523.42
Corsair Vengeance RGB 64 GB,"5,6000","4,16",4.312,Black,12.0,36.0,DDR5,6000,4,16,64,16007.42
Kingston FURY Beast RGB 32 GB,"5,6000","2,16",4.055,Black,12.0,36.0,DDR5,6000,2,16,32,7525.5
TEAMGROUP T-Force Delta RGB 32 GB,"5,5600","2,16",2.843,White,12.857,36.0,DDR5,5600,2,16,32,5277.42
Kingston FURY Beast RGB 16 GB,"5,5200","2,8",3.999,Black,15.385,40.0,DDR5,5200,2,8,16,3711.42
G.Skill Trident Z5 RGB 96 GB,"5,6400","2,48",3.646,White / Black,10.0,32.0,DDR5,6400,2,48,96,20299.420000000002
G.Skill Trident Z5 Royal 32 GB,"5,7200","2,16",4.906,Silver,9.444,34.0,DDR5,7200,2,16,32,9105.42
Patriot Viper Steel 16 GB,"4,3600","2,8",2.999,Gray,10.0,18.0,DDR4,3600,2,8,16,2783.42
G.Skill Ripjaws V 16 GB,"4,3200","2,8",2.499,Red,10.0,16.0,DDR4,3200,2,8,16,2319.42
Corsair Vengeance RGB Pro SL 16 GB,"4,3600","2,8",6.437,Black,10.0,18.0,DDR4,3600,2,8,16,5973.42
TEAMGROUP Elite 16 GB,"5,4800","2,8",3.124,Black,16.667,40.0,DDR5,4800,2,8,16,2899.42
TEAMGROUP T-Force Delta RGB 32 GB,"5,5600","2,16",2.843,Black,12.857,36.0,DDR5,5600,2,16,32,5277.42
Patriot Viper Venom 32 GB,"5,7200","2,16",3.593,Black / White,9.444,34.0,DDR5,7200,2,16,32,6669.42
Corsair Vengeance 64 GB,"5,4800","2,32",2.422,Black,16.667,40.0,DDR5,4800,2,32,64,8989.42
Corsair Vengeance 96 GB,"5,6600","2,48",3.646,Black / Silver,9.697,32.0,DDR5,6600,2,48,96,20299.420000000002
Silicon Power XPOWER Pulse Gaming 64 GB,"5,6000","2,32",2.656,Black / White,10.0,30.0,DDR5,6000,2,32,64,9859.42
Corsair Vengeance RGB 48 GB,"5,6000","2,24",3.021,Black / Silver,12.0,36.0,DDR5,6000,2,24,48,8409.42
Corsair Dominator Titanium 32 GB,"5,7000","2,16",6.562,White,9.714,34.0,DDR5,7000,2,16,32,12179.42
Patriot Signature Premium 16 GB,"4,2666","1,16",2.624,Black,14.254,19.0,DDR4,2666,1,16,16,2435.42
Patriot Viper Xtreme 5 48 GB,"5,7600","2,24",3.333,Black,9.474,36.0,DDR5,7600,2,24,48,9279.42
TEAMGROUP T-Force Vulcan 32 GB,"5,6000","2,16",2.593,Red,12.667,38.0,DDR5,6000,2,16,32,4813.42
Patriot Signature 8 GB,"3,1600","1,8",1.874,Blue / Silver,13.75,11.0,DDR3,1600,1,8,8,869.42
Mushkin Redline ST 64 GB,"5,6400","2,32",3.281,Black,9.375,30.0,DDR5,6400,2,32,64,12179.42
ADATA XPG SPECTRIX D60G 16 GB,"4,3200","2,8",2.499,,10.0,16.0,DDR4,3200,2,8,16,2319.42
Patriot Viper Xtreme 5 32 GB,"5,7600","2,16",3.437,Black,9.474,36.0,DDR5,7600,2,16,32,6379.42
Corsair Vengeance 96 GB,"5,5200","2,48",2.396,Black,14.615,38.0,DDR5,5200,2,48,96,13339.42
G.Skill Ripjaws S5 32 GB,"5,6000","2,16",3.125,Black,10.667,32.0,DDR5,6000,2,16,32,5799.42
G.Skill Ripjaws S5 48 GB,"5,6400","2,24",2.708,Black,11.25,36.0,DDR5,6400,2,24,48,7539.42
G.Skill Aegis 32 GB,"4,3000","2,16",2.156,Red / Black,10.667,16.0,DDR4,3000,2,16,32,4000.84
Patriot Viper Steel 16 GB,"4,3200","1,16",2.624,Silver / Black,10.0,16.0,DDR4,3200,1,16,16,2435.42
Patriot Viper Steel RGB 32 GB,"4,3600","2,16",3.0,Black,11.111,20.0,DDR4,3600,2,16,32,5567.42
Corsair Vengeance LPX 16 GB,"4,3000","1,16",4.061,Black,10.667,16.0,DDR4,3000,1,16,16,3768.84
G.Skill Trident Z Neo 64 GB,"4,3600","2,32",2.812,Black / Silver,8.889,16.0,DDR4,3600,2,32,64,10439.42
Patriot Viper Elite 5 RGB TUF GAMING ALLIANCE 48 GB,"5,6000","2,24",2.708,White,12.0,36.0,DDR5,6000,2,24,48,7539.42
Corsair Vengeance RGB RT 32 GB,"4,3600","2,16",3.75,Black,8.889,16.0,DDR4,3600,2,16,32,6959.42
Silicon Power XPOWER Pulse Gaming 64 GB,"5,6000","2,32",2.312,Black,12.667,38.0,DDR5,6000,2,32,64,8583.42
Patriot Viper Elite 5 RGB 32 GB,"5,5600","1,32",2.562,White,13.571,38.0,DDR5,5600,1,32,32,4755.42
Patriot Viper Elite 5 RGB TUF GAMING ALLIANCE 32 GB,"5,6000","2,16",3.062,White,12.0,36.0,DDR5,6000,2,16,32,5683.42
Kingston FURY Renegade 96 GB,"5,6000","2,48",3.02,Silver / Black,10.667,32.0,DDR5,6000,2,48,96,16817.1
Kingston Fury Renegade RGB 32 GB,"5,6400","2,16",5.281,Silver / Black,10.0,32.0,DDR5,6400,2,16,32,9802.0
TEAMGROUP T-Create Expert 64 GB,"5,6000","2,32",2.765,White,11.333,34.0,DDR5,6000,2,32,64,10265.42
TEAMGROUP Xtreem 48 GB,"5,8200","2,24",4.958,Black,9.268,38.0,DDR5,8200,2,24,48,13803.42
Patriot Viper Elite 5 RGB TUF GAMING ALLIANCE 32 GB,"5,6600","2,16",3.281,White,10.303,34.0,DDR5,6600,2,16,32,6089.42
Corsair Vengeance 32 GB,"5,7200","2,16",5.156,Gray,9.444,34.0,DDR5,7200,2,16,32,9569.42
Corsair Vengeance LPX 16 GB,"4,3000","2,8",,White,10.667,16.0,DDR4,3000,2,8,16,2158.18
Corsair Vengeance RGB 64 GB,"5,5600","4,16",3.703,Black / Gray,12.857,36.0,DDR5,5600,4,16,64,13745.42
TEAMGROUP T-Create Expert 32 GB,"5,6000","2,16",2.75,White,12.667,38.0,DDR5,6000,2,16,32,5103.42
Corsair Dominator Titanium 96 GB,"5,6400","2,48",4.375,Black,10.0,32.0,DDR5,6400,2,48,96,24359.420000000002
Corsair Dominator Titanium 96 GB,"5,6000","4,24",4.854,Black,10.0,30.0,DDR5,6000,4,24,96,27027.420000000002
TEAMGROUP Elite 16 GB,"3,1600","2,8",1.061,Black,13.75,11.0,DDR3,1600,2,8,16,984.84
G.Skill Trident Z5 Neo RGB 96 GB,"5,6000","2,48",4.427,Silver / Black,9.333,28.0,DDR5,6000,2,48,96,24649.420000000002
Corsair Dominator Platinum RGB 32 GB,"4,3200","2,16",4.311,Black,10.0,16.0,DDR4,3200,2,16,32,8001.68
G.Skill Trident Z5 RGB 32 GB,"5,6400","2,16",3.75,White / Black,10.0,32.0,DDR5,6400,2,16,32,6959.42
G.Skill Ripjaws M5 RGB 96 GB,"5,5200","2,48",1.958,White,15.385,40.0,DDR5,5200,2,48,96,10903.42
Corsair Dominator Platinum RGB 64 GB,"5,5600","2,32",3.594,White,14.286,40.0,DDR5,5600,2,32,64,13339.42
Klevv CRAS X RGB 16 GB,"4,3200","2,8",3.124,Black,10.0,16.0,DDR4,3200,2,8,16,2899.42
ADATA XPG Lancer Blade RGB 32 GB,"5,6400","2,16",5.937,Black,10.0,32.0,DDR5,6400,2,16,32,11018.84
Kingston FURY Beast 32 GB,"5,5600","1,32",3.138,Black,14.286,40.0,DDR5,5600,1,32,32,5824.9400000000005
Kingston FURY Beast 8 GB,"5,6000","1,8",5.666,Black,10.0,30.0,DDR5,6000,1,8,8,2629.14
Silicon Power XPOWER Zenith RGB Gaming 32 GB,"5,6000","2,16",3.062,Black,10.0,30.0,DDR5,6000,2,16,32,5683.42
Kingston FURY Beast 64 GB,"5,5600","2,32",2.953,Black,14.286,40.0,DDR5,5600,2,32,64,10961.42
Corsair Dominator Titanium 32 GB,"5,6600","2,16",5.937,White,9.697,32.0,DDR5,6600,2,16,32,11019.42
G.Skill Trident Z5 Royal Neo RGB 48 GB,"5,8000","2,24",5.0,Silver,10.0,40.0,DDR5,8000,2,24,48,13919.42
TEAMGROUP Elite 8 GB,"4,3200","1,8",3.069,Black,13.75,22.0,DDR4,3200,1,8,8,1423.9
Crucial CT25664AA667 2 GB,"2,667","1,2",5.5,Green,14.993,5.0,DDR2,667,1,2,2,638.0
Crucial CT2K32G4DFD832A 64 GB,"4,3200","2,32",2.969,Green / Black,13.75,22.0,DDR4,3200,2,32,64,11019.42
Corsair Vengeance RGB Pro 16 GB,"4,3600","2,8",4.249,White,10.0,18.0,DDR4,3600,2,8,16,3942.84
Corsair Vengeance RGB Pro 32 GB,"4,3200","4,8",3.75,White,10.0,16.0,DDR4,3200,4,8,32,6959.42
G.Skill Ripjaws M5 RGB 96 GB,"5,6400","2,48",3.333,White,10.0,32.0,DDR5,6400,2,48,96,18559.420000000002
Lexar Ares RGB 16 GB,"4,3600","2,8",2.812,Black,10.0,18.0,DDR4,3600,2,8,16,2609.42
PNY XLR8 Gaming Low Profile 32 GB,"4,3200","2,16",2.187,Black / Red,10.0,16.0,DDR4,3200,2,16,32,4058.84
Corsair Vengeance LPX 8 GB,"4,2400","2,4",4.374,Black / Yellow,13.333,16.0,DDR4,2400,2,4,8,2029.42
Crucial CT4G4DFS824A 4 GB,"4,2400","1,4",3.498,Black / Green,14.167,17.0,DDR4,2400,1,4,4,811.42
G.Skill Flare X5 64 GB,"5,5600","2,32",2.5,Black / White,12.857,36.0,DDR5,5600,2,32,64,9279.42
G.Skill Trident Z5 32 GB,"5,6400","2,16",3.593,Black,10.0,32.0,DDR5,6400,2,16,32,6669.42
Corsair Vengeance LPX 8 GB,"4,3200","1,8",5.749,Black,10.0,16.0,DDR4,3200,1,8,8,2667.42
G.Skill Trident Z RGB 32 GB,"4,3200","2,16",2.593,Black,10.0,16.0,DDR4,3200,2,16,32,4813.42
Corsair Vengeance LPX 16 GB,"4,3200","2,8",5.749,Black,10.0,16.0,DDR4,3200,2,8,16,5335.42
Corsair Vengeance RGB RS 32 GB,"4,3600","2,16",2.968,Black / Gray,10.0,18.0,DDR4,3600,2,16,32,5509.42
Corsair Vengeance LPX 32 GB,"4,2666","2,16",3.906,Black / Yellow,12.003,16.0,DDR4,2666,2,16,32,7249.42
G.Skill Trident Z5 RGB 48 GB,"5,6400","2,24",3.437,Black,10.0,32.0,DDR5,6400,2,24,48,9569.42
PNY XLR8 Gaming MAKO 32 GB,"5,6000","2,16",3.437,Black,13.333,40.0,DDR5,6000,2,16,32,6379.42
TEAMGROUP T-Force Delta RGB 32 GB,"5,8000","2,16",5.0,White,9.5,38.0,DDR5,8000,2,16,32,9279.42
G.Skill Trident Z5 RGB 32 GB,"5,6000","2,16",3.125,White / Black,12.0,36.0,DDR5,6000,2,16,32,5799.42
Kingston FURY Beast 32 GB,"5,6400","2,16",4.375,Black,10.0,32.0,DDR5,6400,2,16,32,8119.42
G.Skill Ripjaws V 128 GB,"4,3200","4,32",2.101,Black,10.0,16.0,DDR4,3200,4,32,128,15601.42
G.Skill Trident Z5 RGB 48 GB,"5,8200","2,24",4.791,Black,9.756,40.0,DDR5,8200,2,24,48,13339.42
Patriot Viper Venom RGB 32 GB,"5,5600","1,32",2.812,Black / White,12.857,36.0,DDR5,5600,1,32,32,5219.42
Kingston FURY Beast 16 GB,"5,5600","1,16",3.487,Black,14.286,40.0,DDR5,5600,1,16,16,3236.3999999999996
Kingston FURY Beast 16 GB,"5,5600","2,8",4.124,Black,14.286,40.0,DDR5,5600,2,8,16,3826.84
G.Skill Ripjaws V 64 GB,"4,4000","2,32",2.5,Black,9.0,18.0,DDR4,4000,2,32,64,9279.42
Kingston FURY Beast 32 GB,"4,3200","1,32",4.281,Black,10.0,16.0,DDR4,3200,1,32,32,7946.0
Patriot Viper Venom 16 GB,"5,5600","1,16",2.999,Black / White,12.857,36.0,DDR5,5600,1,16,16,2783.42
G.Skill Trident Z5 Royal 32 GB,"5,6400","2,16",4.375,Silver,10.0,32.0,DDR5,6400,2,16,32,8119.42
Lexar Ares RGB 32 GB,"5,6400","2,16",8.436,White,10.0,32.0,DDR5,6400,2,16,32,15657.099999999999
Kingston FURY Beast RGB 16 GB,"5,5600","2,8",4.649,Black,12.857,36.0,DDR5,5600,2,8,16,4314.04
Kingston FURY Beast RGB 16 GB,"4,3200","2,8",8.392,Black,10.0,16.0,DDR4,3200,2,8,16,7787.660000000001
G.Skill Aegis 32 GB,"4,3200","4,8",2.286,Red / Black,10.0,16.0,DDR4,3200,4,8,32,4243.28
Kingston Fury Renegade RGB 48 GB,"5,6400","1,48",4.462,Silver / Black,10.0,32.0,DDR5,6400,1,48,48,12422.44
Corsair Vengeance RGB 32 GB,"5,6400","2,16",4.875,White / Silver,10.0,32.0,DDR5,6400,2,16,32,9047.42
Corsair Vengeance RGB 96 GB,"5,5600","2,48",2.656,Black,14.286,40.0,DDR5,5600,2,48,96,14789.42
Corsair Dominator Titanium 96 GB,"5,6400","2,48",4.375,White,10.0,32.0,DDR5,6400,2,48,96,24359.420000000002
Timetec PINNACLE Konduit 16 GB,"4,3200","1,16",1.937,Black,10.0,16.0,DDR4,3200,1,16,16,1797.4199999999998
Kingston FURY Beast RGB 32 GB,"5,5200","2,16",3.495,Black,15.385,40.0,DDR5,5200,2,16,32,6486.14
Timetec PINNACLE Konduit 8 GB,"4,3200","1,8",2.249,Black,10.0,16.0,DDR4,3200,1,8,8,1043.4199999999998
Corsair Vengeance LPX 256 GB,"4,3600","8,32",2.618,Black / Yellow,10.0,18.0,DDR4,3600,8,32,256,38877.979999999996
G.Skill Trident Z5 RGB 64 GB,"5,6000","2,32",3.437,White / Black,10.0,30.0,DDR5,6000,2,32,64,12759.42
Crucial CT64G4LFQ424A 64 GB,"4,2400","1,64",2.5,Black / Green,14.167,17.0,DDR4,2400,1,64,64,9279.42
Corsair Vengeance RGB 64 GB,"5,6000","2,32",3.172,Black,12.667,38.0,DDR5,6000,2,32,64,11773.42
G.Skill Flare X5 32 GB,"5,6400","2,16",3.531,Black,10.0,32.0,DDR5,6400,2,16,32,6553.42
Samsung M378B5173DB0-CK0 4 GB,"3,1600","1,4",4.723,Green,13.75,11.0,DDR3,1600,1,4,4,1095.6200000000001
Patriot Viper Steel 8 GB,"4,3200","1,8",,Silver / Black,10.0,16.0,DDR4,3200,1,8,8,1390.84
G.Skill Ripjaws M5 RGB 32 GB,"5,6400","2,16",3.062,White,11.25,36.0,DDR5,6400,2,16,32,5683.42
Kingston FURY Beast 128 GB,"5,5600","2,64",2.583,Black,14.286,40.0,DDR5,5600,2,64,128,19177.699999999997
Corsair Dominator Titanium 64 GB,"5,6000","4,16",5.156,White,12.0,36.0,DDR5,6000,4,16,64,19139.420000000002
TEAMGROUP T-Create Expert 32 GB,"5,7200","2,16",3.656,White,9.444,34.0,DDR5,7200,2,16,32,6785.42
Corsair Vengeance RGB 48 GB,"5,6000","2,24",3.271,Black / Silver,12.0,36.0,DDR5,6000,2,24,48,9105.42
TEAMGROUP T-Force Delta RGB 48 GB,"5,6400","2,24",3.271,Black,10.0,32.0,DDR5,6400,2,24,48,9105.42
Patriot Viper Elite II 32 GB,"4,3600","2,16",2.656,Red / Black,11.111,20.0,DDR4,3600,2,16,32,4929.42
G.Skill Ripjaws V 16 GB,"4,2400","2,8",,Black / Red,12.5,15.0,DDR4,2400,2,8,16,2319.42
Corsair Vengeance LPX 16 GB,"4,3600","2,8",5.749,Black / Yellow,10.0,18.0,DDR4,3600,2,8,16,5335.42
ADATA XPG Lancer Blade 32 GB,"5,6400","2,16",4.665,Black,10.0,32.0,DDR5,6400,2,16,32,8658.24
ADATA XPG SPECTRIX D50 32 GB,"4,3200","2,16",3.437,White,10.0,16.0,DDR4,3200,2,16,32,6379.42
TEAMGROUP T-Force Vulcan 32 GB,"5,6000","2,16",3.031,Red,10.0,30.0,DDR5,6000,2,16,32,5625.42
Corsair Dominator Titanium 48 GB,"5,6000","2,24",4.375,White,10.0,30.0,DDR5,6000,2,24,48,12179.42
Corsair Vengeance 64 GB,"5,6000","4,16",4.14,Black,12.0,36.0,DDR5,6000,4,16,64,15369.42
ADATA XPG Lancer Blade 16 GB,"5,5600","1,16",4.338,Black,16.429,46.0,DDR5,5600,1,16,16,4025.7799999999997
G.Skill Ripjaws S5 32 GB,"5,5200","2,16",2.656,White,15.385,40.0,DDR5,5200,2,16,32,4929.42
Patriot Viper Venom RGB 32 GB,"5,6000","1,32",3.062,Black / White,10.0,30.0,DDR5,6000,1,32,32,5683.42
Patriot Viper Venom 32 GB,"5,7400","2,16",3.75,Black / White,9.73,36.0,DDR5,7400,2,16,32,6959.42
Kingston FURY Beast RGB 16 GB,"5,5200","2,8",4.507,Black,13.846,36.0,DDR5,5200,2,8,16,4182.38
G.Skill TridentZ RGB 32 GB,"4,4800","2,16",13.062,Black,8.333,20.0,DDR4,4800,2,16,32,24244.0
G.Skill Ripjaws S5 64 GB,"5,6000","2,32",7.701,White,10.0,30.0,DDR5,6000,2,32,64,28584.719999999998
Kingston FURY Beast 16 GB,"5,6000","2,8",4.934,Black,10.0,30.0,DDR5,6000,2,8,16,4579.1
Kingston ValueRAM 8 GB,"4,2666","1,8",3.249,Green / Black,14.254,19.0,DDR4,2666,1,8,8,1507.4199999999998
G.Skill Ripjaws V 32 GB,"4,3600","2,16",2.499,Red / Black,10.556,19.0,DDR4,3600,2,16,32,4638.84
PNY XLR8 Gaming EPIC-X RGB 32 GB,"4,3200","2,16",2.187,Black,10.0,16.0,DDR4,3200,2,16,32,4058.84
Corsair Dominator Titanium 32 GB,"5,6000","2,16",5.625,Gray,10.0,30.0,DDR5,6000,2,16,32,10439.42
Corsair Vengeance LPX 32 GB,"4,4000","2,16",4.062,Black / Yellow,9.0,18.0,DDR4,4000,2,16,32,7539.42
Corsair Vengeance RGB Pro SL 64 GB,"4,3600","4,16",3.437,White,10.0,18.0,DDR4,3600,4,16,64,12759.42
Corsair Vengeance RGB Pro 64 GB,"4,3600","4,16",3.437,Black,10.0,18.0,DDR4,3600,4,16,64,12759.42
Corsair Dominator Titanium 48 GB,"5,6000","2,24",4.875,Black,10.0,30.0,DDR5,6000,2,24,48,13571.42
Patriot Viper Xtreme 5 RGB 32 GB,"5,8000","2,16",4.593,Black,9.5,38.0,DDR5,8000,2,16,32,8525.42
G.Skill Trident Z5 Neo RGB 32 GB,"5,5600","2,16",3.499,Black,10.0,28.0,DDR5,5600,2,16,32,6494.84
Kingston Server Premier 16 GB,"4,3200","1,16",6.447,,13.75,22.0,DDR4,3200,1,16,16,5982.700000000001
GOODRAM IRDM PRO 32 GB,"4,3600","2,16",4.585,Black,10.0,18.0,DDR4,3600,2,16,32,8509.76
TEAMGROUP T-Force Xtreem 32 GB,"5,7200","2,16",,Pink,9.444,34.0,DDR5,7200,2,16,32,7075.42
Corsair Vengeance RGB Pro SL 32 GB,"4,3200","2,16",4.406,White / Black,10.0,16.0,DDR4,3200,2,16,32,8177.42
ADATA XPG LANCER RGB 32 GB,"5,6000","2,16",6.093,Black,10.0,30.0,DDR5,6000,2,16,32,11309.42
G.Skill Trident Z5 RGB 48 GB,"5,7200","2,24",3.958,Black,10.0,36.0,DDR5,7200,2,24,48,11019.42
Crucial Pro Overclocking 16 GB,"5,6000","1,16",5.043,Black,12.0,36.0,DDR5,6000,1,16,16,4679.4400000000005
Kingston FURY Beast 32 GB,"5,4800","2,16",8.329,Black / Silver,15.833,38.0,DDR5,4800,2,16,32,15459.320000000002
G.Skill Trident Z Neo 64 GB,"4,3600","2,32",2.656,Silver / Black,10.0,18.0,DDR4,3600,2,32,64,9859.42
Corsair Vengeance LPX 32 GB,"4,2400","2,16",2.59,Black / Yellow,13.333,16.0,DDR4,2400,2,16,32,4807.62
G.Skill Ripjaws S5 32 GB,"5,6800","2,16",3.75,Black,10.0,34.0,DDR5,6800,2,16,32,6959.42
Kingston FURY Beast 64 GB,"5,6000","2,32",3.453,Black / Silver,12.0,36.0,DDR5,6000,2,32,64,12817.42
Corsair Dominator Titanium 64 GB,"5,6400","2,32",5.156,Black,10.0,32.0,DDR5,6400,2,32,64,19139.420000000002
Patriot Signature Line 16 GB,"4,3200","2,8",2.812,,11.875,19.0,DDR4,3200,2,8,16,2609.42
Corsair Vengeance RGB 96 GB,"5,6400","2,48",3.644,Black / Silver,10.0,32.0,DDR5,6400,2,48,96,20291.300000000003
Patriot Viper Venom 32 GB,"5,6600","2,16",4.821,Black / White,10.303,34.0,DDR5,6600,2,16,32,8948.24
Corsair Vengeance LPX 16 GB,"4,3600","1,16",5.061,Black,10.0,18.0,DDR4,3600,1,16,16,4696.84
TEAMGROUP T-Create Expert 96 GB,"5,6800","2,48",3.604,Black,10.588,36.0,DDR5,6800,2,48,96,20067.420000000002
G.Skill Trident Z5 Neo RGB 48 GB,"5,6400","2,24",3.541,White / Black,10.0,32.0,DDR5,6400,2,24,48,9859.42
Corsair Vengeance RGB 48 GB,"5,7600","2,24",4.458,Black,9.474,36.0,DDR5,7600,2,24,48,12411.42
Corsair Vengeance LPX 32 GB,"4,3000","2,16",4.031,Black,10.667,16.0,DDR4,3000,2,16,32,7481.42
Samsung Green 8 GB,"4,2133","1,8",2.999,Green / Black,14.065,15.0,DDR4,2133,1,8,8,1391.4199999999998
ADATA XPG SPECTRIX D35G RGB 16 GB,"4,3600","2,8",5.516,Black,10.0,18.0,DDR4,3600,2,8,16,5119.08
TEAMGROUP Elite 16 GB,"5,5600","1,16",2.374,Black,16.429,46.0,DDR5,5600,1,16,16,2203.42
G.Skill Trident Z5 Neo RGB 64 GB,"5,6000","2,32",3.437,Black / Silver,10.667,32.0,DDR5,6000,2,32,64,12759.42
Patriot Viper Elite 5 RGB 64 GB,"5,6200","2,32",2.812,White,13.548,42.0,DDR5,6200,2,32,64,10439.42
Patriot Viper Venom RGB 16 GB,"5,6000","1,16",3.312,Black / White,10.0,30.0,DDR5,6000,1,16,16,3073.42
G.Skill Trident Z5 RGB 48 GB,"5,6400","2,24",2.916,Black,11.25,36.0,DDR5,6400,2,24,48,8119.42
Corsair Dominator Titanium 32 GB,"5,7000","2,16",6.562,Black,9.714,34.0,DDR5,7000,2,16,32,12179.42
G.Skill Flare X5 32 GB,"5,6000","2,16",3.593,Black,10.0,30.0,DDR5,6000,2,16,32,6669.42
G.Skill Ripjaws M5 RGB 32 GB,"5,6400","2,16",3.062,Black,11.25,36.0,DDR5,6400,2,16,32,5683.42
Corsair Vengeance RGB RS 32 GB,"4,3200","2,16",4.312,Black / Gray,10.0,16.0,DDR4,3200,2,16,32,8003.42
TEAMGROUP Elite 32 GB,"5,4800","2,16",2.468,Black,16.667,40.0,DDR5,4800,2,16,32,4580.84
Corsair Vengeance RGB Pro SL 16 GB,"4,3600","2,8",3.749,White / Black,10.0,18.0,DDR4,3600,2,8,16,3479.42
Corsair Vengeance LPX 16 GB,"4,3000","2,8",4.624,Black,10.667,16.0,DDR4,3000,2,8,16,4290.84
Crucial CT8G4DFRA266 8 GB,"4,2666","1,8",2.373,Green,14.254,19.0,DDR4,2666,1,8,8,1100.84
Corsair Dominator Titanium 48 GB,"5,7200","2,24",5.208,Black,10.0,36.0,DDR5,7200,2,24,48,14499.42
Patriot Signature Premium 16 GB,"4,2666","2,8",2.687,Black,14.254,19.0,DDR4,2666,2,8,16,2493.42
Thermaltake TOUGHRAM XG RGB D5 32 GB,"5,6000","2,16",4.843,Black / Silver,12.0,36.0,DDR5,6000,2,16,32,8988.84
TEAMGROUP T-Create Classic 16 GB,"4,3200","2,8",2.499,Silver,13.75,22.0,DDR4,3200,2,8,16,2319.42
Kingston FURY Beast 32 GB,"4,3600","1,32",4.477,Black,9.444,17.0,DDR4,3600,1,32,32,8309.66
G.Skill Trident Z5 Neo RGB 32 GB,"5,7200","2,16",4.218,Silver / Black,9.444,34.0,DDR5,7200,2,16,32,7829.42
G.Skill Trident Z Neo 32 GB,"4,3600","2,16",2.968,Black / Silver,10.0,18.0,DDR4,3600,2,16,32,5509.42
G.Skill Trident Z Royal 32 GB,"4,4000","2,16",3.75,Silver,9.0,18.0,DDR4,4000,2,16,32,6959.42
G.Skill Ripjaws V 16 GB,"4,4000","2,8",3.312,Black,9.0,18.0,DDR4,4000,2,8,16,3073.42
G.Skill Flare X5 64 GB,"5,5200","2,32",2.234,Black / White,13.846,36.0,DDR5,5200,2,32,64,8293.42
Corsair Dominator Platinum RGB 64 GB,"5,5600","4,16",4.484,Black,12.857,36.0,DDR5,5600,4,16,64,16645.420000000002
Kingston FURY Renegade 32 GB,"4,3600","2,16",4.835,Silver / Black,8.889,16.0,DDR4,3600,2,16,32,8973.76
Crucial CT32G4DFD832A 32 GB,"4,3200","1,32",3.062,Green / Black,13.75,22.0,DDR4,3200,1,32,32,5682.84
Patriot Viper Venom 32 GB,"5,5600","1,32",2.312,Black / White,12.857,36.0,DDR5,5600,1,32,32,4290.84
G.Skill Ripjaws V 32 GB,"4,2400","2,16",2.187,Red,12.5,15.0,DDR4,2400,2,16,32,4058.84
Kingston FURY Beast RGB 64 GB,"5,6400","2,32",4.398,White,10.0,32.0,DDR5,6400,2,32,64,16326.42
Kingston FURY Beast 8 GB,"5,5600","1,8",4.249,Black,14.286,40.0,DDR5,5600,1,8,8,1971.42
Corsair Vengeance LPX 8 GB,"4,3000","1,8",4.624,Black,10.667,16.0,DDR4,3000,1,8,8,2145.42
Corsair Dominator Platinum RGB 64 GB,"5,6600","2,32",4.687,Black,9.697,32.0,DDR5,6600,2,32,64,17399.420000000002
Corsair Vengeance LPX 8 GB,"4,3200","1,8",5.747,Black / Yellow,10.0,16.0,DDR4,3200,1,8,8,2666.8399999999997
G.Skill Trident Z5 Neo RGB 48 GB,"5,8000","2,24",4.583,Black,10.0,40.0,DDR5,8000,2,24,48,12759.42
Crucial CT2KIT51264BD160B 8 GB,"3,1600","2,4",2.611,Green,13.75,11.0,DDR3,1600,2,4,8,1211.6200000000001
Corsair Vengeance RGB 32 GB,"5,7000","2,16",4.218,Black / Gray,10.286,36.0,DDR5,7000,2,16,32,7829.42
G.Skill Trident Z5 Neo RGB 32 GB,"5,6000","2,16",3.906,Black,10.667,32.0,DDR5,6000,2,16,32,7249.42
G.Skill Ripjaws V 64 GB,"4,3200","2,32",2.422,Black,10.0,16.0,DDR4,3200,2,32,64,8989.42
G.Skill Trident Z Royal 16 GB,"4,3200","2,8",4.999,Silver,10.0,16.0,DDR4,3200,2,8,16,4638.84
Corsair Vengeance 32 GB,"5,7000","2,16",4.468,Black / Silver,11.429,40.0,DDR5,7000,2,16,32,8293.42
TEAMGROUP T-Force Delta RGB 48 GB,"5,6400","2,24",3.271,White,10.0,32.0,DDR5,6400,2,24,48,9105.42
G.Skill Trident Z5 RGB 48 GB,"5,8000","2,24",4.687,Black,9.5,38.0,DDR5,8000,2,24,48,13049.42
Corsair Dominator Titanium 32 GB,"5,6400","2,16",5.906,White,10.0,32.0,DDR5,6400,2,16,32,10961.42
G.Skill Aegis 32 GB,"4,2666","2,16",2.343,Black / Red,14.254,19.0,DDR4,2666,2,16,32,4349.42
TEAMGROUP T-Force Vulcan 64 GB,"5,6000","2,32",2.656,Black,12.667,38.0,DDR5,6000,2,32,64,9859.42
Patriot Viper Elite II 32 GB,"4,3200","2,16",2.656,Red / Black,11.25,18.0,DDR4,3200,2,16,32,4929.42
ADATA XPG GAMMIX D20 16 GB,"4,3200","2,8",2.374,Black / Silver,10.0,16.0,DDR4,3200,2,8,16,2203.42
Corsair Vengeance RGB 32 GB,"5,6600","2,16",4.968,Black,9.697,32.0,DDR5,6600,2,16,32,9221.42
G.Skill Ripjaws S5 32 GB,"5,5600","2,16",2.75,Black,12.857,36.0,DDR5,5600,2,16,32,5103.42
Kingston FURY Beast RGB 8 GB,"5,5200","1,8",4.874,Black,15.385,40.0,DDR5,5200,1,8,8,2261.42
Patriot Venom RGB 64 GB,"5,6000","2,32",2.969,Black,10.0,30.0,DDR5,6000,2,32,64,11019.42
Patriot Viper 3 16 GB,"3,1600","2,8",1.624,Black / Silver,11.25,9.0,DDR3,1600,2,8,16,1507.4199999999998
Kingston KVR21R15D4K4/64 64 GB,"4,2133","4,16",1.696,Black / Green,14.065,15.0,DDR4,2133,4,16,64,6297.0599999999995
Corsair Vengeance 96 GB,"5,6000","4,24",3.957,Black,10.0,30.0,DDR5,6000,4,24,96,22034.199999999997
Kingston FURY Beast RGB 32 GB,"5,6400","2,16",4.562,Black,10.0,32.0,DDR5,6400,2,16,32,8467.42
TEAMGROUP T-Force Vulcan Z 8 GB,"4,3200","1,8",5.688,Black,10.0,16.0,DDR4,3200,1,8,8,2639.0
OLOy WarHawk RGB 16 GB,"4,3200","2,8",2.749,Black / Gold,10.0,16.0,DDR4,3200,2,8,16,2551.42
Corsair Dominator Titanium 64 GB,"5,6400","2,32",5.156,White,10.0,32.0,DDR5,6400,2,32,64,19139.420000000002
TEAMGROUP T-Create Expert 64 GB,"4,3200","2,32",4.033,Gray,10.0,16.0,DDR4,3200,2,32,64,14969.800000000001
Kingston FURY Beast RGB 32 GB,"5,5600","2,16",3.56,White,12.857,36.0,DDR5,5600,2,16,32,6606.78
G.Skill Value 8 GB,"4,2400","2,4",3.23,Black,14.167,17.0,DDR4,2400,2,4,8,1498.72
G.Skill Ripjaws S5 64 GB,"5,5600","2,32",2.344,White,12.857,36.0,DDR5,5600,2,32,64,8699.42
Corsair Vengeance 96 GB,"5,6800","2,48",3.542,Black,11.765,40.0,DDR5,6800,2,48,96,19719.420000000002
Corsair Vengeance RGB 96 GB,"5,6800","2,48",3.948,Black / Silver,11.765,40.0,DDR5,6800,2,48,96,21981.420000000002
Patriot Viper Venom RGB 16 GB,"5,5600","1,16",2.999,Black / White,12.857,36.0,DDR5,5600,1,16,16,2783.42
Corsair Vengeance 32 GB,"5,6000","2,16",3.437,White / Gray,12.0,36.0,DDR5,6000,2,16,32,6379.42
Patriot Viper Venom RGB 32 GB,"5,5600","2,16",2.656,Black / White,12.857,36.0,DDR5,5600,2,16,32,4929.42
Corsair Vengeance RGB 64 GB,"5,5200","2,32",2.656,White / Gray,15.385,40.0,DDR5,5200,2,32,64,9859.42
G.Skill Ripjaws M5 RGB 32 GB,"5,6400","2,16",3.593,Black,10.0,32.0,DDR5,6400,2,16,32,6669.42
Kingston Fury Renegade RGB 64 GB,"5,6400","2,32",4.343,Silver / Black,10.0,32.0,DDR5,6400,2,32,64,16122.84
ADATA XPG GAMMIX D10 8 GB,"4,3200","1,8",6.144,Black,10.0,16.0,DDR4,3200,1,8,8,2850.7
G.Skill Trident Z5 Neo 32 GB,"5,5600","2,16",3.437,Black,10.0,28.0,DDR5,5600,2,16,32,6379.42
G.Skill Ripjaws V 128 GB,"4,3600","4,32",2.422,Black,10.0,18.0,DDR4,3600,4,32,128,17979.420000000002
OLOy MD4U1636181CHKDA 32 GB,"4,3600","2,16",,Black,10.0,18.0,DDR4,3600,2,16,32,4407.42
Corsair Vengeance LPX 16 GB,"4,3200","2,8",4.499,White,10.0,16.0,DDR4,3200,2,8,16,4174.84
TEAMGROUP T-Force Delta RGB 32 GB,"5,5600","2,16",2.562,White,13.571,38.0,DDR5,5600,2,16,32,4755.42
Timetec FBA_75TT160UL1R8-4G 16 GB,"3,1600","2,8",1.061,Black,13.75,11.0,DDR3,1600,2,8,16,984.84
TEAMGROUP T-Force Delta RGB 64 GB,"5,6000","2,32",2.812,White,12.667,38.0,DDR5,6000,2,32,64,10439.42
Kingston FURY 128 GB,"5,5200","4,32",3.07,White,15.385,40.0,DDR5,5200,4,32,128,22794.0
Kingston FURY Beast 32 GB,"4,3200","2,16",4.131,Black,10.0,16.0,DDR4,3200,2,16,32,7667.0199999999995
Corsair Vengeance 48 GB,"5,6000","2,24",3.75,White / Gray,10.0,30.0,DDR5,6000,2,24,48,10439.42
G.Skill Trident Z5 Neo RGB 48 GB,"5,6000","2,24",5.521,White / Black,8.667,26.0,DDR5,6000,2,24,48,15369.42
G.Skill Ripjaws M5 RGB 32 GB,"5,6400","2,16",3.593,White,10.0,32.0,DDR5,6400,2,16,32,6669.42
TEAMGROUP T-Create Expert 96 GB,"5,6800","2,48",3.604,White,10.588,36.0,DDR5,6800,2,48,96,20067.420000000002
Corsair Vengeance RGB 32 GB,"5,6400","2,16",3.125,Black / Gray,11.25,36.0,DDR5,6400,2,16,32,5799.42
Crucial CT16G4DFD824A 16 GB,"4,2400","1,16",2.188,Green / Black,14.167,17.0,DDR4,2400,1,16,16,2030.0
G.Skill Ripjaws S5 64 GB,"5,5200","2,32",2.5,Black,15.385,40.0,DDR5,5200,2,32,64,9279.42
Kingston FURY 64 GB,"5,5600","4,16",3.797,White,14.286,40.0,DDR5,5600,4,16,64,14093.42
TEAMGROUP Xtreem 32 GB,"5,6000","2,16",3.312,Black,10.0,30.0,DDR5,6000,2,16,32,6147.42
G.Skill Ripjaws S5 48 GB,"5,5200","2,24",2.187,Black,15.385,40.0,DDR5,5200,2,24,48,6089.42
G.Skill Trident Z5 32 GB,"5,6000","2,16",3.593,Black,10.0,30.0,DDR5,6000,2,16,32,6669.42
TEAMGROUP T-Force Delta RGB Eco 32 GB,"5,6000","2,16",2.656,Silver,12.667,38.0,DDR5,6000,2,16,32,4929.42
TEAMGROUP T-Force Delta RGB 32 GB,"5,5200","2,16",2.75,White,15.385,40.0,DDR5,5200,2,16,32,5103.42
G.Skill Trident Z Neo 32 GB,"4,4000","2,16",3.0,Black / Silver,9.0,18.0,DDR4,4000,2,16,32,5567.42
Kingston FURY Beast RGB 64 GB,"5,6400","2,32",4.219,Black,10.0,32.0,DDR5,6400,2,32,64,15659.42
TEAMGROUP Elite Plus 16 GB,"5,5600","1,16",2.562,Black,14.286,40.0,DDR5,5600,1,16,16,2377.42
G.Skill Trident Z Royal 128 GB,"4,4000","4,32",3.63,Silver,9.0,18.0,DDR4,4000,4,32,128,26946.219999999998
Corsair Vengeance 32 GB,"5,6400","2,16",4.347,White / Gray,10.0,32.0,DDR5,6400,2,16,32,8067.22
ADATA XPG Lancer Blade 32 GB,"5,6000","2,16",5.092,White,10.0,30.0,DDR5,6000,2,16,32,9449.94
Kingston FURY Beast RGB 64 GB,"5,6000","2,32",3.473,Black,12.0,36.0,DDR5,6000,2,32,64,12890.5
Corsair Vengeance LPX 64 GB,"4,2666","4,16",2.265,Black / Yellow,12.003,16.0,DDR4,2666,4,16,64,8409.42
PNY Performance 16 GB,"4,3200","1,16",1.999,Black,13.75,22.0,DDR4,3200,1,16,16,1855.4199999999998
Corsair Vengeance 64 GB,"5,6200","4,16",4.312,Black / Gray,10.323,32.0,DDR5,6200,4,16,64,16007.42
Samsung M386A4G40DM0-CPB 32 GB,"4,2133","1,32",1.562,Black / Green,14.065,15.0,DDR4,2133,1,32,32,2899.42
Corsair Vengeance RGB Pro 8 GB,"4,3200","1,8",6.622,Black,10.0,16.0,DDR4,3200,1,8,8,3072.8399999999997
Kingston KVR1333D3N9HK2/8G 8 GB,"3,1333","2,4",6.249,Green,13.503,9.0,DDR3,1333,2,4,8,2899.42
Corsair Vengeance 32 GB,"5,6000","2,16",3.89,Black,12.0,36.0,DDR5,6000,2,16,32,7220.42
Corsair Vengeance RGB 32 GB,"5,6000","2,16",3.75,White / Silver,12.0,36.0,DDR5,6000,2,16,32,6959.42
Corsair Vengeance RGB Pro 256 GB,"4,3200","8,32",,Black,10.0,16.0,DDR4,3200,8,32,256,38296.82
Patriot Viper Xtreme 5 RGB 48 GB,"5,7600","2,24",3.291,Black,9.474,36.0,DDR5,7600,2,24,48,9163.42
Patriot Viper Xtreme 5 RGB 32 GB,"5,7600","2,16",4.0,Black,9.474,36.0,DDR5,7600,2,16,32,7423.42
Corsair Dominator Platinum RGB 64 GB,"5,6400","2,32",5.0,Black,10.0,32.0,DDR5,6400,2,32,64,18559.420000000002
Corsair Vengeance 32 GB,"5,6200","2,16",3.406,Black,11.613,36.0,DDR5,6200,2,16,32,6321.42
Corsair Vengeance 8 GB,"3,1600","2,4",7.622,Black / Silver,11.25,9.0,DDR3,1600,2,4,8,3536.8399999999997
G.Skill TridentZ RGB 16 GB,"4,4000","2,8",11.812,Black,8.5,17.0,DDR4,4000,2,8,16,10962.0
TEAMGROUP T-Force Xtreem 32 GB,"5,7600","2,16",4.843,Pink,9.474,36.0,DDR5,7600,2,16,32,8989.42
PNY XLR8 Gaming EPIC-X RGB 16 GB,"4,3600","2,8",2.499,Black,10.0,18.0,DDR4,3600,2,8,16,2319.42
TEAMGROUP T-Force Vulcanα 32 GB,"5,5600","2,16",2.578,Black / Silver,14.286,40.0,DDR5,5600,2,16,32,4784.42
Kingston ValueRAM 16 GB,"4,3200","1,16",3.638,,13.75,22.0,DDR4,3200,1,16,16,3375.6000000000004
Corsair Vengeance RGB 32 GB,"5,6200","2,16",3.687,Black,11.613,36.0,DDR5,6200,2,16,32,6843.42
Kingston Fury Renegade RGB 96 GB,"5,6400","2,48",3.854,Silver / Black,10.0,32.0,DDR5,6400,2,48,96,21459.420000000002
Kingston KCP424SS6/4 4 GB,"4,2400","1,4",1.25,Green / Black,14.167,17.0,DDR4,2400,1,4,4,290.0
Corsair Vengeance RGB 64 GB,"5,5200","2,32",2.641,Black / Gray,15.385,40.0,DDR5,5200,2,32,64,9802.0
ADATA XPG LANCER RGB 64 GB,"5,6400","2,32",4.629,Black,10.0,32.0,DDR5,6400,2,32,64,17183.66
Corsair Vengeance LPX 16 GB,"4,2400","1,16",2.362,Black,11.667,14.0,DDR4,2400,1,16,16,2191.82
Corsair Vengeance LPX 16 GB,"4,3200","1,16",4.561,Black / Yellow,10.0,16.0,DDR4,3200,1,16,16,4232.84
G.Skill Trident Z5 32 GB,"5,6000","2,16",3.062,Black,12.0,36.0,DDR5,6000,2,16,32,5683.42
G.Skill Ripjaws M5 RGB 32 GB,"5,5200","2,16",2.812,Black,15.385,40.0,DDR5,5200,2,16,32,5219.42
Corsair Vengeance RGB 96 GB,"5,6000","4,24",3.073,Black,13.333,40.0,DDR5,6000,4,24,96,17109.420000000002
Kingston FURY Beast 16 GB,"5,4800","2,8",4.062,Black,15.833,38.0,DDR5,4800,2,8,16,3770.0
Patriot Signature Premium 8 GB,"4,2400","1,8",2.498,Black,14.167,17.0,DDR4,2400,1,8,8,1158.84
TEAMGROUP T-Force DELTAα RGB 32 GB,"5,6000","2,16",2.89,Black,12.667,38.0,DDR5,6000,2,16,32,5364.42
G.Skill Trident Z Neo 32 GB,"4,3600","4,8",3.656,Silver / Black,10.0,18.0,DDR4,3600,4,8,32,6785.42
Timetec PINNACLE Konduit 16 GB,"4,3600","1,16",1.937,White,10.0,18.0,DDR4,3600,1,16,16,1797.4199999999998
G.Skill Trident Z Royal 128 GB,"4,3600","4,32",6.242,Gold,8.889,16.0,DDR4,3600,4,32,128,46342.0
Kingston FURY Beast 32 GB,"5,6000","2,16",4.354,White,10.0,30.0,DDR5,6000,2,16,32,8081.72
G.Skill Ripjaws M5 RGB 64 GB,"5,5200","2,32",2.422,White,15.385,40.0,DDR5,5200,2,32,64,8989.42
TEAMGROUP T-Force Delta RGB 64 GB,"5,6000","2,32",2.812,Black,12.667,38.0,DDR5,6000,2,32,64,10439.42
TEAMGROUP T-Force Delta RGB 32 GB,"5,8000","2,16",5.0,Black / Silver,9.5,38.0,DDR5,8000,2,16,32,9279.42
G.Skill Trident Z RGB 16 GB,"4,3000","2,8",3.562,Black,10.667,16.0,DDR4,3000,2,8,16,3305.42
Kingston Server Premier 32 GB,"5,5600","1,32",5.718,Green / Black,16.429,46.0,DDR5,5600,1,32,32,10613.42
Kingston FURY Beast RGB 32 GB,"5,6000","2,16",4.68,Black,10.0,30.0,DDR5,6000,2,16,32,8686.66
G.Skill Trident Z5 RGB 48 GB,"5,6000","2,24",4.771,Black,13.333,40.0,DDR5,6000,2,24,48,13283.74
G.Skill Ripjaws M5 RGB 32 GB,"5,6000","2,16",3.125,White,12.0,36.0,DDR5,6000,2,16,32,5799.42
Corsair Vengeance RGB 64 GB,"5,5600","2,32",2.969,Black / Gray,14.286,40.0,DDR5,5600,2,32,64,11019.42
Corsair Vengeance 64 GB,"5,5200","2,32",2.344,Gray,15.385,40.0,DDR5,5200,2,32,64,8699.42
Corsair Vengeance LPX 32 GB,"4,2400","2,16",3.906,Black / Yellow,11.667,14.0,DDR4,2400,2,16,32,7249.42
Timetec PINNACLE Konduit RGB 16 GB,"4,3600","2,8",2.499,White,10.0,18.0,DDR4,3600,2,8,16,2319.42
Samsung M393A8G40MB2-CVF 64 GB,"4,2933","1,64",2.344,Green / Black,14.32,21.0,DDR4,2933,1,64,64,8699.42
G.Skill Trident Z5 Neo RGB 48 GB,"5,6000","2,24",5.926,Black,13.333,40.0,DDR5,6000,2,24,48,16498.1
G.Skill Trident Z RGB 16 GB,"4,4000","2,8",3.687,Black,9.0,18.0,DDR4,4000,2,8,16,3421.42
Thermaltake TOUGHRAM XG RGB D5 32 GB,"5,6000","2,16",4.843,White / Silver,12.0,36.0,DDR5,6000,2,16,32,8988.84
Corsair Vengeance RGB 96 GB,"5,6400","4,24",4.146,Black / Gray,10.0,32.0,DDR5,6400,4,24,96,23083.420000000002
PNY Performance 8 GB,"4,3200","1,8",2.04,Black,13.75,22.0,DDR4,3200,1,8,8,946.5600000000001
G.Skill Trident Z5 RGB 32 GB,"5,5600","2,16",2.906,Black,12.857,36.0,DDR5,5600,2,16,32,5393.42
TEAMGROUP T-Force Delta RGB 32 GB,"5,7600","2,16",4.312,Black / Silver,9.474,36.0,DDR5,7600,2,16,32,8003.42
G.Skill Trident Z5 Royal 32 GB,"5,7600","2,16",5.0,Silver,9.474,36.0,DDR5,7600,2,16,32,9279.42
G.Skill Value 4 GB,"3,1600","1,4",3.68,Green,13.75,11.0,DDR3,1600,1,4,4,853.76
G.Skill Trident Z5 Neo RGB 32 GB,"5,6400","2,16",4.343,,10.0,32.0,DDR5,6400,2,16,32,8061.42
TEAMGROUP Xtreem 32 GB,"5,7200","2,16",3.812,Black,9.444,34.0,DDR5,7200,2,16,32,7075.42
G.Skill Ripjaws V 32 GB,"4,3200","1,32",2.187,Black,10.0,16.0,DDR4,3200,1,32,32,4058.84
Klevv CRAS X RGB 16 GB,"4,3600","2,8",3.249,Black,10.0,18.0,DDR4,3600,2,8,16,3015.42
TEAMGROUP T-Force Delta RGB 16 GB,"4,3200","2,8",2.749,Black,10.0,16.0,DDR4,3200,2,8,16,2551.42
Patriot Viper Elite 5 RGB 48 GB,"5,6000","2,24",2.916,White,14.0,42.0,DDR5,6000,2,24,48,8119.42
Corsair Dominator Platinum RGB 32 GB,"4,3600","4,8",5.826,White,10.0,18.0,DDR4,3600,4,8,32,10812.359999999999
TEAMGROUP T-Force Vulcan 16 GB,"5,5200","1,16",5.349,Red,15.385,40.0,DDR5,5200,1,16,16,4964.22
Samsung M393A4K40CB1-CRC 32 GB,"4,2400","1,32",1.874,Green / Black,14.167,17.0,DDR4,2400,1,32,32,3478.8399999999997
G.Skill Trident Z5 Royal 32 GB,"5,7200","2,16",5.781,Gold,9.444,34.0,DDR5,7200,2,16,32,10729.42
G.Skill Flare X5 48 GB,"5,6000","2,24",2.771,Black,13.333,40.0,DDR5,6000,2,24,48,7713.42
Kingston FURY Beast 32 GB,"5,6000","1,32",3.871,Black,10.0,30.0,DDR5,6000,1,32,32,7184.46
Silicon Power XPOWER Storm RGB 64 GB,"5,6000","2,32",2.5,Gray,12.667,38.0,DDR5,6000,2,32,64,9279.42
Crucial Ballistix Elite 16 GB,"4,2666","2,8",9.998,Black,12.003,16.0,DDR4,2666,2,8,16,9277.68
Corsair Dominator Titanium 32 GB,"5,6400","2,16",5.906,Black,10.0,32.0,DDR5,6400,2,16,32,10961.42
Kingston FURY Beast 64 GB,"5,5200","2,32",2.734,Black,15.385,40.0,DDR5,5200,2,32,64,10149.42
Corsair Dominator Platinum RGB 32 GB,"5,7600","2,16",6.593,Black,9.474,36.0,DDR5,7600,2,16,32,12237.42
Kingston FURY Beast 8 GB,"5,5200","1,8",4.362,Black,15.385,40.0,DDR5,5200,1,8,8,2024.1999999999998
Kingston FURY Beast 64 GB,"5,6000","2,32",3.765,Black,10.0,30.0,DDR5,6000,2,32,64,13973.94
Corsair Vengeance RGB Pro 32 GB,"4,3600","4,8",4.218,Black,10.0,18.0,DDR4,3600,4,8,32,7829.42
TEAMGROUP T-Force Delta RGB 48 GB,"5,8200","2,24",5.208,Black,9.268,38.0,DDR5,8200,2,24,48,14499.42
Corsair Vengeance 32 GB,"5,5600","1,32",3.093,Black / Gray,14.286,40.0,DDR5,5600,1,32,32,5741.42
Kingston FURY Renegade 96 GB,"5,6400","2,48",4.151,Silver / Black,10.0,32.0,DDR5,6400,2,48,96,23112.420000000002
Crucial CT8G4DFS8213 8 GB,"4,2133","1,8",2.375,Black / Green,14.065,15.0,DDR4,2133,1,8,8,1102.0
Kingston FURY Beast RGB 32 GB,"5,6000","2,16",4.361,White,12.0,36.0,DDR5,6000,2,16,32,8094.4800000000005
Patriot Viper Steel RGB 64 GB,"4,3600","2,32",2.703,Black,11.111,20.0,DDR4,3600,2,32,64,10033.42
TEAMGROUP T-Force Delta RGB 48 GB,"5,7200","2,24",3.75,Black,9.444,34.0,DDR5,7200,2,24,48,10439.42
Kingston FURY Beast 64 GB,"4,3600","2,32",4.375,Black / Silver,10.0,18.0,DDR4,3600,2,32,64,16240.0
Kingston FURY Beast 16 GB,"5,5600","1,16",3.487,Black,12.857,36.0,DDR5,5600,1,16,16,3236.3999999999996
Samsung M471B5273DH0-CK0 4 GB,"3,1600","1,4",2.562,Green,13.75,11.0,DDR3,1600,1,4,4,594.5
Corsair Vengeance RGB 48 GB,"5,6000","2,24",4.208,Black / Silver,10.0,30.0,DDR5,6000,2,24,48,11715.42
Crucial CT2K16G4RFD4213 32 GB,"4,2133","2,16",1.758,Green,14.065,15.0,DDR4,2133,2,16,32,3262.5
Corsair Vengeance LPX 8 GB,"4,2666","2,4",4.366,Black / Yellow,12.003,16.0,DDR4,2666,2,4,8,2025.94
Kingston FURY 128 GB,"5,5200","4,32",2.148,White,15.385,40.0,DDR5,5200,4,32,128,15949.42
TEAMGROUP T-Force Delta RGB 48 GB,"5,8000","2,24",4.479,White,9.5,38.0,DDR5,8000,2,24,48,12469.42
TEAMGROUP T-Force Vulcan 32 GB,"5,5600","2,16",2.75,Black,12.857,36.0,DDR5,5600,2,16,32,5103.42
Corsair Dominator Titanium 48 GB,"5,7000","2,24",5.0,White,10.286,36.0,DDR5,7000,2,24,48,13919.42
Corsair Vengeance 32 GB,"5,6000","2,16",3.46,Black,13.333,40.0,DDR5,6000,2,16,32,6422.34
Patriot Viper Elite 5 RGB 32 GB,"5,7000","2,16",3.375,White,10.857,38.0,DDR5,7000,2,16,32,6263.42
G.Skill Ripjaws M5 RGB 32 GB,"5,5200","2,16",2.812,White,15.385,40.0,DDR5,5200,2,16,32,5219.42
Kingston FURY Beast RGB 64 GB,"5,5600","2,32",2.812,Black,12.857,36.0,DDR5,5600,2,32,64,10439.42
ADATA Premier 16 GB,"5,4800","1,16",3.591,Black,16.667,40.0,DDR5,4800,1,16,16,3332.1000000000004
ADATA XPG SPECTRIX D35G RGB 16 GB,"4,3200","1,16",6.063,Black,10.0,16.0,DDR4,3200,1,16,16,5626.58
Kingston Server Premier 32 GB,"4,2933","1,32",9.344,,14.32,21.0,DDR4,2933,1,32,32,17342.0
Timetec PINNACLE Konduit RGB 16 GB,"4,3200","2,8",2.312,White,10.0,16.0,DDR4,3200,2,8,16,2145.42
Crucial CT2K32G56C46S5 64 GB,"5,5600","2,32",3.849,Black,16.429,46.0,DDR5,5600,2,32,64,14287.140000000001
G.Skill Ripjaws S5 32 GB,"5,6000","2,16",3.281,Black,10.667,32.0,DDR5,6000,2,16,32,6089.42
Corsair Dominator Platinum RGB 32 GB,"5,5200","2,16",4.406,Black / Silver,15.385,40.0,DDR5,5200,2,16,32,8177.42
G.Skill Aegis 16 GB,"4,2400","2,8",2.17,Black / Red,14.167,17.0,DDR4,2400,2,8,16,2013.76
G.Skill Flare X5 32 GB,"5,5600","2,16",4.181,Black,10.714,30.0,DDR5,5600,2,16,32,7760.400000000001
TEAMGROUP T-Force Vulcan 64 GB,"5,6000","2,32",2.594,Red,12.667,38.0,DDR5,6000,2,32,64,9627.42
Corsair Vengeance 48 GB,"5,5200","2,24",2.791,Black,14.615,38.0,DDR5,5200,2,24,48,7771.42
Corsair Vengeance RGB 48 GB,"5,7200","2,24",4.062,Black,10.0,36.0,DDR5,7200,2,24,48,11309.42
Corsair Vengeance RGB 96 GB,"5,6000","4,24",4.174,Black,10.0,30.0,DDR5,6000,4,24,96,23240.02
Crucial CT102464BD160B 8 GB,"3,1600","1,8",2.123,Black / Green,13.75,11.0,DDR3,1600,1,8,8,984.84
Crucial CT8G4DFD8213 8 GB,"4,2133","1,8",3.124,Black / Green,14.065,15.0,DDR4,2133,1,8,8,1449.4199999999998
Crucial CT2K48G56C46S5 96 GB,"5,5600","2,48",,Black,16.429,46.0,DDR5,5600,2,48,96,11303.619999999999
TEAMGROUP Xtreem 48 GB,"5,8000","2,24",4.541,Black,9.5,38.0,DDR5,8000,2,24,48,12643.42
Kingston FURY Beast RGB 16 GB,"5,6000","2,8",5.378,Black,10.0,30.0,DDR5,6000,2,8,16,4990.320000000001
ADATA XPG SPECTRIX D35G RGB 32 GB,"4,3600","2,16",4.112,Black,10.0,18.0,DDR4,3600,2,16,32,7631.64
Corsair Vengeance 32 GB,"5,6600","2,16",4.468,Black,9.697,32.0,DDR5,6600,2,16,32,8293.42
ADATA XPG Lancer Blade RGB 64 GB,"5,6000","2,32",5.117,Black,10.0,30.0,DDR5,6000,2,32,64,18993.260000000002
G.Skill Trident Z5 Royal Neo RGB 32 GB,"5,8000","2,16",6.25,Gold,9.5,38.0,DDR5,8000,2,16,32,11599.42
Klevv CRAS X RGB 32 GB,"4,3600","2,16",2.75,Black,10.0,18.0,DDR4,3600,2,16,32,5103.42
Corsair Vengeance 64 GB,"5,5600","2,32",3.094,Black / Gray,14.286,40.0,DDR5,5600,2,32,64,11483.42
Patriot Viper Steel 16 GB,"4,3600","1,16",2.249,Gray,10.0,18.0,DDR4,3600,1,16,16,2087.42
ADATA XPG Lancer Blade 64 GB,"5,6000","2,32",5.309,Black,10.0,30.0,DDR5,6000,2,32,64,19705.5
Corsair Vengeance 64 GB,"5,4400","2,32",2.515,Black / Gray,16.364,36.0,DDR5,4400,2,32,64,9337.42
Patriot Viper Venom 32 GB,"5,5200","1,32",2.281,Black / White,13.846,36.0,DDR5,5200,1,32,32,4232.84
Corsair Dominator Platinum RGB 64 GB,"5,5200","2,32",3.125,Black,15.385,40.0,DDR5,5200,2,32,64,11599.42
Corsair Vengeance RGB 64 GB,"5,6200","4,16",4.25,Black / Gray,10.323,32.0,DDR5,6200,4,16,64,15776.0
G.Skill Trident Z5 RGB 32 GB,"5,6800","2,16",4.281,Black / Silver,10.0,34.0,DDR5,6800,2,16,32,7945.42
TEAMGROUP Elite 16 GB,"5,4800","1,16",2.562,Black,16.667,40.0,DDR5,4800,1,16,16,2377.42
G.Skill Trident Z5 64 GB,"5,6000","2,32",3.203,Black,10.667,32.0,DDR5,6000,2,32,64,11889.42
TEAMGROUP T-Create Classic 32 GB,"5,6000","2,16",2.75,Black,16.0,48.0,DDR5,6000,2,16,32,5103.42
Kingston FURY Beast RGB 32 GB,"5,5600","2,16",3.718,Black,14.286,40.0,DDR5,5600,2,16,32,6901.42
G.Skill Ripjaws S5 64 GB,"5,5600","2,32",2.812,Black,10.714,30.0,DDR5,5600,2,32,64,10439.42
G.Skill Trident Z5 Neo RGB 32 GB,"5,6400","2,16",3.906,,10.0,32.0,DDR5,6400,2,16,32,7250.0
G.Skill Trident Z5 RGB 48 GB,"5,5600","2,24",2.291,Black,14.286,40.0,DDR5,5600,2,24,48,6379.42
Corsair Vengeance RGB Pro 16 GB,"4,3600","1,16",5.499,Black,10.0,18.0,DDR4,3600,1,16,16,5103.42
TEAMGROUP T-Create Classic 64 GB,"5,6000","2,32",2.5,Black,16.0,48.0,DDR5,6000,2,32,64,9279.42
Klevv BOLT V 32 GB,"5,6800","2,16",3.218,Black,10.0,34.0,DDR5,6800,2,16,32,5973.42
Corsair Vengeance LPX 32 GB,"4,3000","1,32",2.58,Black / Yellow,10.667,16.0,DDR4,3000,1,32,32,4788.4800000000005
Patriot Signature Line 8 GB,"4,3200","1,8",2.999,,13.75,22.0,DDR4,3200,1,8,8,1391.4199999999998
Kingston FURY Renegade 48 GB,"5,6000","1,48",3.625,Silver / Black,10.667,32.0,DDR5,6000,1,48,48,10091.42
TEAMGROUP T-Force Delta RGB 48 GB,"5,8200","2,24",5.208,White,9.268,38.0,DDR5,8200,2,24,48,14499.42
Patriot Viper Steel RGB 16 GB,"4,3600","2,8",3.312,Black,11.111,20.0,DDR4,3600,2,8,16,3073.42
Corsair Vengeance 16 GB,"3,1600","4,4",9.316,Black / Yellow,11.25,9.0,DDR3,1600,4,4,16,8645.48
V-Color TRA564G60D434Q 256 GB,"5,6000","4,64",7.187,White,11.333,34.0,DDR5,6000,4,64,256,106719.42
Corsair Vengeance RGB Pro SL 16 GB,"4,3200","2,8",3.749,Black,10.0,16.0,DDR4,3200,2,8,16,3479.42
Corsair Vengeance RGB 32 GB,"5,6800","2,16",4.218,Black,11.765,40.0,DDR5,6800,2,16,32,7829.42
Kingston FURY Renegade 32 GB,"5,6400","2,16",4.531,Silver / Black,10.0,32.0,DDR5,6400,2,16,32,8409.42
Kingston FURY Beast RGB 64 GB,"5,5600","2,32",3.125,Black,14.286,40.0,DDR5,5600,2,32,64,11599.42
Kingston FURY Renegade 32 GB,"5,6400","2,16",5.457,White / Silver,10.0,32.0,DDR5,6400,2,16,32,10129.119999999999
Crucial Pro Overclocking 16 GB,"5,6000","1,16",3.562,White,12.0,36.0,DDR5,6000,1,16,16,3305.42
TEAMGROUP Elite 8 GB,"4,2666","1,8",2.248,Black,14.254,19.0,DDR4,2666,1,8,8,1042.84
G.Skill Trident Z Neo 256 GB,"4,3600","8,32",2.461,Silver / Black,10.0,18.0,DDR4,3600,8,32,256,36539.42
G.Skill Ripjaws M5 Neo RGB 32 GB,"5,6000","2,16",2.875,White,12.0,36.0,DDR5,6000,2,16,32,5335.42
G.Skill Flare X5 96 GB,"5,5600","2,48",2.5,Black,14.286,40.0,DDR5,5600,2,48,96,13919.42
Corsair Dominator Titanium First Edition 64 GB,"5,6600","2,32",5.14,White,9.697,32.0,DDR5,6600,2,32,64,19081.420000000002
G.Skill Trident Z5 RGB 64 GB,"5,6400","2,32",3.75,Silver / Black,10.0,32.0,DDR5,6400,2,32,64,13919.42
Corsair Vengeance RGB 32 GB,"5,6000","2,16",4.312,Black / Silver,12.0,36.0,DDR5,6000,2,16,32,8003.42
Corsair Vengeance RGB Pro 128 GB,"4,3200","4,32",2.983,Black,10.0,16.0,DDR4,3200,4,32,128,22144.98
Corsair Dominator Platinum RGB 32 GB,"5,7200","2,16",6.25,Black,9.444,34.0,DDR5,7200,2,16,32,11599.42
G.Skill Flare X5 48 GB,"5,5200","2,24",2.187,Black,15.385,40.0,DDR5,5200,2,24,48,6089.42
Kingston ValueRAM 8 GB,"4,3200","1,8",3.016,,13.75,22.0,DDR4,3200,1,8,8,1399.54
G.Skill Ripjaws S5 64 GB,"5,5200","2,32",2.234,Black,13.846,36.0,DDR5,5200,2,32,64,8293.42
G.Skill Trident Z5 64 GB,"5,6000","2,32",4.078,Black,10.0,30.0,DDR5,6000,2,32,64,15136.84
G.Skill Trident Z5 RGB 32 GB,"5,6000","2,16",3.062,Silver / Black,12.0,36.0,DDR5,6000,2,16,32,5683.42
Kingston FURY Beast RGB 64 GB,"4,3600","2,32",2.781,Black,10.0,18.0,DDR4,3600,2,32,64,10322.84
G.Skill Ripjaws M5 RGB 64 GB,"5,6400","2,32",3.594,Black,10.0,32.0,DDR5,6400,2,32,64,13339.42
Corsair Vengeance 32 GB,"5,5600","2,16",3.437,Gray,12.857,36.0,DDR5,5600,2,16,32,6379.42
Patriot Viper Elite II 16 GB,"4,3200","2,8",2.749,Red / Black,11.25,18.0,DDR4,3200,2,8,16,2551.42
G.Skill Trident Z5 RGB 32 GB,"5,6000","2,16",6.567,White / Black,10.0,30.0,DDR5,6000,2,16,32,12188.7
G.Skill Trident Z5 Royal Neo RGB 32 GB,"5,6400","2,16",5.625,Gold,9.375,30.0,DDR5,6400,2,16,32,10439.42
Corsair Vengeance RGB Pro 32 GB,"4,3200","2,16",7.125,White,10.0,16.0,DDR4,3200,2,16,32,13224.0
Kingston FURY Beast 32 GB,"5,5200","1,32",3.061,Black,15.385,40.0,DDR5,5200,1,32,32,5680.5199999999995
Patriot Viper Steel 8 GB,"4,3200","2,4",,Silver / Black,10.0,16.0,DDR4,3200,2,4,8,1796.84
Corsair Vengeance RGB 32 GB,"5,6000","2,16",3.812,Black,13.333,40.0,DDR5,6000,2,16,32,7075.42
Corsair Vengeance RGB 32 GB,"5,5600","2,16",3.453,White / Gray,14.286,40.0,DDR5,5600,2,16,32,6409.58
G.Skill Trident Z5 RGB 32 GB,"5,6400","2,16",3.781,Silver / Black,10.0,32.0,DDR5,6400,2,16,32,7016.84
G.Skill Trident Z 32 GB,"4,3200","2,16",5.414,Black / White,10.0,16.0,DDR4,3200,2,16,32,10048.5
Corsair Vengeance 48 GB,"5,5600","2,24",2.937,Black,14.286,40.0,DDR5,5600,2,24,48,8177.42
G.Skill Flare X5 32 GB,"5,5200","2,16",2.656,Black / White,13.846,36.0,DDR5,5200,2,16,32,4929.42
Kingston FURY Renegade 32 GB,"5,8000","2,16",7.385,Silver / Black,9.5,38.0,DDR5,8000,2,16,32,13707.140000000001
Kingston FURY Beast 16 GB,"4,3200","1,16",4.658,Black,10.0,16.0,DDR4,3200,1,16,16,4322.74
Corsair Vengeance RGB Pro SL 32 GB,"4,3600","4,8",4.406,White,10.0,18.0,DDR4,3600,4,8,32,8177.42
TEAMGROUP T-Force Vulcanα 32 GB,"5,6000","2,16",4.92,Black / Silver,12.667,38.0,DDR5,6000,2,16,32,9130.94
G.Skill Trident Z Royal 64 GB,"4,3600","2,32",3.125,Silver,10.0,18.0,DDR4,3600,2,32,64,11599.42
Corsair Vengeance RGB 32 GB,"5,6000","2,16",4.312,White / Silver,12.0,36.0,DDR5,6000,2,16,32,8003.42
Patriot Viper Elite 5 RGB 96 GB,"5,6000","2,48",2.864,White,14.0,42.0,DDR5,6000,2,48,96,15949.42
G.Skill Ripjaws M5 RGB 64 GB,"5,5200","2,32",2.422,Black,15.385,40.0,DDR5,5200,2,32,64,8989.42
Kingston FURY Impact 32 GB,"5,5600","2,16",2.875,Black,14.286,40.0,DDR5,5600,2,16,32,5335.42
Kingston FURY Beast 64 GB,"5,6000","2,32",3.234,White,12.0,36.0,DDR5,6000,2,32,64,12006.0
G.Skill Ripjaws V 128 GB,"4,2666","4,32",2.031,Black,13.503,18.0,DDR4,2666,4,32,128,15079.42
Corsair Vengeance 32 GB,"5,7000","2,16",4.997,Gray,9.714,34.0,DDR5,7000,2,16,32,9274.2
G.Skill Trident Z5 RGB 32 GB,"5,7200","2,16",4.375,Silver / Black,9.444,34.0,DDR5,7200,2,16,32,8119.42
Crucial CT8G4DFD824A 8 GB,"4,2400","1,8",2.505,Green,14.167,17.0,DDR4,2400,1,8,8,1162.32
Kingston FURY Beast 32 GB,"4,3200","4,8",4.711,Black,10.0,16.0,DDR4,3200,4,8,32,8742.92
Kingston FURY Impact 64 GB,"5,5600","2,32",2.656,Black,14.286,40.0,DDR5,5600,2,32,64,9859.42
Crucial CT2K16G48C40S5 32 GB,"5,4800","2,16",2.221,Black,16.667,40.0,DDR5,4800,2,16,32,4121.4800000000005
Kingston Fury Renegade RGB 96 GB,"5,6000","2,48",3.333,Silver / Black,10.667,32.0,DDR5,6000,2,48,96,18559.420000000002
Corsair Vengeance RGB Pro 32 GB,"4,3000","2,16",3.177,Black,10.667,16.0,DDR4,3000,2,16,32,5896.86
Patriot Viper Elite II 16 GB,"4,4000","1,16",2.999,Red / Black,10.0,20.0,DDR4,4000,1,16,16,2783.42
Kingston Server Premier 64 GB,"4,3200","1,64",3.266,,13.75,22.0,DDR4,3200,1,64,64,12122.0
Kingston FURY Beast 8 GB,"4,3600","1,8",5.617,Black,9.444,17.0,DDR4,3600,1,8,8,2606.52
Corsair Dominator Platinum RGB 16 GB,"4,3600","2,8",5.999,Black,10.0,18.0,DDR4,3600,2,8,16,5567.42
Corsair Vengeance 48 GB,"5,7000","2,24",3.75,Black,11.429,40.0,DDR5,7000,2,24,48,10439.42
G.Skill Trident Z5 RGB 96 GB,"5,5600","2,48",2.5,Black,14.286,40.0,DDR5,5600,2,48,96,13919.42
Corsair Vengeance LPX 16 GB,"4,2933","2,8",3.249,Black / Yellow,10.91,16.0,DDR4,2933,2,8,16,3015.42
G.Skill Ripjaws S5 32 GB,"5,5600","2,16",2.75,White,12.857,36.0,DDR5,5600,2,16,32,5103.42
Kingston FURY Renegade 32 GB,"5,7200","2,16",6.25,White / Silver,10.556,38.0,DDR5,7200,2,16,32,11599.42
Kingston KVR16N11/8 8 GB,"3,1600","1,8",3.045,Green,13.75,11.0,DDR3,1600,1,8,8,1412.8799999999999
Silicon Power SP032GBSVU560F22 32 GB,"5,5600","2,16",2.343,Black,16.429,46.0,DDR5,5600,2,16,32,4349.42
TEAMGROUP Xtreem 32 GB,"5,8000","2,16",5.937,Black,9.5,38.0,DDR5,8000,2,16,32,11019.42
G.Skill Ripjaws S5 96 GB,"5,5600","2,48",2.5,Black,14.286,40.0,DDR5,5600,2,48,96,13919.42
Corsair Vengeance RGB Pro SL 32 GB,"4,3200","2,16",4.406,Black,10.0,16.0,DDR4,3200,2,16,32,8177.42
Corsair Vengeance RGB 32 GB,"5,7000","2,16",4.718,Black / Silver,11.429,40.0,DDR5,7000,2,16,32,8757.42
TEAMGROUP T-Force Xtreem ARGB 16 GB,"4,3600","2,8",3.312,White,10.0,18.0,DDR4,3600,2,8,16,3073.42
G.Skill Ripjaws V 32 GB,"4,2666","2,16",2.187,Red,11.253,15.0,DDR4,2666,2,16,32,4058.84
TEAMGROUP T-Create Expert 48 GB,"5,7200","2,24",3.521,White,9.444,34.0,DDR5,7200,2,24,48,9801.42
G.Skill Zeta R5 Neo 192 GB,"5,6400","4,48",6.667,Black,10.0,32.0,DDR5,6400,4,48,192,74239.42
Corsair Vengeance 64 GB,"5,6000","2,32",3.062,White / Gray,13.333,40.0,DDR5,6000,2,32,64,11367.42
Kingston FURY Beast 32 GB,"5,6400","2,16",7.471,White,10.0,32.0,DDR5,6400,2,16,32,13866.640000000001
G.Skill Flare X5 48 GB,"5,6000","2,24",9.522,Black,10.0,30.0,DDR5,6000,2,24,48,26510.06
TEAMGROUP T-Force Vulcan 64 GB,"5,6000","2,32",2.64,Red,12.667,38.0,DDR5,6000,2,32,64,9801.42
Kingston FURY Beast RGB 32 GB,"5,5200","2,16",3.75,Black,13.846,36.0,DDR5,5200,2,16,32,6959.42
Patriot Viper Elite II 8 GB,"4,3600","1,8",2.749,Red / Black,11.111,20.0,DDR4,3600,1,8,8,1275.4199999999998
Corsair Vengeance RGB Pro 128 GB,"4,3600","4,32",2.785,Black,10.0,18.0,DDR4,3600,4,32,128,20679.32
TEAMGROUP T-Force Vulcan 32 GB,"5,6400","2,16",2.812,Black,12.5,40.0,DDR5,6400,2,16,32,5219.42
G.Skill Trident Z RGB 256 GB,"4,3200","8,32",2.266,Black,10.0,16.0,DDR4,3200,8,32,256,33639.42
ADATA XPG GAMMIX D10 16 GB,"4,3200","2,8",5.948,Black,10.0,16.0,DDR4,3200,2,8,16,5519.86
G.Skill Trident Z Royal 32 GB,"4,3200","2,16",3.125,Silver,10.0,16.0,DDR4,3200,2,16,32,5799.42
Corsair Dominator Platinum RGB 32 GB,"5,6400","2,16",5.622,Black,10.0,32.0,DDR5,6400,2,16,32,10434.2
PNY XLR8 Gaming EPIC-X RGB 32 GB,"4,3600","2,16",2.499,Black,10.0,18.0,DDR4,3600,2,16,32,4638.84
TEAMGROUP T-Force Delta RGB 48 GB,"5,7200","2,24",3.75,White,9.444,34.0,DDR5,7200,2,24,48,10439.42
Kingston FURY Beast RGB 64 GB,"5,6000","2,32",5.383,White,10.0,30.0,DDR5,6000,2,32,64,19982.739999999998
Patriot Viper Xtreme 5 RGB 32 GB,"5,7800","2,16",4.062,Black,9.744,38.0,DDR5,7800,2,16,32,7539.42
Timetec PINNACLE Konduit RGB 32 GB,"4,3200","1,32",1.75,White,10.0,16.0,DDR4,3200,1,32,32,3247.42
G.Skill Trident Z5 Neo 48 GB,"5,8000","2,24",4.583,Black,10.0,40.0,DDR5,8000,2,24,48,12759.42
Corsair Vengeance RGB 64 GB,"5,5200","2,32",2.781,Gray,15.385,40.0,DDR5,5200,2,32,64,10323.42
Corsair Vengeance RGB Pro 16 GB,"4,3000","2,8",5.374,Black,10.667,16.0,DDR4,3000,2,8,16,4987.42
Kingston ValueRAM 8 GB,"4,3200","1,8",3.041,,13.75,22.0,DDR4,3200,1,8,8,1411.1399999999999
Samsung M393A2G40EB1-CRC 16 GB,"4,2400","1,16",1.425,Black / Green,14.167,17.0,DDR4,2400,1,16,16,1322.4
G.Skill TridentZ RGB 32 GB,"4,4000","2,16",21.172,Black,8.0,16.0,DDR4,4000,2,16,32,39296.159999999996
Corsair Dominator Platinum RGB 64 GB,"5,6000","2,32",3.922,Black,13.333,40.0,DDR5,6000,2,32,64,14557.42
G.Skill Ripjaws X 16 GB,"3,1600","2,8",3.101,Black / Blue,11.25,9.0,DDR3,1600,2,8,16,2877.38
Corsair Vengeance LPX 32 GB,"4,3600","4,8",3.437,Black / Yellow,8.889,16.0,DDR4,3600,4,8,32,6379.42
TEAMGROUP T-Force DELTAα RGB 32 GB,"5,6000","2,16",2.89,White,12.667,38.0,DDR5,6000,2,16,32,5364.42
Corsair Dominator Platinum RGB 32 GB,"4,3600","4,8",5.876,Black,10.0,18.0,DDR4,3600,4,8,32,10906.32
TEAMGROUP T-Force Delta RGB 96 GB,"5,6800","2,48",3.604,Black,10.588,36.0,DDR5,6800,2,48,96,20067.420000000002
Corsair Vengeance RGB Pro SL 64 GB,"4,3600","4,16",3.281,Black,10.0,18.0,DDR4,3600,4,16,64,12179.42
G.Skill Ripjaws S5 96 GB,"5,5200","2,48",1.927,White,15.385,40.0,DDR5,5200,2,48,96,10729.42
G.Skill Trident Z Neo 128 GB,"4,3600","4,32",3.65,Black / Silver,8.889,16.0,DDR4,3600,4,32,128,27098.18
Corsair Dominator Platinum RGB 32 GB,"5,5600","2,16",6.085,Black,12.857,36.0,DDR5,5600,2,16,32,11293.76
Corsair CMV4GX4M1A2133C15 4 GB,"4,2133","1,4",4.695,Black,14.065,15.0,DDR4,2133,1,4,4,1089.24
G.Skill F5-5600J2834F32GX2-TZ5RK 64 GB,"5,5600","2,32",3.125,Black,10.0,28.0,DDR5,5600,2,32,64,11599.42
Crucial CT4G4DFS8213 4 GB,"4,2133","1,4",4.388,Black / Green,14.065,15.0,DDR4,2133,1,4,4,1017.9000000000001
TEAMGROUP T-Force Delta RGB 16 GB,"5,5200","2,8",2.999,Black,15.385,40.0,DDR5,5200,2,8,16,2783.42
TEAMGROUP Xtreem ARGB 48 GB,"5,7200","2,24",3.896,Black,9.444,34.0,DDR5,7200,2,24,48,10845.42
Patriot Viper Steel 16 GB,"4,3733","2,8",5.047,Silver / Black,9.108,17.0,DDR4,3733,2,8,16,4683.5
ADATA XPG Lancer Blade 16 GB,"5,6000","1,16",4.579,Black,10.0,30.0,DDR5,6000,1,16,16,4249.08
Corsair ValueSelect 8 GB,"4,2666","1,8",5.747,Black / Yellow,13.503,18.0,DDR4,2666,1,8,8,2666.8399999999997
Crucial CT16G56C46S5 16 GB,"5,5600","1,16",2.562,Black,16.429,46.0,DDR5,5600,1,16,16,2377.42
Corsair Vengeance 32 GB,"5,6800","2,16",3.903,Black,11.765,40.0,DDR5,6800,2,16,32,7244.200000000001
G.Skill Ripjaws V 16 GB,"4,2666","2,8",2.499,Black / Red,11.253,15.0,DDR4,2666,2,8,16,2319.42
Kingston FURY Beast 16 GB,"5,6000","1,16",4.311,Black,10.0,30.0,DDR5,6000,1,16,16,4000.84
Corsair Vengeance LPX 16 GB,"4,2666","1,16",3.937,Black / Yellow,12.003,16.0,DDR4,2666,1,16,16,3653.42
OLOy MD4U082417BBSA 8 GB,"4,2400","1,8",2.498,Red / Black,14.167,17.0,DDR4,2400,1,8,8,1158.84
G.Skill Trident Z5 RGB 64 GB,"5,6000","2,32",3.203,Black,10.667,32.0,DDR5,6000,2,32,64,11889.42
Corsair Dominator Platinum RGB 64 GB,"5,5200","2,32",3.297,White,15.385,40.0,DDR5,5200,2,32,64,12237.42
Kingston FURY Beast RGB 8 GB,"5,6000","1,8",5.624,Black,10.0,30.0,DDR5,6000,1,8,8,2609.42
G.Skill Trident Z5 Neo RGB 256 GB,"5,6000","4,64",3.164,Black,12.0,36.0,DDR5,6000,4,64,256,46979.42
Corsair Vengeance RGB 32 GB,"5,6600","2,16",4.281,Black,11.515,38.0,DDR5,6600,2,16,32,7945.42
TEAMGROUP T-Force Delta RGB 32 GB,"5,5200","2,16",2.75,Black,15.385,40.0,DDR5,5200,2,16,32,5103.42
G.Skill Trident Z RGB 64 GB,"4,3200","2,32",2.5,Black,10.0,16.0,DDR4,3200,2,32,64,9279.42
G.Skill Trident Z5 Neo 32 GB,"5,6000","2,16",3.125,Black,12.0,36.0,DDR5,6000,2,16,32,5799.42
ADATA XPG SPECTRIX D50 16 GB,"4,3200","2,8",7.252,Black,10.0,16.0,DDR4,3200,2,8,16,6729.74
G.Skill NS 2 GB,"3,1333","1,2",6.35,Green,13.503,9.0,DDR3,1333,1,2,2,736.5999999999999
TEAMGROUP T-Force Vulcan 64 GB,"5,5200","2,32",2.344,Black,15.385,40.0,DDR5,5200,2,32,64,8699.42
G.Skill Ripjaws S5 96 GB,"5,5200","2,48",1.927,Black,15.385,40.0,DDR5,5200,2,48,96,10729.42
Kingston Server Premier 32 GB,"4,3200","1,32",4.027,,13.75,22.0,DDR4,3200,1,32,32,7475.04
Timetec PINNACLE Konduit RGB 8 GB,"4,3200","1,8",2.499,White,10.0,16.0,DDR4,3200,1,8,8,1159.4199999999998
Corsair ValueSelect 4 GB,"3,1600","1,4",9.05,Black / Green,13.75,11.0,DDR3,1600,1,4,4,2099.6000000000004
Mushkin Silverline 8 GB,"2,800","2,4",15.393,Gray / Silver,15.0,6.0,DDR2,800,2,4,8,7142.12
Micron MT8JTF25664AZ-1G4D1 2 GB,"3,1333","1,2",11.05,,13.503,9.0,DDR3,1333,1,2,2,1281.8000000000002
G.Skill Ripjaws V 64 GB,"4,2666","2,32",2.187,Black,13.503,18.0,DDR4,2666,2,32,64,8119.42
Crucial CT16G4WFD8213 16 GB,"4,2133","1,16",3.381,Green,14.065,15.0,DDR4,2133,1,16,16,3137.2200000000003
Corsair Vengeance RGB 32 GB,"5,5600","2,16",3.718,Black,12.857,36.0,DDR5,5600,2,16,32,6901.42
PNY XLR8 Gaming MAKO EPIC-X RGB 32 GB,"5,6000","2,16",5.071,Black,13.333,40.0,DDR5,6000,2,16,32,9412.24
Patriot Viper 4 Blackout 16 GB,"4,3600","2,8",2.562,Black,10.0,18.0,DDR4,3600,2,8,16,2377.42
Kingston Server Premier 32 GB,"5,5200","1,32",5.219,Green / Black,16.154,42.0,DDR5,5200,1,32,32,9686.0
G.Skill Ripjaws M5 RGB 96 GB,"5,6400","2,48",3.333,Black,10.0,32.0,DDR5,6400,2,48,96,18559.420000000002
Patriot Viper Venom RGB 64 GB,"5,5600","2,32",2.578,Black / White,14.286,40.0,DDR5,5600,2,32,64,9569.42
Silicon Power XPOWER Turbine RGB 16 GB,"4,3200","2,8",2.812,Silver / Black,10.0,16.0,DDR4,3200,2,8,16,2609.42
Corsair Vengeance LPX 64 GB,"4,3000","4,16",2.572,Black,10.667,16.0,DDR4,3000,4,16,64,9549.119999999999
Corsair Vengeance LPX 8 GB,"4,2400","1,8",4.624,Black / Yellow,11.667,14.0,DDR4,2400,1,8,8,2145.42
G.Skill Trident Z5 RGB 48 GB,"5,7600","2,24",3.958,Black,10.0,38.0,DDR5,7600,2,24,48,11019.42
Crucial CT2K64G56C46S5 128 GB,"5,5600","2,64",2.187,Black,16.429,46.0,DDR5,5600,2,64,128,16239.42
TEAMGROUP T-Force Delta RGB 32 GB,"5,6800","2,16",3.531,Black / Silver,10.0,34.0,DDR5,6800,2,16,32,6553.42
Corsair Dominator Platinum RGB 32 GB,"4,4000","2,16",4.937,Black,9.0,18.0,DDR4,4000,2,16,32,9163.42
Kingston FURY Beast 64 GB,"4,3200","4,16",2.969,Black,10.0,16.0,DDR4,3200,4,16,64,11019.42
Kingston Server Premier 16 GB,"5,5200","1,16",6.874,Green / Black,16.154,42.0,DDR5,5200,1,16,16,6379.42
Kingston ValueRAM 4 GB,"4,3200","1,4",3.69,Green,13.75,22.0,DDR4,3200,1,4,4,856.08
Kingston Fury Renegade RGB 32 GB,"5,6000","2,16",4.906,Silver / Black,10.667,32.0,DDR5,6000,2,16,32,9105.42
Kingston FURY Renegade 48 GB,"5,6400","1,48",4.513,Silver / Black,10.0,32.0,DDR5,6400,1,48,48,12563.380000000001
G.Skill Flare X5 128 GB,"5,6000","2,64",3.047,Black,12.0,36.0,DDR5,6000,2,64,128,22619.420000000002
Patriot Viper Venom RGB 64 GB,"5,6000","2,32",2.89,Black / White,12.0,36.0,DDR5,6000,2,32,64,10729.42
ADATA XPG LANCER RGB 64 GB,"5,6400","2,32",5.182,White,10.0,32.0,DDR5,6400,2,32,64,19235.12
TEAMGROUP T-Force Xtreem 48 GB,"5,7200","2,24",3.791,Pink,9.444,34.0,DDR5,7200,2,24,48,10555.42
Corsair Vengeance RGB 64 GB,"5,6400","4,16",5.0,Black / Gray,10.0,32.0,DDR5,6400,4,16,64,18559.420000000002
Kingston FURY Beast 32 GB,"5,6400","1,32",7.775,Black,10.0,32.0,DDR5,6400,1,32,32,14430.400000000001
Corsair Dominator Platinum RGB 32 GB,"5,6600","2,16",5.781,Black,9.697,32.0,DDR5,6600,2,16,32,10729.42
Patriot Viper Steel RGB 16 GB,"4,3200","2,8",3.249,Black,11.25,18.0,DDR4,3200,2,8,16,3015.42
Kingston FURY Beast RGB 16 GB,"5,5200","1,16",3.41,Black,13.846,36.0,DDR5,5200,1,16,16,3164.48
Kingston KVR1333D3N9/4G 4 GB,"3,1333","1,4",5.305,Green,13.503,9.0,DDR3,1333,1,4,4,1230.76
Corsair Dominator Platinum RGB 32 GB,"5,6000","2,16",5.437,White,12.0,36.0,DDR5,6000,2,16,32,10091.42
G.Skill Ripjaws X 32 GB,"3,1600","4,8",3.074,Black / Blue,11.25,9.0,DDR3,1600,4,8,32,5705.46
G.Skill Trident Z5 Royal 48 GB,"5,8000","2,24",4.583,Silver,10.0,40.0,DDR5,8000,2,24,48,12759.42
Corsair Vengeance RGB Pro 16 GB,"4,2666","2,8",5.187,Black,12.003,16.0,DDR4,2666,2,8,16,4813.42
Thermaltake TOUGHRAM RGB 16 GB,"4,3200","2,8",7.112,White / Silver,10.0,16.0,DDR4,3200,2,8,16,6599.820000000001
G.Skill Trident Z Neo 256 GB,"4,3200","8,32",3.195,Black / Silver,10.0,16.0,DDR4,3200,8,32,256,47436.46
Patriot Viper Elite II 16 GB,"4,3200","1,16",2.499,Red / Black,11.25,18.0,DDR4,3200,1,16,16,2319.42
Corsair Vengeance RGB 64 GB,"5,6000","2,32",3.281,White / Black,13.333,40.0,DDR5,6000,2,32,64,12179.42
Kingston FURY Beast 128 GB,"4,3200","4,32",4.104,Black,10.0,16.0,DDR4,3200,4,32,128,30468.56
Timetec PINNACLE Konduit 16 GB,"4,3200","1,16",1.937,White,10.0,16.0,DDR4,3200,1,16,16,1797.4199999999998
Crucial CT32G4RFD432A 32 GB,"4,3200","1,32",2.031,Green / Black,13.75,22.0,DDR4,3200,1,32,32,3768.84
G.Skill Aegis 8 GB,"4,2133","1,8",4.875,Black / Red,14.065,15.0,DDR4,2133,1,8,8,2262.0
Corsair Vengeance RGB 32 GB,"5,7000","2,16",5.156,Black,10.286,36.0,DDR5,7000,2,16,32,9569.42
Kingston ValueRAM 4 GB,"2,800","2,2",8.072,Green,15.0,6.0,DDR2,800,2,2,4,1872.82
Kingston Server Premier 64 GB,"4,2666","1,64",6.066,,14.254,19.0,DDR4,2666,1,64,64,22517.34
TEAMGROUP T-Force Delta RGB 32 GB,"5,7600","2,16",4.312,White / Silver,9.474,36.0,DDR5,7600,2,16,32,8003.42
Kingston FURY Beast 16 GB,"5,6000","1,16",4.341,White,10.0,30.0,DDR5,6000,1,16,16,4028.1000000000004
G.Skill Trident Z5 RGB 48 GB,"5,8200","2,24",5.208,White / Black,9.756,40.0,DDR5,8200,2,24,48,14499.42
Patriot Viper Steel 32 GB,"4,3200","1,32",2.499,Gray,10.0,16.0,DDR4,3200,1,32,32,4638.84
Kingston FURY Beast 64 GB,"5,6400","2,32",4.147,Black,10.0,32.0,DDR5,6400,2,32,64,15393.78
Crucial CT8G4DFS8266 8 GB,"4,2666","1,8",2.438,Green / Black,14.254,19.0,DDR4,2666,1,8,8,1131.0
Corsair Dominator Platinum RGB 32 GB,"4,3600","2,16",4.455,Black,10.0,18.0,DDR4,3600,2,16,32,8267.900000000001
Patriot Viper Elite II 16 GB,"4,3600","1,16",2.624,Red / Black,11.111,20.0,DDR4,3600,1,16,16,2435.42
Corsair Vengeance 64 GB,"5,6400","4,16",4.828,Black / Gray,10.0,32.0,DDR5,6400,4,16,64,17921.420000000002
Crucial Ballistix Sport 16 GB,"3,1600","2,8",6.248,Black / Silver,11.25,9.0,DDR3,1600,2,8,16,5798.26
Kingston FURY Beast RGB 8 GB,"5,5600","1,8",5.021,Black,14.286,40.0,DDR5,5600,1,8,8,2329.86
Crucial CT2K4G4DFS8266 8 GB,"4,2666","2,4",9.185,Green,14.254,19.0,DDR4,2666,2,4,8,4261.84
G.Skill Trident Z5 64 GB,"5,6000","2,32",2.969,Black / Silver,10.667,32.0,DDR5,6000,2,32,64,11020.0
G.Skill Trident Z Neo 64 GB,"4,3200","2,32",2.578,Black / Silver,10.0,16.0,DDR4,3200,2,32,64,9569.42
Corsair Vengeance 32 GB,"5,4800","2,16",2.656,Black / White,16.667,40.0,DDR5,4800,2,16,32,4929.42
Corsair Vengeance 48 GB,"5,6400","2,24",3.623,Black / Gray,11.25,36.0,DDR5,6400,2,24,48,10087.359999999999
Kingston FURY Beast RGB 32 GB,"5,6400","2,16",3.125,White,10.0,32.0,DDR5,6400,2,16,32,5799.42
ADATA XPG CASTER RGB 32 GB,"5,6400","2,16",14.842,Black / Silver,12.5,40.0,DDR5,6400,2,16,32,27547.1
PNY XLR8 Gaming EPIC-X RGB 8 GB,"4,3200","1,8",4.17,Black,10.0,16.0,DDR4,3200,1,8,8,1934.8799999999999
Corsair Dominator Titanium 64 GB,"5,6000","4,16",5.312,Black,12.0,36.0,DDR5,6000,4,16,64,19719.420000000002
G.Skill Trident Z Neo 32 GB,"4,3600","2,16",14.994,Black / Silver,7.778,14.0,DDR4,3600,2,16,32,27829.56
G.Skill Trident Z5 Neo RGB 96 GB,"5,5600","2,48",2.396,Black,14.286,40.0,DDR5,5600,2,48,96,13339.42
TEAMGROUP T-Force Vulcan 64 GB,"5,6000","2,32",2.594,Black,12.667,38.0,DDR5,6000,2,32,64,9627.42
TEAMGROUP Xtreem 32 GB,"5,7600","2,16",4.843,Black,9.474,36.0,DDR5,7600,2,16,32,8989.42
G.Skill Ripjaws V 64 GB,"4,3600","4,16",2.68,Black,8.889,16.0,DDR4,3600,4,16,64,9948.16
TEAMGROUP T-Force Delta RGB 48 GB,"5,7600","2,24",4.375,White,9.474,36.0,DDR5,7600,2,24,48,12179.42
Kingston FURY Renegade Pro 256 GB,"5,6800","8,32",8.482,Black,10.0,34.0,DDR5,6800,8,32,256,125943.52
Corsair Vengeance RGB Pro SL 32 GB,"4,3200","2,16",4.2,Black,10.0,16.0,DDR4,3200,2,16,32,7795.78
G.Skill Trident Z5 RGB 48 GB,"5,6800","2,24",3.541,Black,10.0,34.0,DDR5,6800,2,24,48,9859.42
Corsair Vengeance LPX 16 GB,"4,4000","2,8",4.999,Black / Yellow,9.5,19.0,DDR4,4000,2,8,16,4638.84
Patriot Signature Premium 8 GB,"4,2666","1,8",3.499,Black,14.254,19.0,DDR4,2666,1,8,8,1623.4199999999998
Kingston ValueRAM 16 GB,"4,3200","1,16",2.747,,13.75,22.0,DDR4,3200,1,16,16,2549.1000000000004
Crucial CT2KIT12864BA160B 2 GB,"3,1600","2,1",497.5,Black / Green,13.75,11.0,DDR3,1600,2,1,2,57710.0
G.Skill Trident Z RGB 96 GB,"5,6400","2,48",4.612,Silver / Black,10.0,32.0,DDR5,6400,2,48,96,25679.5
Corsair Vengeance RGB 64 GB,"5,6200","2,32",4.312,Black / Silver,10.323,32.0,DDR5,6200,2,32,64,16007.42
Kingston ValueRAM 32 GB,"4,3200","1,32",2.112,,13.75,22.0,DDR4,3200,1,32,32,3920.2200000000003
TEAMGROUP Elite Plus 16 GB,"5,4800","2,8",2.499,Black,16.667,40.0,DDR5,4800,2,8,16,2319.42
Patriot Signature Line 16 GB,"5,4800","2,8",3.061,Black,16.667,40.0,DDR5,4800,2,8,16,2840.8399999999997
Corsair Vengeance LPX 8 GB,"4,2666","1,8",4.624,Black / Yellow,12.003,16.0,DDR4,2666,1,8,8,2145.42
Crucial CT2K8G4DFS8266 16 GB,"4,2666","2,8",2.281,Green,14.254,19.0,DDR4,2666,2,8,16,2117.0
Kingston Server Premier 32 GB,"4,2666","1,32",4.955,,14.254,19.0,DDR4,2666,1,32,32,9195.900000000001
Corsair Vengeance RGB Pro SL 32 GB,"4,4000","2,16",4.477,Black,9.0,18.0,DDR4,4000,2,16,32,8309.08
G.Skill Ripjaws S5 64 GB,"5,5600","2,32",2.5,Black,12.857,36.0,DDR5,5600,2,32,64,9279.42
Corsair Vengeance LPX 16 GB,"4,2666","2,8",4.624,Black,12.003,16.0,DDR4,2666,2,8,16,4290.84
Kingston FURY Beast RGB 32 GB,"5,5600","1,32",4.582,Black,12.857,36.0,DDR5,5600,1,32,32,8504.539999999999
Kingston FURY Beast 16 GB,"4,3600","1,16",3.562,Black,10.0,18.0,DDR4,3600,1,16,16,3305.42
Kingston ValueRAM 8 GB,"4,2400","1,8",3.214,Green,14.167,17.0,DDR4,2400,1,8,8,1491.18
Kingston Server Premier 64 GB,"4,2666","1,64",4.325,,14.254,19.0,DDR4,2666,1,64,64,16055.56
V-Color XSky RGB 32 GB,"5,6000","2,16",5.156,Black,12.0,36.0,DDR5,6000,2,16,32,9569.42
Kingston FURY Beast RGB 64 GB,"5,6000","2,32",5.241,Black,10.0,30.0,DDR5,6000,2,32,64,19455.52
Corsair Dominator Platinum RGB 32 GB,"5,5200","2,16",4.406,White,15.385,40.0,DDR5,5200,2,16,32,8177.42
Kingston FURY Beast 64 GB,"5,6400","2,32",4.062,White,10.0,32.0,DDR5,6400,2,32,64,15079.42
Corsair Vengeance 32 GB,"5,5600","2,16",3.468,White / Gray,14.286,40.0,DDR5,5600,2,16,32,6437.42
TEAMGROUP T-Force Vulcan Z 16 GB,"4,3200","1,16",4.134,Gray,10.0,16.0,DDR4,3200,1,16,16,3836.7000000000003
Corsair Dominator Platinum RGB 64 GB,"4,3200","4,16",3.812,Black,10.0,16.0,DDR4,3200,4,16,64,14151.42
Crucial Ballistix Sport 8 GB,"4,2400","1,8",4.875,Gray / Silver,13.333,16.0,DDR4,2400,1,8,8,2262.0
G.Skill Trident Z5 Neo RGB 32 GB,"5,8000","2,16",5.156,Silver / Black,9.5,38.0,DDR5,8000,2,16,32,9569.42
TEAMGROUP T-Force Vulcan 64 GB,"5,6400","2,32",2.906,Black,10.625,34.0,DDR5,6400,2,32,64,10787.42
Corsair Vengeance RGB 64 GB,"5,5600","2,32",2.967,White / Gray,14.286,40.0,DDR5,5600,2,32,64,11014.2
G.Skill Flare X 32 GB,"4,3200","2,16",2.985,Black,10.0,16.0,DDR4,3200,2,16,32,5540.16
Kingston FURY Beast 32 GB,"5,6000","2,16",13.193,Black,13.333,40.0,DDR5,6000,2,16,32,24487.02
G.Skill Trident Z RGB 64 GB,"4,3200","4,16",7.11,Black,10.0,16.0,DDR4,3200,4,16,64,26391.739999999998
Patriot Viper Steel RGB 8 GB,"4,3200","1,8",3.124,Black,11.25,18.0,DDR4,3200,1,8,8,1449.4199999999998
G.Skill Ripjaws 32 GB,"5,4800","2,16",2.593,Black / Silver,14.167,34.0,DDR5,4800,2,16,32,4813.42
Corsair Vengeance RGB RS 64 GB,"4,3200","2,32",2.877,Black / Gray,10.0,16.0,DDR4,3200,2,32,64,10678.960000000001
G.Skill Ripjaws S5 64 GB,"5,6000","2,32",3.203,Black,10.667,32.0,DDR5,6000,2,32,64,11889.42
TEAMGROUP T-Force Vulcan 32 GB,"5,5600","2,16",3.952,Black,11.429,32.0,DDR5,5600,2,16,32,7334.679999999999
G.Skill Trident Z5 Neo 128 GB,"5,6000","2,64",3.164,Black,12.0,36.0,DDR5,6000,2,64,128,23489.420000000002
Corsair Vengeance LPX 16 GB,"4,2666","2,8",2.999,White,12.003,16.0,DDR4,2666,2,8,16,2783.42
G.Skill Ripjaws V 16 GB,"4,3000","2,8",2.499,Red / Black,10.667,16.0,DDR4,3000,2,8,16,2319.42
G.Skill Aegis 16 GB,"4,2666","1,16",2.249,Black / Red,14.254,19.0,DDR4,2666,1,16,16,2087.42
Corsair Vengeance RGB 48 GB,"5,6400","2,24",3.937,Black,11.25,36.0,DDR5,6400,2,24,48,10961.42
G.Skill Trident Z5 RGB 64 GB,"5,5600","2,32",4.545,Black,12.857,36.0,DDR5,5600,2,32,64,16869.300000000003
Corsair Vengeance RGB Pro 16 GB,"4,3000","2,8",6.062,Black,10.0,15.0,DDR4,3000,2,8,16,5625.42
Kingston Server Premier 64 GB,"4,3200","1,64",4.906,,13.75,22.0,DDR4,3200,1,64,64,18211.420000000002
TEAMGROUP Xtreem ARGB 32 GB,"5,7600","2,16",5.937,Black,9.474,36.0,DDR5,7600,2,16,32,11019.42
Corsair Vengeance LPX 16 GB,"4,2400","2,8",4.624,Black / Yellow,11.667,14.0,DDR4,2400,2,8,16,4290.84
TEAMGROUP Xtreem ARGB 32 GB,"5,8000","2,16",6.25,Black,9.5,38.0,DDR5,8000,2,16,32,11599.42
Patriot Viper Venom RGB 32 GB,"5,6400","2,16",3.093,Black / White,12.5,40.0,DDR5,6400,2,16,32,5741.42
G.Skill Trident X 32 GB,"3,2400","4,8",5.772,Black / Red,8.333,10.0,DDR3,2400,4,8,32,10712.599999999999
Lexar Ares RGB 2nd Gen 48 GB,"5,8000","2,24",4.375,Black,10.0,40.0,DDR5,8000,2,24,48,12179.42
TEAMGROUP Elite 16 GB,"5,5200","2,8",3.187,Black,16.154,42.0,DDR5,5200,2,8,16,2957.42
Corsair Vengeance 8 GB,"3,1600","2,4",10.594,Black / Blue,11.25,9.0,DDR3,1600,2,4,8,4915.5
Corsair CMV8GX4M1A2133C15 8 GB,"4,2133","1,8",4.374,Black,14.065,15.0,DDR4,2133,1,8,8,2029.42
G.Skill Ripjaws V 8 GB,"4,2666","1,8",2.999,Red / Black,14.254,19.0,DDR4,2666,1,8,8,1391.4199999999998
G.Skill NS 4 GB,"3,1600","1,4",4.763,Black,13.75,11.0,DDR3,1600,1,4,4,1104.9
Kingston ValueRAM 32 GB,"5,5600","1,32",3.27,Green / Black,16.429,46.0,DDR5,5600,1,32,32,6069.700000000001
PNY Performance 16 GB,"5,4800","1,16",12.986,Black,16.667,40.0,DDR5,4800,1,16,16,12051.24
ADATA XPG LANCER NEON RGB 32 GB,"5,6400","2,16",4.913,Black,10.0,32.0,DDR5,6400,2,16,32,9118.18
Corsair Vengeance LPX 32 GB,"4,2666","1,32",2.555,Black / Yellow,12.003,16.0,DDR4,2666,1,32,32,4742.08
G.Skill Trident Z Neo 32 GB,"4,3200","2,16",2.812,Silver / Black,10.0,16.0,DDR4,3200,2,16,32,5219.42
TEAMGROUP T-Force Delta RGB 32 GB,"5,6200","2,16",2.906,Black,12.258,38.0,DDR5,6200,2,16,32,5393.42
TEAMGROUP T-Force Delta RGB 16 GB,"4,3200","2,8",3.816,White,10.0,16.0,DDR4,3200,2,8,16,3541.48
Crucial CT8G4DFS832A 8 GB,"4,3200","1,8",3.595,Green / Black,13.75,22.0,DDR4,3200,1,8,8,1668.0800000000002
G.Skill Trident Z5 RGB 48 GB,"5,8000","2,24",4.375,White / Black,10.0,40.0,DDR5,8000,2,24,48,12179.42
Corsair Vengeance RGB RS 16 GB,"4,3600","2,8",4.014,Black / Gray,10.0,18.0,DDR4,3600,2,8,16,3725.34
Corsair Vengeance RGB Pro 8 GB,"4,3200","1,8",6.624,Black,10.0,16.0,DDR4,3200,1,8,8,3073.42
Corsair Vengeance RGB RT 32 GB,"4,3600","2,16",2.968,White / Black,10.0,18.0,DDR4,3600,2,16,32,5509.42
Corsair Vengeance RGB 96 GB,"5,5200","2,48",2.739,Black,14.615,38.0,DDR5,5200,2,48,96,15253.42
Silicon Power XPOWER Storm RGB 64 GB,"5,6000","2,32",2.656,Gold,12.667,38.0,DDR5,6000,2,32,64,9859.42
TEAMGROUP Xtreem ARGB 48 GB,"5,8000","2,24",,Black,9.5,38.0,DDR5,8000,2,24,48,14499.42
TEAMGROUP T-Force Delta RGB 32 GB,"5,5600","2,16",3.218,White,11.429,32.0,DDR5,5600,2,16,32,5973.42
Kingston FURY 32 GB,"5,5600","1,32",3.201,White,14.286,40.0,DDR5,5600,1,32,32,5940.36
G.Skill Trident Z5 Royal 48 GB,"5,7200","2,24",4.479,Gold,10.0,36.0,DDR5,7200,2,24,48,12469.42
TEAMGROUP Elite 16 GB,"4,2666","1,16",2.312,Black,14.254,19.0,DDR4,2666,1,16,16,2145.42
Kingston FURY Beast RGB 32 GB,"5,6000","2,16",8.719,Black,13.333,40.0,DDR5,6000,2,16,32,16182.0
Kingston Fury Renegade RGB 32 GB,"5,8000","2,16",7.499,Silver / Black,9.5,38.0,DDR5,8000,2,16,32,13917.68
Crucial CT2K4G4DFS824A 8 GB,"4,2400","2,4",3.749,Green,14.167,17.0,DDR4,2400,2,4,8,1739.4199999999998
Patriot Signature Line 16 GB,"4,3200","1,16",2.624,,13.75,22.0,DDR4,3200,1,16,16,2435.42
Timetec PINNACLE Konduit 32 GB,"4,3600","1,32",1.562,White,10.0,18.0,DDR4,3600,1,32,32,2899.42
ADATA XPG LANCER RGB 32 GB,"5,5600","2,16",3.906,Black,12.857,36.0,DDR5,5600,2,16,32,7249.42
Crucial CT32G48C40S5 32 GB,"5,4800","1,32",2.343,Black,16.667,40.0,DDR5,4800,1,32,32,4349.42
TEAMGROUP T-Force Delta RGB 48 GB,"5,8000","2,24",4.479,Black,9.5,38.0,DDR5,8000,2,24,48,12469.42
TEAMGROUP T-Force Delta RGB 32 GB,"5,7800","2,16",4.687,Black / Silver,9.744,38.0,DDR5,7800,2,16,32,8699.42
Kingston Server Premier 8 GB,"4,3200","1,8",7.494,,13.75,22.0,DDR4,3200,1,8,8,3477.1000000000004
Corsair Dominator Platinum RGB 32 GB,"5,6000","2,16",4.593,,12.0,36.0,DDR5,6000,2,16,32,8525.42
Kingston FURY 64 GB,"5,6000","2,32",3.587,White,12.0,36.0,DDR5,6000,2,32,64,13316.22
Corsair Vengeance RGB Pro 32 GB,"4,2666","2,16",4.406,Black,12.003,16.0,DDR4,2666,2,16,32,8177.42
Kingston FURY Beast 32 GB,"5,6000","1,32",4.207,Black,10.0,30.0,DDR5,6000,1,32,32,7808.54
Corsair Vengeance LP 16 GB,"3,1600","2,8",4.999,Black / Yellow,12.5,10.0,DDR3,1600,2,8,16,4638.84
Corsair Vengeance 32 GB,"5,6600","2,16",3.593,Black / Silver,11.515,38.0,DDR5,6600,2,16,32,6669.42
Corsair Vengeance LPX 32 GB,"4,2666","4,8",4.625,Black / Yellow,12.003,16.0,DDR4,2666,4,8,32,8583.42
V-Color TD48G26S819-VC 8 GB,"4,2666","1,8",2.373,Black,14.254,19.0,DDR4,2666,1,8,8,1100.84
G.Skill Ripjaws V 8 GB,"4,3200","2,4",8.5,Black,10.0,16.0,DDR4,3200,2,4,8,3944.0
Crucial CT102464BA160B 8 GB,"3,1600","1,8",2.25,Green,13.75,11.0,DDR3,1600,1,8,8,1044.0
G.Skill Trident Z5 RGB 32 GB,"5,6000","2,16",3.75,White / Black,10.0,30.0,DDR5,6000,2,16,32,6959.42
Crucial CT2K24G56C46S5 48 GB,"5,5600","2,24",,Black,16.429,46.0,DDR5,5600,2,24,48,6205.42
Crucial CT48G56C46S5 48 GB,"5,5600","1,48",2.125,Black,16.429,46.0,DDR5,5600,1,48,48,5915.42
Crucial CT8G48C40S5 8 GB,"5,4800","1,8",2.624,Black,16.667,40.0,DDR5,4800,1,8,8,1217.4199999999998
G.Skill Trident Z5 RGB 32 GB,"5,7800","2,16",6.057,Silver / Black,9.231,36.0,DDR5,7800,2,16,32,11241.56
Crucial CT2K102464BD186D 16 GB,"3,1866","2,8",1.831,Green / Black,13.934,13.0,DDR3,1866,2,8,16,1698.82
G.Skill Trident Z5 RGB 32 GB,"5,6600","2,16",5.17,Black,10.303,34.0,DDR5,6600,2,16,32,9595.52
Kingston FURY Beast RGB 16 GB,"5,5600","1,16",3.799,Black,12.857,36.0,DDR5,5600,1,16,16,3525.2400000000002
G.Skill NT 4 GB,"4,2133","1,4",7.508,Black,14.065,15.0,DDR4,2133,1,4,4,1741.74
Kingston FURY Renegade 16 GB,"5,7200","1,16",9.874,White / Silver,10.556,38.0,DDR5,7200,1,16,16,9163.42
G.Skill Trident Z5 RGB 48 GB,"5,7200","2,24",4.062,White / Black,10.0,36.0,DDR5,7200,2,24,48,11309.42
Kingston KSM48E40BD8KM-32HM 32 GB,"5,4800","1,32",7.812,Green,16.667,40.0,DDR5,4800,1,32,32,14499.42
TEAMGROUP Elite 16 GB,"5,6000","1,16",3.187,Black,16.0,48.0,DDR5,6000,1,16,16,2957.42
Kingston FURY Beast RGB 16 GB,"5,6000","1,16",6.141,White,10.0,30.0,DDR5,6000,1,16,16,5699.08
Kingston FURY Beast 32 GB,"5,5600","1,32",3.111,Black / Silver,12.857,36.0,DDR5,5600,1,32,32,5774.4800000000005
ADATA AD5U480016G-DT 32 GB,"5,4800","2,16",4.371,Black,16.667,40.0,DDR5,4800,2,16,32,8112.46
Klevv CRAS XR5 RGB 32 GB,"5,7200","2,16",5.559,White / Black,10.0,36.0,DDR5,7200,2,16,32,10317.039999999999
TEAMGROUP T-Create Classic 64 GB,"4,3200","2,32",1.797,Silver,13.75,22.0,DDR4,3200,2,32,64,6669.42
G.Skill Trident Z5 Neo RGB 48 GB,"5,5600","2,24",2.291,Black,14.286,40.0,DDR5,5600,2,24,48,6379.42
Patriot Viper 3 16 GB,"3,1600","2,8",1.624,Black / Silver,12.5,10.0,DDR3,1600,2,8,16,1507.4199999999998
Corsair Vengeance LPX 64 GB,"4,2400","4,16",3.89,Black / Yellow,11.667,14.0,DDR4,2400,4,16,64,14441.42
G.Skill Trident Z Neo 16 GB,"4,3600","2,8",3.437,Black / Silver,10.0,18.0,DDR4,3600,2,8,16,3189.42
Corsair Vengeance 32 GB,"5,6200","2,16",4.312,Black / Silver,10.323,32.0,DDR5,6200,2,16,32,8003.42
G.Skill Aegis 16 GB,"4,2133","2,8",4.031,Black / Red,14.065,15.0,DDR4,2133,2,8,16,3741.0
Corsair Vengeance RGB RT 16 GB,"4,3600","2,8",4.561,Black,8.889,16.0,DDR4,3600,2,8,16,4232.84
TEAMGROUP T-Force Vulcan Z 8 GB,"4,3200","1,8",5.185,Gray,10.0,16.0,DDR4,3200,1,8,8,2405.8399999999997
Kingston HyperX Fury 64 GB,"4,3600","2,32",6.234,Black / Silver,10.0,18.0,DDR4,3600,2,32,64,23142.0
Kingston KTD-PE421/8G 8 GB,"4,2133","1,8",2.486,Green,14.065,15.0,DDR4,2133,1,8,8,1153.6200000000001
Crucial CT2K16G4DFD8266 32 GB,"4,2666","2,16",2.25,Green / Black,14.254,19.0,DDR4,2666,2,16,32,4176.0
Corsair Vengeance 32 GB,"5,5600","2,16",3.349,Black / Gray,14.286,40.0,DDR5,5600,2,16,32,6215.86
Kingston FURY 32 GB,"5,5600","2,16",3.812,White,14.286,40.0,DDR5,5600,2,16,32,7075.42
Kingston FURY Beast 32 GB,"5,6400","2,16",5.844,Black,10.0,32.0,DDR5,6400,2,16,32,10846.0
G.Skill Trident Z Neo 16 GB,"4,3200","2,8",3.437,Silver / Black,10.0,16.0,DDR4,3200,2,8,16,3189.42
Patriot Viper Elite II 8 GB,"4,3200","1,8",,Red / Black,11.25,18.0,DDR4,3200,1,8,8,1736.52
Kingston FURY Beast RGB 64 GB,"5,6000","2,32",5.929,Black,13.333,40.0,DDR5,6000,2,32,64,22009.84
Kingston KVR1333D3/2GR 2 GB,"3,1333","1,2",11.05,Green,13.503,9.0,DDR3,1333,1,2,2,1281.8000000000002
Patriot PSD34G160081 4 GB,"3,1600","1,4",3.495,Green,13.75,11.0,DDR3,1600,1,4,4,810.84
Corsair Vengeance LPX 8 GB,"4,3600","1,8",5.749,Black,10.0,18.0,DDR4,3600,1,8,8,2667.42
Corsair Dominator Platinum RGB 64 GB,"5,6400","4,16",5.937,Black,10.0,32.0,DDR5,6400,4,16,64,22039.420000000002
TEAMGROUP T-Force Vulcan 64 GB,"5,6400","2,32",2.906,Red,10.625,34.0,DDR5,6400,2,32,64,10787.42
Patriot Viper Steel RGB 64 GB,"4,3200","2,32",2.031,Black,11.25,18.0,DDR4,3200,2,32,64,7539.42
G.Skill Ripjaws V 16 GB,"4,3200","2,8",6.871,Black,10.0,16.0,DDR4,3200,2,8,16,6376.5199999999995
Patriot Viper Venom RGB 64 GB,"5,5200","2,32",2.422,Black / White,15.385,40.0,DDR5,5200,2,32,64,8989.42
G.Skill Ripjaws S5 48 GB,"5,6800","2,24",3.646,Black,10.0,34.0,DDR5,6800,2,24,48,10149.42
Kingston FURY Beast 64 GB,"4,3600","4,16",4.561,Black,10.0,18.0,DDR4,3600,4,16,64,16931.36
G.Skill Ripjaws X 16 GB,"3,2400","2,8",4.012,Black / Blue,9.167,11.0,DDR3,2400,2,8,16,3723.02
Lexar Ares RGB 32 GB,"5,7200","2,16",6.982,Black / Silver,9.444,34.0,DDR5,7200,2,16,32,12958.94
Patriot Viper Steel RGB 32 GB,"4,3200","2,16",2.875,Black,11.25,18.0,DDR4,3200,2,16,32,5335.42
Kingston FURY Beast 16 GB,"5,5200","1,16",5.037,Black,13.846,36.0,DDR5,5200,1,16,16,4674.799999999999
Kingston FURY 16 GB,"5,5200","1,16",4.023,White,15.385,40.0,DDR5,5200,1,16,16,3733.46
Kingston Fury Beast RGB Special Edition 8 GB,"4,3200","1,8",3.749,White,10.0,16.0,DDR4,3200,1,8,8,1739.4199999999998
Timetec PINNACLE Konduit 8 GB,"4,3200","1,8",2.249,White,10.0,16.0,DDR4,3200,1,8,8,1043.4199999999998
TEAMGROUP T-Force Delta RGB Eco 32 GB,"5,6400","2,16",3.062,Silver,11.875,38.0,DDR5,6400,2,16,32,5683.42
G.Skill Ripjaws V 64 GB,"4,3600","2,32",3.384,Black,8.889,16.0,DDR4,3600,2,32,64,12562.8
OLOy WarHawk RGB 16 GB,"4,3600","2,8",2.874,Black / White,10.0,18.0,DDR4,3600,2,8,16,2667.42
G.Skill Trident Z5 Royal 48 GB,"5,8000","2,24",5.416,Gold,10.0,40.0,DDR5,8000,2,24,48,15079.42
TEAMGROUP T-Force Xtreem 48 GB,"5,7600","2,24",4.166,Pink,9.474,36.0,DDR5,7600,2,24,48,11599.42
Corsair Vengeance RGB Pro 64 GB,"4,3000","4,16",6.491,White,10.0,15.0,DDR4,3000,4,16,64,24096.1
Thermaltake TOUGHRAM Z-ONE RGB 16 GB,"4,3600","2,8",8.749,Black,10.0,18.0,DDR4,3600,2,8,16,8118.839999999999
ADATA XPG LANCER RGB 32 GB,"5,6400","2,16",5.415,Black,10.0,32.0,DDR5,6400,2,16,32,10050.82
TEAMGROUP T-Force Vulcan 32 GB,"5,6400","2,16",2.953,Red,10.0,32.0,DDR5,6400,2,16,32,5480.42
G.Skill Trident Z Neo 128 GB,"4,3200","4,32",2.578,Black / Silver,10.0,16.0,DDR4,3200,4,32,128,19139.420000000002
Corsair Vengeance 64 GB,"5,6200","2,32",4.312,Black / Gray,10.323,32.0,DDR5,6200,2,32,64,16007.42
TEAMGROUP T-Create Expert 32 GB,"5,6400","2,16",2.812,White,12.5,40.0,DDR5,6400,2,16,32,5219.42
Kingston FURY Beast RGB 8 GB,"5,6000","1,8",6.021,Black,10.0,30.0,DDR5,6000,1,8,8,2793.86
G.Skill Trident Z5 32 GB,"5,5600","2,16",2.906,Black,12.857,36.0,DDR5,5600,2,16,32,5393.42
Kingston FURY 64 GB,"5,5200","4,16",4.38,White,15.385,40.0,DDR5,5200,4,16,64,16257.98
Kingston Fury Renegade RGB 64 GB,"5,6400","2,32",4.297,Silver / White,10.0,32.0,DDR5,6400,2,32,64,15949.42
Corsair Vengeance LPX 4 GB,"4,2400","1,4",,Black / Yellow,12.5,15.0,DDR4,2400,1,4,4,1247.5800000000002
G.Skill Trident Z 16 GB,"4,3200","2,8",4.334,Red / Silver,10.0,16.0,DDR4,3200,2,8,16,4021.7200000000003
G.Skill Aegis 8 GB,"4,2400","1,8",2.819,Black / Red,12.5,15.0,DDR4,2400,1,8,8,1307.9
PNY XLR8 32 GB,"4,3200","2,16",,Black / Red,10.0,16.0,DDR4,3200,2,16,32,6959.42
TEAMGROUP Elite 4 GB,"3,1600","1,4",4.13,Black,13.75,11.0,DDR3,1600,1,4,4,958.16
Corsair Vengeance RGB 64 GB,"5,5600","2,32",2.812,Black / Gray,14.286,40.0,DDR5,5600,2,32,64,10438.26
G.Skill Trident Z Neo 128 GB,"4,3600","4,32",2.656,Silver / Black,10.0,18.0,DDR4,3600,4,32,128,19719.420000000002
Corsair Vengeance RGB 32 GB,"5,6000","2,16",3.875,Black / Gray,12.0,36.0,DDR5,6000,2,16,32,7192.0
Corsair Vengeance RGB 48 GB,"5,7000","2,24",3.75,Black,11.429,40.0,DDR5,7000,2,24,48,10439.42
Corsair Vengeance 64 GB,"5,5600","2,32",2.781,White / Gray,14.286,40.0,DDR5,5600,2,32,64,10323.42
Kingston Server Premier 16 GB,"4,2666","1,16",4.374,,14.254,19.0,DDR4,2666,1,16,16,4058.84
Corsair Dominator Titanium 48 GB,"5,7000","2,24",5.0,Black,10.286,36.0,DDR5,7000,2,24,48,13919.42
Thermaltake TOUGHRAM XG RGB 64 GB,"4,4000","2,32",8.672,White / Silver,9.5,19.0,DDR4,4000,2,32,64,32188.84
V-Color TRA548G70D834Q 192 GB,"5,7000","4,48",9.74,White,9.714,34.0,DDR5,7000,4,48,192,108459.42
Crucial CT64G56C46S5 64 GB,"5,5600","1,64",2.453,Black,16.429,46.0,DDR5,5600,1,64,64,9105.42
Corsair Vengeance LPX 64 GB,"4,3000","2,32",2.474,Black / Yellow,10.667,16.0,DDR4,3000,2,32,64,9184.880000000001
G.Skill Trident Z RGB 16 GB,"4,3600","2,8",8.482,Black,8.889,16.0,DDR4,3600,2,8,16,7871.18
G.Skill Ripjaws V 16 GB,"4,2400","2,8",2.312,Red,14.167,17.0,DDR4,2400,2,8,16,2145.42
Kingston FURY Beast 16 GB,"5,6400","1,16",5.023,Black,10.0,32.0,DDR5,6400,1,16,16,4661.46
Kingston Fury Renegade RGB 32 GB,"5,6400","1,32",3.582,Silver / Black,10.0,32.0,DDR5,6400,1,32,32,6647.38
Kingston FURY Beast RGB 32 GB,"5,6000","1,32",5.906,Black,10.0,30.0,DDR5,6000,1,32,32,10961.42
G.Skill Ripjaws M5 RGB 64 GB,"5,6000","2,32",3.281,White,10.667,32.0,DDR5,6000,2,32,64,12179.42
Corsair Vengeance 32 GB,"5,6400","2,16",4.5,Black,10.0,32.0,DDR5,6400,2,16,32,8351.42
G.Skill Trident Z Royal 32 GB,"4,3200","4,8",5.329,Silver,10.0,16.0,DDR4,3200,4,8,32,9890.74
Kingston FURY Beast 32 GB,"5,6000","1,32",3.731,Black / Silver,12.0,36.0,DDR5,6000,1,32,32,6924.04
Kingston FURY Beast RGB 16 GB,"5,5600","1,16",3.799,Black,14.286,40.0,DDR5,5600,1,16,16,3525.2400000000002
ADATA XPG LANCER RGB 48 GB,"5,7200","2,24",4.658,Black,9.444,34.0,DDR5,7200,2,24,48,12967.640000000001
Corsair Vengeance RGB 64 GB,"5,6000","2,32",3.281,Black,13.333,40.0,DDR5,6000,2,32,64,12179.42
Corsair Vengeance 32 GB,"5,6000","2,16",3.75,Black,12.0,36.0,DDR5,6000,2,16,32,6959.42
G.Skill Trident Z 16 GB,"4,3200","2,8",8.471,Black / White,10.0,16.0,DDR4,3200,2,8,16,7860.74
Corsair Vengeance RGB Pro SL 64 GB,"4,3600","2,32",4.219,Black,10.0,18.0,DDR4,3600,2,32,64,15659.42
Corsair Vengeance RGB 48 GB,"5,5200","2,24",2.937,Black,14.615,38.0,DDR5,5200,2,24,48,8177.42
G.Skill Trident X 16 GB,"3,2400","2,8",8.51,Black / Red,8.333,10.0,DDR3,2400,2,8,16,7897.28
Crucial CT25664BA160B 2 GB,"3,1600","1,2",6.485,Green,13.75,11.0,DDR3,1600,1,2,2,752.26
Kingston Fury Renegade RGB 48 GB,"5,7200","2,24",8.054,Silver / Black,10.556,38.0,DDR5,7200,2,24,48,22423.38
ADATA XPG LANCER RGB 32 GB,"5,5200","2,16",6.528,Black,14.615,38.0,DDR5,5200,2,16,32,12116.78
Crucial CT2K8G48C40S5 16 GB,"5,4800","2,8",2.624,Black,16.667,40.0,DDR5,4800,2,8,16,2435.42
Samsung M393B2G70DB0-YK0 16 GB,"3,1600","1,16",1.094,Black / Green,13.75,11.0,DDR3,1600,1,16,16,1015.58
Mushkin Enhanced Redline Stiletto 16 GB,"4,4133","2,8",3.061,Black,9.194,19.0,DDR4,4133,2,8,16,2840.8399999999997
TEAMGROUP Xtreem ARGB 48 GB,"5,7200","2,24",3.896,White,9.444,34.0,DDR5,7200,2,24,48,10845.42
Corsair Vengeance RGB Pro SL 16 GB,"4,3200","2,8",5.249,White / Black,10.0,16.0,DDR4,3200,2,8,16,4871.42
Corsair ValueSelect 16 GB,"4,2133","1,16",3.749,Black,14.065,15.0,DDR4,2133,1,16,16,3479.42
Crucial Ballistix Sport 8 GB,"3,1600","1,8",7.464,Black / Silver,11.25,9.0,DDR3,1600,1,8,8,3463.18
Corsair Dominator Platinum RGB 64 GB,"5,6200","4,16",5.5,Black,10.323,32.0,DDR5,6200,4,16,64,20415.420000000002
Corsair Vengeance RGB Pro SL 32 GB,"4,3600","4,8",3.871,Black,10.0,18.0,DDR4,3600,4,8,32,7185.04
Samsung M391A2K43BB1-CPB 16 GB,"4,2133","1,16",2.688,Black / Green,14.065,15.0,DDR4,2133,1,16,16,2494.0
Corsair Vengeance RGB 48 GB,"5,7000","2,24",3.483,Black,10.286,36.0,DDR5,7000,2,24,48,9697.02
Patriot Viper Elite II 16 GB,"4,3600","2,8",2.812,Red / Black,11.111,20.0,DDR4,3600,2,8,16,2609.42
Corsair Vengeance RGB Pro 16 GB,"4,3000","2,8",6.062,White,10.0,15.0,DDR4,3000,2,8,16,5625.42
Corsair Dominator Titanium First Edition 32 GB,"5,7200","2,16",7.312,Black,9.444,34.0,DDR5,7200,2,16,32,13571.42
Kingston FURY Beast 64 GB,"5,6400","2,32",6.864,White,10.0,32.0,DDR5,6400,2,32,64,25480.56
Patriot Viper Steel 8 GB,"4,3000","1,8",,Silver / Black,10.667,16.0,DDR4,3000,1,8,8,1448.84
Kingston FURY Beast RGB 64 GB,"5,5200","2,32",3.026,Black,15.385,40.0,DDR5,5200,2,32,64,11234.02
G.Skill Trident Z5 RGB 32 GB,"5,5600","2,16",10.312,Black,12.857,36.0,DDR5,5600,2,16,32,19139.420000000002
Crucial CT2K16G4SFRA32A 32 GB,"4,3200","2,16",3.125,Green,13.75,22.0,DDR4,3200,2,16,32,5799.42
Silicon Power SU016GLSTU160N22AH 16 GB,"3,1600","2,8",1.059,Green,13.75,11.0,DDR3,1600,2,8,16,983.0999999999999
Corsair Vengeance 64 GB,"5,4800","2,32",2.515,Black / White,16.667,40.0,DDR5,4800,2,32,64,9337.42
G.Skill Trident Z5 RGB 32 GB,"5,5600","2,16",5.495,White / Black,10.0,28.0,DDR5,5600,2,16,32,10199.3
Crucial CT24G56C46S5 24 GB,"5,5600","1,24",2.25,Black,16.429,46.0,DDR5,5600,1,24,24,3131.42
Corsair Vengeance RGB 32 GB,"5,6400","2,16",4.062,Black,11.875,38.0,DDR5,6400,2,16,32,7539.42
G.Skill Trident Z 32 GB,"4,3200","2,16",18.422,Silver / White,8.75,14.0,DDR4,3200,2,16,32,34192.159999999996
Patriot Signature Line 16 GB,"4,2400","1,16",2.499,Green / Black,14.167,17.0,DDR4,2400,1,16,16,2319.42
G.Skill Value 16 GB,"3,1600","2,8",2.271,Black,13.75,11.0,DDR3,1600,2,8,16,2107.14
Patriot Viper Elite II 64 GB,"4,3600","2,32",2.578,Red / Black,11.111,20.0,DDR4,3600,2,32,64,9569.42
Thermaltake TOUGHRAM XG RGB 16 GB,"4,4400","2,8",4.578,Black / Silver,8.636,19.0,DDR4,4400,2,8,16,4248.5
G.Skill Trident Z5 RGB 32 GB,"5,5600","2,16",3.325,Black,12.857,36.0,DDR5,5600,2,16,32,6171.200000000001
G.Skill Flare X 16 GB,"4,2400","2,8",2.681,Black,12.5,15.0,DDR4,2400,2,8,16,2488.2
Crucial CT2K8G4DFRA266 16 GB,"4,2666","2,8",2.562,Green,14.254,19.0,DDR4,2666,2,8,16,2378.0
Mushkin 996573 4 GB,"3,1066","2,2",4.598,Green,13.133,7.0,DDR3,1066,2,2,4,1066.6200000000001
PNY XLR8 16 GB,"4,2666","2,8",,Black / Red,12.003,16.0,DDR4,2666,2,8,16,4175.42
Crucial CT16G52C42U5 16 GB,"5,5200","1,16",3.734,Black,16.154,42.0,DDR5,5200,1,16,16,3465.5
Kingston FURY Beast RGB 32 GB,"5,6400","1,32",8.057,White,10.0,32.0,DDR5,6400,1,32,32,14954.14
G.Skill Flare X5 32 GB,"5,6400","2,16",3.593,Black,10.0,32.0,DDR5,6400,2,16,32,6669.42
Kingston FURY Beast RGB 32 GB,"5,6400","2,16",4.687,Black,10.0,32.0,DDR5,6400,2,16,32,8699.42
Kingston FURY Renegade Pro 128 GB,"5,6000","4,32",7.07,Black,10.667,32.0,DDR5,6000,4,32,128,52488.26
Kingston HyperX Savage 16 GB,"4,2133","4,4",1.978,Black / White,12.189,13.0,DDR4,2133,4,4,16,1835.1200000000001
Kingston FURY Beast RGB 32 GB,"5,6000","1,32",5.598,White,10.0,30.0,DDR5,6000,1,32,32,10388.960000000001
TEAMGROUP Elite 32 GB,"4,3200","1,32",2.062,Black,13.75,22.0,DDR4,3200,1,32,32,3826.84
Kingston FURY Renegade 64 GB,"5,6400","2,32",4.527,Silver / Black,10.0,32.0,DDR5,6400,2,32,64,16806.079999999998
G.Skill Sniper 8 GB,"3,1600","2,4",4.396,Black / Red,11.25,9.0,DDR3,1600,2,4,8,2039.8600000000001
Silicon Power XPOWER Pulse Gaming 16 GB,"5,6000","1,16",3.908,Black / White,10.0,30.0,DDR5,6000,1,16,16,3626.1600000000003
Corsair Vengeance RGB RT 32 GB,"4,3200","2,16",2.812,Black,10.0,16.0,DDR4,3200,2,16,32,5219.42
Thermaltake TOUGHRAM XG RGB 16 GB,"4,4400","2,8",4.2,White / Silver,8.636,19.0,DDR4,4400,2,8,16,3897.6000000000004
TEAMGROUP Xtreem 48 GB,"5,7600","2,24",4.375,Black,9.474,36.0,DDR5,7600,2,24,48,12179.42
TEAMGROUP T-Force Delta RGB 32 GB,"5,5600","2,16",3.218,Black,11.429,32.0,DDR5,5600,2,16,32,5973.42
ADATA XPG CASTER RGB 32 GB,"5,6000","2,16",12.033,Black / Silver,13.333,40.0,DDR5,6000,2,16,32,22334.06
G.Skill Ripjaws X 16 GB,"3,1600","4,4",3.578,Black / Red,11.25,9.0,DDR3,1600,4,4,16,3320.5
Kingston HyperX Fury 64 GB,"4,3466","2,32",7.016,Black,9.81,17.0,DDR4,3466,2,32,64,26042.0
G.Skill Trident Z5 RGB 32 GB,"5,7600","2,16",4.531,Silver / Black,9.474,36.0,DDR5,7600,2,16,32,8409.42
TEAMGROUP Xtreem 32 GB,"5,7200","2,16",3.812,White,9.444,34.0,DDR5,7200,2,16,32,7075.42
G.Skill Ripjaws S5 64 GB,"5,5600","2,32",2.5,White,12.857,36.0,DDR5,5600,2,32,64,9279.42
TEAMGROUP T-Force Delta RGB 32 GB,"5,6200","2,16",4.108,White,12.258,38.0,DDR5,6200,2,16,32,7625.26
Corsair Vengeance LPX 64 GB,"4,2400","2,32",2.529,Black / Yellow,13.333,16.0,DDR4,2400,2,32,64,9388.460000000001
G.Skill Trident Z 32 GB,"5,6000","2,16",7.812,Black,10.0,30.0,DDR5,6000,2,16,32,14499.42
TEAMGROUP T-Create Expert 32 GB,"5,6400","2,16",2.812,Black,12.5,40.0,DDR5,6400,2,16,32,5219.42
Corsair Vengeance RGB 32 GB,"5,6200","2,16",4.406,Black,11.613,36.0,DDR5,6200,2,16,32,8177.42
TEAMGROUP Xtreem 32 GB,"5,6400","2,16",3.312,Black,10.0,32.0,DDR5,6400,2,16,32,6147.42
Samsung M393A2G40DB0-CPB 16 GB,"4,2133","1,16",4.061,Black / Green,14.065,15.0,DDR4,2133,1,16,16,3768.84
TEAMGROUP T-Force Delta RGB 32 GB,"5,7800","2,16",4.687,White / Silver,9.744,38.0,DDR5,7800,2,16,32,8699.42
TEAMGROUP Elite 32 GB,"5,4800","1,32",2.406,Black,16.667,40.0,DDR5,4800,1,32,32,4465.42
ADATA XPG SPECTRIX D35G RGB 16 GB,"4,3600","1,16",4.576,Black,10.0,18.0,DDR4,3600,1,16,16,4246.76
Corsair Dominator Platinum RGB 16 GB,"4,3200","2,8",6.201,Black,10.0,16.0,DDR4,3200,2,8,16,5754.76
Patriot Signature Line 4 GB,"4,2666","1,4",6.215,Green,14.254,19.0,DDR4,2666,1,4,4,1441.8799999999999
Kingston FURY Renegade 64 GB,"5,6000","2,32",4.375,Silver / Black,10.667,32.0,DDR5,6000,2,32,64,16240.0
Corsair Vengeance 8 GB,"3,1600","1,8",4.999,Black / Silver,12.5,10.0,DDR3,1600,1,8,8,2319.42
Micron MT8JTF51264AZ-1G6E1 4 GB,"3,1600","1,4",2.998,Black / Green,13.75,11.0,DDR3,1600,1,4,4,695.42
Crucial CT16G4DFD8266 16 GB,"4,2666","1,16",2.938,Green / Black,14.254,19.0,DDR4,2666,1,16,16,2726.0
Thermaltake TOUGHRAM XG RGB D5 32 GB,"5,5600","2,16",5.156,Black / Silver,12.857,36.0,DDR5,5600,2,16,32,9568.84
Mushkin Proline 16 GB,"4,3200","1,16",2.797,,13.75,22.0,DDR4,3200,1,16,16,2595.5
G.Skill Trident Z Royal 32 GB,"4,3600","2,16",5.087,Silver,8.889,16.0,DDR4,3600,2,16,32,9441.24
Patriot Viper Venom RGB 32 GB,"5,6800","2,16",3.75,Black / White,11.765,40.0,DDR5,6800,2,16,32,6959.42
Mushkin Redline Lumina 64 GB,"4,3200","2,32",4.391,Black,8.75,14.0,DDR4,3200,2,32,64,16299.16
TEAMGROUP T-Force DELTAα RGB 32 GB,"5,5600","2,16",2.812,Black,14.286,40.0,DDR5,5600,2,16,32,5219.42
G.Skill Trident Z5 RGB 32 GB,"5,8000","2,16",5.156,Silver / Black,9.5,38.0,DDR5,8000,2,16,32,9569.42
TEAMGROUP Elite 64 GB,"5,5600","2,32",2.515,Black,16.429,46.0,DDR5,5600,2,32,64,9337.42
TEAMGROUP T-Force DELTAα RGB 32 GB,"5,5600","2,16",2.812,White,14.286,40.0,DDR5,5600,2,16,32,5219.42
TEAMGROUP T-Force Xtreem ARGB 16 GB,"4,4000","2,8",5.312,Black,9.0,18.0,DDR4,4000,2,8,16,4929.42
G.Skill Trident Z5 RGB 32 GB,"5,5200","2,16",4.238,Black,13.846,36.0,DDR5,5200,2,16,32,7865.380000000001
Corsair Dominator Platinum RGB 32 GB,"4,3200","4,8",5.451,Black,10.0,16.0,DDR4,3200,4,8,32,10117.52
Kingston ValueRAM 1 GB,"3,1333","1,1",24.9,Green,13.503,9.0,DDR3,1333,1,1,1,1444.1999999999998
Timetec PINNACLE Konduit RGB 8 GB,"4,3600","1,8",2.749,White,10.0,18.0,DDR4,3600,1,8,8,1275.4199999999998
TEAMGROUP T-Force Delta RGB 64 GB,"5,5600","2,32",2.5,Black,13.571,38.0,DDR5,5600,2,32,64,9279.42
Crucial CT16G48C40S5 16 GB,"5,4800","1,16",2.361,Black,16.667,40.0,DDR5,4800,1,16,16,2191.2400000000002
Patriot Viper Steel 32 GB,"4,3600","1,32",2.25,Gray,10.0,18.0,DDR4,3600,1,32,32,4175.42
G.Skill Ripjaws V 64 GB,"4,3600","4,16",3.848,Black,10.0,18.0,DDR4,3600,4,16,64,14284.24
Corsair Vengeance RGB Pro SL 16 GB,"4,3600","2,8",4.942,Black,8.889,16.0,DDR4,3600,2,8,16,4586.64
Patriot Viper Elite II 32 GB,"4,3600","1,32",2.499,Red / Black,11.111,20.0,DDR4,3600,1,32,32,4638.84
TEAMGROUP T-Force Delta RGB 32 GB,"5,6800","2,16",3.531,White / Black,10.0,34.0,DDR5,6800,2,16,32,6553.42
G.Skill Trident Z5 RGB 48 GB,"5,8000","2,24",4.375,Silver / Black,10.0,40.0,DDR5,8000,2,24,48,12179.42
TEAMGROUP Xtreem ARGB 32 GB,"5,8000","2,16",6.25,White,9.5,38.0,DDR5,8000,2,16,32,11599.42
Corsair Vengeance RGB Pro 32 GB,"4,3600","4,8",9.25,White,10.0,18.0,DDR4,3600,4,8,32,17168.0
G.Skill Trident Z Neo 16 GB,"4,3800","2,8",37.492,Black / Silver,7.368,14.0,DDR4,3800,2,8,16,34792.46
Kingston FURY Beast 32 GB,"4,3600","4,8",5.211,Black,10.0,18.0,DDR4,3600,4,8,32,9671.5
Patriot Viper Elite II 16 GB,"4,2666","1,16",2.374,Red / Black,12.003,16.0,DDR4,2666,1,16,16,2203.42
Patriot Viper Steel RGB 16 GB,"4,3600","1,16",3.062,Black,11.111,20.0,DDR4,3600,1,16,16,2841.42
Corsair Dominator Platinum 32 GB,"3,1600","4,8",11.736,Black / Silver,8.75,7.0,DDR3,1600,4,8,32,21781.32
Crucial CT16G4DFD832A 16 GB,"4,3200","1,16",3.437,Green / Black,13.75,22.0,DDR4,3200,1,16,16,3189.42
Kingston ValueRAM 2 GB,"2,800","1,2",8.615,Green,15.0,6.0,DDR2,800,1,2,2,999.34
Kingston ValueRAM 16 GB,"4,2133","2,8",8.124,Black / Green,14.065,15.0,DDR4,2133,2,8,16,7539.42
TEAMGROUP Elite 16 GB,"4,3200","2,8",2.874,Black,13.75,22.0,DDR4,3200,2,8,16,2667.42
Corsair Vengeance RGB RT 64 GB,"4,3200","2,32",2.848,White / Black,10.0,16.0,DDR4,3200,2,32,64,10569.92
G.Skill Trident Z RGB 16 GB,"4,3200","2,8",3.011,Black,10.0,16.0,DDR4,3200,2,8,16,2794.44
G.Skill Ripjaws S5 64 GB,"5,5600","2,32",2.89,White,10.714,30.0,DDR5,5600,2,32,64,10729.42
G.Skill Trident Z5 Neo 32 GB,"5,5600","2,16",5.704,Black,10.714,30.0,DDR5,5600,2,16,32,10586.16
G.Skill Trident Z5 Neo 32 GB,"5,6000","2,16",3.75,Black,10.667,32.0,DDR5,6000,2,16,32,6959.42
Timetec 75TT21NU 8 GB,"4,2133","2,4",3.749,Black,14.065,15.0,DDR4,2133,2,4,8,1739.4199999999998
TEAMGROUP T-Create Classic 64 GB,"5,5600","2,32",2.437,Black,16.429,46.0,DDR5,5600,2,32,64,9047.42
Kingston FURY Beast 64 GB,"5,6000","2,32",3.874,White,10.0,30.0,DDR5,6000,2,32,64,14381.68
Kingston FURY Renegade 16 GB,"5,8000","1,16",7.708,Silver / Black,9.5,38.0,DDR5,8000,1,16,16,7153.14
Corsair Vengeance LPX 16 GB,"4,4000","2,8",5.232,Black,9.0,18.0,DDR4,4000,2,8,16,4855.76
G.Skill Ripjaws V 128 GB,"4,4000","4,32",3.94,Black,9.0,18.0,DDR4,4000,4,32,128,29253.46
G.Skill Value 32 GB,"4,2400","4,8",2.288,Black,12.5,15.0,DDR4,2400,4,8,32,4246.76
Corsair Vengeance RGB Pro 64 GB,"4,3200","4,16",4.469,Black,10.0,16.0,DDR4,3200,4,16,64,16587.420000000002
V-Color TRA524G72S836O 192 GB,"5,7200","8,24",10.948,Black,10.0,36.0,DDR5,7200,8,24,192,121915.41999999998
V-Color TRA564G56D436O 512 GB,"5,5600","8,64",7.075,Black,12.857,36.0,DDR5,5600,8,64,512,210104.41999999998
Kingston ValueRAM 1 GB,"2,667","1,1",12.42,Green,14.993,5.0,DDR2,667,1,1,1,720.36
Corsair Dominator Platinum 16 GB,"3,2400","4,4",26.444,Black / Silver,7.5,9.0,DDR3,2400,4,4,16,24539.800000000003
TEAMGROUP T-Force Delta RGB 48 GB,"5,6800","2,24",7.208,White,10.588,36.0,DDR5,6800,2,24,48,20067.420000000002
Kingston FURY Beast RGB 32 GB,"5,6400","2,16",5.094,White,10.0,32.0,DDR5,6400,2,16,32,9455.16
ADATA XPG LANCER NEON RGB 32 GB,"5,8000","2,16",8.146,Black,9.5,38.0,DDR5,8000,2,16,32,15118.86
Crucial CT32G4RFD424A 32 GB,"4,2400","1,32",1.833,,14.167,17.0,DDR4,2400,1,32,32,3401.7
G.Skill Ripjaws S5 32 GB,"5,6600","2,16",3.437,Black,10.303,34.0,DDR5,6600,2,16,32,6379.42
Patriot Viper Venom RGB 32 GB,"5,7200","2,16",4.0,Black / White,11.111,40.0,DDR5,7200,2,16,32,7423.42
Kingston FURY Beast RGB 16 GB,"5,6000","1,16",4.686,Black,10.0,30.0,DDR5,6000,1,16,16,4348.84
G.Skill Ripjaws M5 RGB 96 GB,"5,5600","2,48",2.396,White,14.286,40.0,DDR5,5600,2,48,96,13339.42
Corsair Dominator Platinum RGB 32 GB,"4,3466","2,16",4.11,Black,9.233,16.0,DDR4,3466,2,16,32,7628.160000000001
Kingston FURY Renegade Pro 128 GB,"5,5600","4,32",5.82,Black,10.0,28.0,DDR5,5600,4,32,128,43209.42
Kingston Fury Beast RGB Special Edition 16 GB,"4,3600","2,8",5.134,White,9.444,17.0,DDR4,3600,2,8,16,4764.700000000001
Kingston FURY Renegade 16 GB,"5,6800","1,16",3.808,White / Silver,10.588,36.0,DDR5,6800,1,16,16,3533.94
Corsair Vengeance RGB Pro 16 GB,"4,4000","2,8",6.374,Black,9.0,18.0,DDR4,4000,2,8,16,5914.84
Kingston KVR16N11K2/16 16 GB,"3,1600","2,8",4.061,Green,13.75,11.0,DDR3,1600,2,8,16,3768.84
Corsair Vengeance RGB Pro 16 GB,"4,3600","2,8",6.499,White,10.0,18.0,DDR4,3600,2,8,16,6031.42
Kingston FURY Renegade 32 GB,"5,7200","2,16",5.963,Silver / Black,10.556,38.0,DDR5,7200,2,16,32,11066.400000000001
Crucial Ballistix Sport 4 GB,"3,1600","1,4",7.25,Black / Silver,11.25,9.0,DDR3,1600,1,4,4,1682.0
G.Skill Trident Z 32 GB,"5,6400","2,16",3.593,Black,10.0,32.0,DDR5,6400,2,16,32,6669.42
Corsair Vengeance RGB RS 8 GB,"4,3600","1,8",6.374,Black,10.0,18.0,DDR4,3600,1,8,8,2957.42
Corsair Vengeance RGB Pro SL 64 GB,"4,3200","4,16",2.44,White,10.0,16.0,DDR4,3200,4,16,64,9055.539999999999
Corsair Vengeance RGB Pro 32 GB,"4,2933","2,16",3.291,Black,10.91,16.0,DDR4,2933,2,16,32,6108.5599999999995
Crucial CT2K8G56C46S5 16 GB,"5,5600","2,8",2.749,Black,16.429,46.0,DDR5,5600,2,8,16,2551.42
Corsair ValueSelect 32 GB,"4,2666","1,32",2.107,Black,13.503,18.0,DDR4,2666,1,32,32,3910.36
Kingston FURY Beast 16 GB,"5,6000","1,16",4.605,White,10.0,30.0,DDR5,6000,1,16,16,4273.4400000000005
G.Skill Trident Z 16 GB,"4,4400","2,8",11.188,Black,8.636,19.0,DDR4,4400,2,8,16,10382.0
ADATA XPG Lancer Blade RGB 32 GB,"5,6000","1,32",7.427,Black,10.0,30.0,DDR5,6000,1,32,32,13784.859999999999
Corsair Vengeance RGB 32 GB,"5,5200","2,16",5.958,Black / Gray,15.385,40.0,DDR5,5200,2,16,32,11057.7
Corsair Vengeance 16 GB,"5,4800","2,8",3.562,Black / White,16.667,40.0,DDR5,4800,2,8,16,3305.42
G.Skill Sniper 16 GB,"3,1866","2,8",12.438,Black / Red,9.646,9.0,DDR3,1866,2,8,16,11542.0
PNY Performance 32 GB,"4,3200","1,32",2.765,Black,13.75,22.0,DDR4,3200,1,32,32,5132.42
GOODRAM IRDM PRO 16 GB,"4,3600","1,16",5.731,Black,10.0,18.0,DDR4,3600,1,16,16,5318.6
G.Skill Ares 32 GB,"3,2400","4,8",3.339,,9.167,11.0,DDR3,2400,4,8,32,6197.299999999999
G.Skill Trident Z5 RGB 32 GB,"5,6000","2,16",3.125,Black,12.0,36.0,DDR5,6000,2,16,32,5799.42
Corsair Vengeance RGB 16 GB,"4,3200","2,8",3.436,Black,10.0,16.0,DDR4,3200,2,8,16,3188.2599999999998
Kingston FURY Beast RGB 16 GB,"5,6000","1,16",4.946,White,10.0,30.0,DDR5,6000,1,16,16,4590.12
G.Skill Trident Z RGB 32 GB,"4,3600","2,16",6.406,Black,9.444,17.0,DDR4,3600,2,16,32,11890.0
Corsair Vengeance RGB Pro 16 GB,"4,3200","2,8",3.884,Black,10.0,16.0,DDR4,3200,2,8,16,3604.12
Corsair Vengeance RGB 64 GB,"5,5600","2,32",3.437,Gray,12.857,36.0,DDR5,5600,2,32,64,12759.42
Kingston ValueRAM 4 GB,"4,2666","1,4",3.748,Green / Black,14.254,19.0,DDR4,2666,1,4,4,869.42
Kingston FURY Beast RGB 32 GB,"5,5600","1,32",3.197,Black,14.286,40.0,DDR5,5600,1,32,32,5933.4
TEAMGROUP Elite 8 GB,"3,1600","1,8",3.059,Black,13.75,11.0,DDR3,1600,1,8,8,1419.26
G.Skill Trident Z Royal 32 GB,"4,3600","2,16",8.738,Gold,8.889,16.0,DDR4,3600,2,16,32,16218.539999999999
G.Skill Ripjaws X 4 GB,"3,1600","2,2",6.308,Black / Red,11.25,9.0,DDR3,1600,2,2,4,1463.34
Micron MT16JTF1G64AZ-1G6E1 8 GB,"3,1600","1,8",3.036,Green,13.75,11.0,DDR3,1600,1,8,8,1408.82
Kingston FURY Renegade Pro 256 GB,"5,6000","8,32",6.582,Black,10.667,32.0,DDR5,6000,8,32,256,97730.0
Kingston FURY Impact 16 GB,"5,6400","1,16",4.811,Black,11.875,38.0,DDR5,6400,1,16,16,4464.84
Crucial CT2K16G64C52CU5 32 GB,"5,6400","2,16",4.969,Black,16.25,52.0,DDR5,6400,2,16,32,9222.0
Corsair Dominator Platinum RGB 32 GB,"5,6000","2,16",5.437,Black,12.0,36.0,DDR5,6000,2,16,32,10091.42
G.Skill Trident Z5 RGB 32 GB,"5,6000","2,16",3.593,Black,10.667,32.0,DDR5,6000,2,16,32,6669.42
G.Skill Trident Z Royal 16 GB,"4,4600","2,8",17.438,Silver,7.826,18.0,DDR4,4600,2,8,16,16182.0
Kingston KVR21R15D4/16 16 GB,"4,2133","1,16",1.874,Black / Green,14.065,15.0,DDR4,2133,1,16,16,1738.84
Samsung M393A4K40CB2-CTD 32 GB,"4,2666","1,32",1.844,Green / Black,14.254,19.0,DDR4,2666,1,32,32,3422.0
Corsair Vengeance RGB RS 16 GB,"4,3200","1,16",4.311,Black / Gray,10.0,16.0,DDR4,3200,1,16,16,4000.84
Mushkin Redline Lumina 64 GB,"4,3600","2,32",3.215,White,10.0,18.0,DDR4,3600,2,32,64,11933.5
Corsair Vengeance 64 GB,"5,6000","4,16",4.469,Black / Silver,12.0,36.0,DDR5,6000,4,16,64,16587.420000000002
Kingston Fury Renegade RGB 16 GB,"5,6800","1,16",5.624,Silver / Black,10.588,36.0,DDR5,6800,1,16,16,5219.42
Kingston Fury Renegade RGB 32 GB,"5,7600","2,16",6.627,Silver / White,10.0,38.0,DDR5,7600,2,16,32,12299.48
Kingston ValueRAM 16 GB,"4,2666","1,16",2.475,Green,14.254,19.0,DDR4,2666,1,16,16,2296.8
Timetec PINNACLE Konduit 16 GB,"4,3600","2,8",2.124,Black,10.0,18.0,DDR4,3600,2,8,16,1971.42
G.Skill Trident Z Royal 64 GB,"4,3600","4,16",4.157,Silver,8.889,16.0,DDR4,3600,4,16,64,15430.320000000002
Kingston FURY Beast 64 GB,"5,6000","2,32",5.714,Black,13.333,40.0,DDR5,6000,2,32,64,21209.44
Patriot Viper Venom RGB 32 GB,"5,7400","2,16",4.062,Black / White,10.811,40.0,DDR5,7400,2,16,32,7539.42
Corsair Vengeance RGB Pro 32 GB,"4,3200","4,8",19.65,Black,8.75,14.0,DDR4,3200,4,8,32,36470.399999999994
Kingston FURY Beast RGB 16 GB,"5,5200","1,16",3.749,Black,15.385,40.0,DDR5,5200,1,16,16,3479.42
Kingston FURY 32 GB,"5,5200","2,16",3.774,White,15.385,40.0,DDR5,5200,2,16,32,7004.66
Kingston Server Premier 32 GB,"4,3200","1,32",4.205,,13.75,22.0,DDR4,3200,1,32,32,7803.900000000001
Lexar Ares RGB 16 GB,"4,4000","2,8",4.748,White,9.0,18.0,DDR4,4000,2,8,16,4406.26
Corsair Dominator Platinum RGB 16 GB,"4,3200","2,8",5.495,White,10.0,16.0,DDR4,3200,2,8,16,5099.36
Corsair Vengeance RGB RS 8 GB,"4,3200","1,8",5.249,Black / Gray,10.0,16.0,DDR4,3200,1,8,8,2435.42
Kingston FURY Renegade 32 GB,"5,6800","2,16",4.684,Silver / White,10.588,36.0,DDR5,6800,2,16,32,8694.2
Crucial CT2K16G4DFD8213 32 GB,"4,2133","2,16",2.594,Black / Green,14.065,15.0,DDR4,2133,2,16,32,4814.0
G.Skill Trident Z Royal 64 GB,"4,3200","4,16",7.47,Silver,10.0,16.0,DDR4,3200,4,16,64,27729.800000000003
V-Color TRA532G72D834Q 128 GB,"5,7200","4,32",10.125,White,9.444,34.0,DDR5,7200,4,32,128,75167.42
G.Skill Value 8 GB,"3,1600","1,8",2.655,Black,13.75,11.0,DDR3,1600,1,8,8,1231.9199999999998
Thermaltake TOUGHRAM RGB 16 GB,"4,3600","2,8",7.081,Black / Silver,10.0,18.0,DDR4,3600,2,8,16,6571.4
Thermaltake TOUGHRAM Z-ONE RGB 16 GB,"4,3200","2,8",8.124,Black,10.0,16.0,DDR4,3200,2,8,16,7538.839999999999
Kingston FURY Impact 32 GB,"4,3200","2,16",4.392,Black,12.5,20.0,DDR4,3200,2,16,32,8150.74
Crucial CT32G56C46S5 32 GB,"5,5600","1,32",3.57,Black,16.429,46.0,DDR5,5600,1,32,32,6626.5
G.Skill Trident Z5 RGB 32 GB,"5,6400","2,16",3.75,Black,10.0,32.0,DDR5,6400,2,16,32,6959.42
G.Skill Ripjaws S5 32 GB,"5,5600","2,16",8.125,White,10.0,28.0,DDR5,5600,2,16,32,15080.58
Kingston FURY Renegade 32 GB,"5,8000","2,16",7.175,Silver / White,9.5,38.0,DDR5,8000,2,16,32,13316.22
Patriot Viper Steel RGB 32 GB,"4,3600","1,32",2.75,Black,11.111,20.0,DDR4,3600,1,32,32,5103.42
Crucial CT2K16G52C42U5 32 GB,"5,5200","2,16",3.0,Black,16.154,42.0,DDR5,5200,2,16,32,5567.42
Corsair Vengeance 64 GB,"5,5600","4,16",3.77,Gray,12.857,36.0,DDR5,5600,4,16,64,13993.66
Patriot Signature 8 GB,"3,1333","1,8",12.6,Green,13.503,9.0,DDR3,1333,1,8,8,5846.4
G.Skill Value 16 GB,"3,1333","2,8",2.199,Black,13.503,9.0,DDR3,1333,2,8,16,2040.44
TEAMGROUP T-Force Vulcan Z 16 GB,"4,3600","1,16",4.968,Gray / Black,10.0,18.0,DDR4,3600,1,16,16,4609.84
ADATA XPG GAMMIX D10 16 GB,"4,3600","2,8",8.661,Black,10.0,18.0,DDR4,3600,2,8,16,8037.0599999999995
Kingston FURY Renegade Pro 32 GB,"5,5600","1,32",6.482,Black,12.857,36.0,DDR5,5600,1,32,32,12031.52
G.Skill Ripjaws S5 48 GB,"5,5200","2,24",2.187,White,15.385,40.0,DDR5,5200,2,24,48,6089.42
Corsair Vengeance RGB RT 64 GB,"4,3200","2,32",2.375,Black,10.0,16.0,DDR4,3200,2,32,64,8815.42
TEAMGROUP Xtreem 32 GB,"5,8000","2,16",5.937,White,9.5,38.0,DDR5,8000,2,16,32,11019.42
Kingston FURY Beast RGB 16 GB,"5,6400","1,16",5.261,Black,10.0,32.0,DDR5,6400,1,16,16,4882.4400000000005
Kingston FURY Renegade 16 GB,"4,4800","2,8",24.524,Black,7.917,19.0,DDR4,4800,2,8,16,22758.04
Corsair Vengeance LPX 8 GB,"4,2666","2,4",4.235,Red,11.253,15.0,DDR4,2666,2,4,8,1965.0400000000002
Kingston FURY 16 GB,"5,5600","1,16",3.799,White,14.286,40.0,DDR5,5600,1,16,16,3525.2400000000002
PNY XLR8 Gaming MAKO RGB 32 GB,"5,6400","2,16",5.015,Black,12.5,40.0,DDR5,6400,2,16,32,9307.26
Patriot Signature Line 8 GB,"4,2666","1,8",3.499,Green,14.254,19.0,DDR4,2666,1,8,8,1623.4199999999998
Kingston ValueRAM 1 GB,"2,667","1,1",11.95,Green,14.993,5.0,DDR2,667,1,1,1,693.0999999999999
Corsair ValueSelect 4 GB,"4,2400","1,4",,Black,13.333,16.0,DDR4,2400,1,4,4,869.42
G.Skill Trident Z RGB 16 GB,"4,4400","2,8",12.438,Black,8.182,18.0,DDR4,4400,2,8,16,11542.0
Kingston Fury Renegade RGB 48 GB,"5,6400","2,24",7.075,Silver / Black,10.0,32.0,DDR5,6400,2,24,48,19695.64
G.Skill Ripjaws X 16 GB,"3,1600","4,4",9.717,Black / Blue,11.25,9.0,DDR3,1600,4,4,16,9017.26
Kingston KCP421ND8/16 16 GB,"4,2133","1,16",2.978,Green / Black,14.065,15.0,DDR4,2133,1,16,16,2763.12
TEAMGROUP Xtreem ARGB 32 GB,"5,7200","2,16",4.375,White,9.444,34.0,DDR5,7200,2,16,32,8119.42
Corsair Dominator Platinum RGB 16 GB,"4,4000","2,8",13.476,Black,8.0,16.0,DDR4,4000,2,8,16,12505.960000000001
Samsung M393A4K40BB1-CRC 32 GB,"4,2400","1,32",2.031,Green,14.167,17.0,DDR4,2400,1,32,32,3768.84
Kingston Fury Renegade RGB 16 GB,"5,6400","1,16",6.267,Silver / Black,10.0,32.0,DDR5,6400,1,16,16,5815.66
Crucial CT2K16G4DFRA266 32 GB,"4,2666","2,16",2.718,Green,14.254,19.0,DDR4,2666,2,16,32,5045.42
TEAMGROUP Xtreem ARGB 48 GB,"5,7600","2,24",4.791,Black,9.474,36.0,DDR5,7600,2,24,48,13339.42
Kingston KVR16R11D4K4/64 64 GB,"3,1600","4,16",1.787,Green,13.75,11.0,DDR3,1600,4,16,64,6632.88
Corsair Dominator Platinum RGB 64 GB,"5,5600","2,32",3.594,Black,14.286,40.0,DDR5,5600,2,32,64,13339.42
G.Skill Value 4 GB,"3,1333","1,4",3.603,Green,13.503,9.0,DDR3,1333,1,4,4,835.78
Corsair Vengeance RGB 48 GB,"5,5600","2,24",3.083,Black,14.286,40.0,DDR5,5600,2,24,48,8583.42
Mushkin Enhanced Essentials 32 GB,"4,3200","2,16",4.294,Black,13.75,22.0,DDR4,3200,2,16,32,7969.78
G.Skill Sniper X 16 GB,"4,3200","2,8",3.326,Black / White,10.0,16.0,DDR4,3200,2,8,16,3086.7599999999998
Kingston FURY Renegade 48 GB,"5,7200","2,24",5.318,Silver / Black,10.556,38.0,DDR5,7200,2,24,48,14805.66
Kingston KVR16LN11K2/8 8 GB,"3,1600","2,4",7.795,Black / Green,13.75,11.0,DDR3,1600,2,4,8,3616.88
ADATA XPG GAMMIX D20 32 GB,"4,3200","2,16",4.404,Black,10.0,16.0,DDR4,3200,2,16,32,8174.5199999999995
G.Skill Trident Z5 RGB 32 GB,"5,5600","2,16",3.8,Black,14.286,40.0,DDR5,5600,2,16,32,7052.22
Corsair Dominator Platinum RGB 64 GB,"5,5200","2,32",5.938,Gray / Black,15.385,40.0,DDR5,5200,2,32,64,22041.739999999998
Kingston FURY 64 GB,"5,5600","4,16",4.939,White,14.286,40.0,DDR5,5600,4,16,64,18334.96
G.Skill Ripjaws 32 GB,"5,5600","2,16",2.968,Black / White,14.286,40.0,DDR5,5600,2,16,32,5509.42
G.Skill Ripjaws 16 GB,"3,1600","2,8",2.062,Black / Red,11.25,9.0,DDR3,1600,2,8,16,1913.42
Patriot Viper Venom RGB 32 GB,"5,7000","2,16",5.407,Black / White,11.429,40.0,DDR5,7000,2,16,32,10035.74
Corsair Vengeance RGB Pro 32 GB,"4,3600","4,8",4.531,Black,8.889,16.0,DDR4,3600,4,8,32,8409.42
Corsair Dominator Platinum RGB 32 GB,"5,5600","2,16",4.5,Gray / Black,12.857,36.0,DDR5,5600,2,16,32,8351.42
TEAMGROUP Xtreem 48 GB,"5,8000","2,24",,White,9.5,38.0,DDR5,8000,2,24,48,12527.42
Corsair Dominator Platinum RGB 32 GB,"5,5200","2,16",4.062,Gray / Black,15.385,40.0,DDR5,5200,2,16,32,7539.42
G.Skill Ripjaws M5 RGB 96 GB,"5,5600","2,48",2.5,Black,14.286,40.0,DDR5,5600,2,48,96,13919.42
Corsair Vengeance RGB Pro 16 GB,"4,2666","2,8",5.187,White,12.003,16.0,DDR4,2666,2,8,16,4813.42
Corsair Vengeance RGB 32 GB,"5,6000","2,16",4.531,White,10.0,30.0,DDR5,6000,2,16,32,8409.42
Corsair Vengeance RGB Pro 16 GB,"4,3600","2,8",5.042,Black,8.889,16.0,DDR4,3600,2,8,16,4678.86
Kingston FURY Beast RGB 32 GB,"5,5200","1,32",2.989,Black,15.385,40.0,DDR5,5200,1,32,32,5547.700000000001
Kingston FURY Renegade 64 GB,"4,3200","2,32",2.944,Black,10.0,16.0,DDR4,3200,2,32,64,10927.78
Kingston KVR16N11H/8 8 GB,"3,1600","1,8",1.875,Green,13.75,11.0,DDR3,1600,1,8,8,870.0
G.Skill Ripjaws V 32 GB,"4,3600","4,8",7.187,Black,10.0,18.0,DDR4,3600,4,8,32,13339.42
Kingston FURY Beast 16 GB,"5,4800","1,16",8.157,Black / Silver,15.833,38.0,DDR5,4800,1,16,16,7569.58
Kingston FURY Beast 64 GB,"4,3200","4,16",5.18,Black,10.0,16.0,DDR4,3200,4,16,64,19228.16
Patriot Viper Steel RGB 8 GB,"4,3600","1,8",3.124,Black,11.111,20.0,DDR4,3600,1,8,8,1449.4199999999998
ADATA XPG CASTER RGB 16 GB,"5,6400","1,16",5.217,Black / Silver,12.5,40.0,DDR5,6400,1,16,16,4841.26
Kingston FURY Beast 16 GB,"5,6000","1,16",5.999,Black / Silver,13.333,40.0,DDR5,6000,1,16,16,5567.42
Patriot Signature Line 32 GB,"4,3200","1,32",2.499,,13.75,22.0,DDR4,3200,1,32,32,4638.84
G.Skill Ripjaws V 256 GB,"4,3200","8,32",2.948,Black,10.0,16.0,DDR4,3200,8,32,256,43774.92
Crucial Classic 8 GB,"5,5200","1,8",3.498,Black,16.154,42.0,DDR5,5200,1,8,8,1622.84
Kingston Fury Renegade RGB 32 GB,"5,7600","2,16",6.7,Silver / Black,10.0,38.0,DDR5,7600,2,16,32,12435.78
Kingston FURY Beast RGB 32 GB,"5,6400","1,32",4.713,Black,10.0,32.0,DDR5,6400,1,32,32,8748.140000000001
G.Skill Ripjaws 32 GB,"4,3200","2,16",2.437,Black,13.75,22.0,DDR4,3200,2,16,32,4522.84
G.Skill Ripjaws 32 GB,"4,2666","2,16",2.031,Black,13.503,18.0,DDR4,2666,2,16,32,3768.84
Crucial CT2K32G48C40S5 64 GB,"5,4800","2,32",2.578,Black,16.667,40.0,DDR5,4800,2,32,64,9567.68
Kingston FURY Impact 16 GB,"5,5600","1,16",3.422,Black,14.286,40.0,DDR5,5600,1,16,16,3175.5
Crucial CT2K16G3ERSLD4160B 32 GB,"3,1600","2,16",3.437,Green,13.75,11.0,DDR3,1600,2,16,32,6378.26
G.Skill Trident Z5 RGB 48 GB,"5,7200","2,24",3.646,Silver / Black,10.0,36.0,DDR5,7200,2,24,48,10149.42
Mushkin Enhanced Redline 64 GB,"5,5600","2,32",2.969,Black,10.0,28.0,DDR5,5600,2,32,64,11019.42
G.Skill Trident Z5 RGB 32 GB,"5,6800","2,16",4.093,Silver / Black,10.0,34.0,DDR5,6800,2,16,32,7596.839999999999
ADATA XPG SPECTRIX D35G RGB 64 GB,"4,3200","2,32",2.969,Black,10.0,16.0,DDR4,3200,2,32,64,11019.42
Kingston Fury Renegade RGB 32 GB,"5,7200","2,16",6.322,Silver / Black,10.556,38.0,DDR5,7200,2,16,32,11734.56
Corsair Vengeance LPX 32 GB,"4,3200","2,16",9.119,Black / Yellow,10.0,16.0,DDR4,3200,2,16,32,16924.98
G.Skill Trident Z Royal 32 GB,"4,3600","2,16",5.087,Silver,10.0,18.0,DDR4,3600,2,16,32,9441.24
G.Skill Ripjaws S5 64 GB,"5,5200","2,32",5.701,White,13.846,36.0,DDR5,5200,2,32,64,21163.62
G.Skill Sniper 8 GB,"3,2400","2,4",4.84,Black / Red,9.167,11.0,DDR3,2400,2,4,8,2245.7599999999998
TEAMGROUP T-Force Vulcan 32 GB,"5,5200","2,16",2.5,Red,15.385,40.0,DDR5,5200,2,16,32,4639.42
Crucial CT32G4RFD4293 32 GB,"4,2933","1,32",1.976,Green / Black,14.32,21.0,DDR4,2933,1,32,32,3667.3399999999997
Kingston FURY Renegade 16 GB,"5,7200","1,16",5.945,Silver / White,10.556,38.0,DDR5,7200,1,16,16,5516.96
G.Skill Ripjaws Z 32 GB,"3,1866","4,8",3.658,Black / Red,10.718,10.0,DDR3,1866,4,8,32,6790.0599999999995
G.Skill Aegis 4 GB,"4,2400","1,4",4.75,Black / Red,12.5,15.0,DDR4,2400,1,4,4,1102.0
Crucial CT4K16G4DFD824A 64 GB,"4,2400","4,16",3.125,Green / Black,14.167,17.0,DDR4,2400,4,16,64,11599.42
Corsair Vengeance 64 GB,"5,5600","2,32",3.172,Black / Gray,12.857,36.0,DDR5,5600,2,32,64,11773.42
Corsair Dominator Titanium First Edition 48 GB,"5,7200","2,24",5.708,White,10.0,36.0,DDR5,7200,2,24,48,15891.42
Corsair Vengeance RGB Pro 16 GB,"4,3200","2,8",6.624,Black,10.0,16.0,DDR4,3200,2,8,16,6147.42
G.Skill Ripjaws S5 32 GB,"5,5200","2,16",7.372,Black,13.846,36.0,DDR5,5200,2,16,32,13682.78
Kingston FURY Beast RGB 16 GB,"5,6000","2,8",11.272,Black,13.333,40.0,DDR5,6000,2,8,16,10460.3
ADATA XPG SPECTRIX D50 32 GB,"4,3200","2,16",6.323,Black,10.0,16.0,DDR4,3200,2,16,32,11735.72
Kingston Fury Renegade RGB 32 GB,"5,8000","2,16",7.276,Silver / White,9.5,38.0,DDR5,8000,2,16,32,13503.56
Kingston ValueRAM 16 GB,"4,2666","1,16",2.6,Green,14.254,19.0,DDR4,2666,1,16,16,2412.8
Kingston FURY Beast RGB 32 GB,"5,6000","1,32",4.218,Black,10.0,30.0,DDR5,6000,1,32,32,7829.42
Kingston Fury Renegade RGB 48 GB,"5,6000","1,48",3.798,Silver / Black,10.667,32.0,DDR5,6000,1,48,48,10574.56
Crucial CT2K8G4SFS832A 16 GB,"4,3200","2,8",3.437,Green / Black,13.75,22.0,DDR4,3200,2,8,16,3189.42
Crucial CT32G52C42U5 32 GB,"5,5200","1,32",2.67,Black,16.154,42.0,DDR5,5200,1,32,32,4956.1
Corsair Vengeance 32 GB,"5,6000","2,16",3.766,White / Gray,12.0,36.0,DDR5,6000,2,16,32,6989.0
G.Skill Ripjaws Z 32 GB,"3,2400","4,8",4.283,,9.167,11.0,DDR3,2400,4,8,32,7950.0599999999995
G.Skill Ripjaws V 32 GB,"4,2666","4,8",2.369,Red / Black,14.254,19.0,DDR4,2666,4,8,32,4396.9800000000005
TEAMGROUP T-Force Xtreem ARGB 32 GB,"4,3200","2,16",4.012,White,10.0,16.0,DDR4,3200,2,16,32,7446.04
Corsair CMV16GX3M2A1333C9 16 GB,"3,1333","2,8",3.112,Green,13.503,9.0,DDR3,1333,2,8,16,2887.82
G.Skill Trident Z Neo 64 GB,"4,3200","4,16",2.712,Silver / Black,10.0,16.0,DDR4,3200,4,16,64,10067.640000000001
Corsair Vengeance LPX 8 GB,"4,2400","1,8",5.952,Red,13.333,16.0,DDR4,2400,1,8,8,2761.96
Corsair ValueSelect 16 GB,"4,2666","1,16",4.374,Black,13.503,18.0,DDR4,2666,1,16,16,4058.84
G.Skill Trident Z5 32 GB,"5,5600","2,16",2.906,Silver / Black,12.857,36.0,DDR5,5600,2,16,32,5393.42
Crucial CT51264BD160B 4 GB,"3,1600","1,4",3.248,Green,13.75,11.0,DDR3,1600,1,4,4,753.42
Kingston Fury Renegade RGB 32 GB,"5,6800","2,16",5.219,Silver / Black,10.588,36.0,DDR5,6800,2,16,32,9686.0
Kingston FURY 64 GB,"5,5600","2,32",3.297,White,14.286,40.0,DDR5,5600,2,32,64,12238.0
Kingston FURY Renegade Pro 128 GB,"5,6800","4,32",8.82,Black,10.0,34.0,DDR5,6800,4,32,128,65482.0
ADATA XPG SPECTRIX D35G RGB 32 GB,"4,3600","1,32",2.853,Black,10.0,18.0,DDR4,3600,1,32,32,5294.820000000001
Kingston Fury Renegade RGB 16 GB,"4,3200","2,8",6.249,Black,10.0,16.0,DDR4,3200,2,8,16,5799.42
Kingston Fury Renegade RGB 16 GB,"4,3600","2,8",7.5,Black,8.889,16.0,DDR4,3600,2,8,16,6960.0
TEAMGROUP T-Force Vulcan 16 GB,"5,5200","1,16",5.349,Black,15.385,40.0,DDR5,5200,1,16,16,4963.64
Kingston FURY Beast RGB 32 GB,"5,6000","1,32",4.062,Black,12.0,36.0,DDR5,6000,1,32,32,7539.42
TEAMGROUP Elite 16 GB,"4,3200","1,16",2.812,Black,13.75,22.0,DDR4,3200,1,16,16,2609.42
Silicon Power SP064GBSVU560F22 64 GB,"5,5600","2,32",2.281,Black,16.429,46.0,DDR5,5600,2,32,64,8467.42
G.Skill Trident Z 32 GB,"5,6400","2,16",3.593,White / Black,10.0,32.0,DDR5,6400,2,16,32,6669.42
TEAMGROUP Elite Plus 32 GB,"5,4800","2,16",3.57,Black,16.667,40.0,DDR5,4800,2,16,32,6625.34
Corsair Vengeance RGB Pro SL 128 GB,"4,3200","4,32",2.875,Black,10.0,16.0,DDR4,3200,4,32,128,21346.32
Corsair Vengeance RGB RT 64 GB,"4,3200","4,16",3.203,Black,10.0,16.0,DDR4,3200,4,16,64,11889.42
G.Skill Trident Z5 64 GB,"5,6000","2,32",3.125,Silver / Black,10.667,32.0,DDR5,6000,2,32,64,11599.42
Thermaltake TOUGHRAM XG RGB 16 GB,"4,4600","2,8",13.749,White / Silver,8.261,19.0,DDR4,4600,2,8,16,12759.42
G.Skill Trident Z5 RGB 32 GB,"5,6000","2,16",3.593,White / Black,10.667,32.0,DDR5,6000,2,16,32,6669.42
Corsair Vengeance RGB Pro 16 GB,"4,2933","2,8",3.687,Black,10.91,16.0,DDR4,2933,2,8,16,3421.42
G.Skill Ripjaws S5 64 GB,"5,5200","2,32",4.006,Black,13.846,36.0,DDR5,5200,2,32,64,14871.78
TEAMGROUP T-Force Dark 16 GB,"4,2400","2,8",9.938,Red / Black,11.667,14.0,DDR4,2400,2,8,16,9222.0
Kingston FURY Beast 128 GB,"4,3600","4,32",3.359,Black,10.0,18.0,DDR4,3600,4,32,128,24939.420000000002
Kingston FURY Beast RGB 16 GB,"5,6400","1,16",5.326,White,10.0,32.0,DDR5,6400,1,16,16,4942.179999999999
Patriot Viper Elite II 64 GB,"4,3200","2,32",2.562,Red / Black,11.25,18.0,DDR4,3200,2,32,64,9511.42
Corsair Dominator Platinum 8 GB,"3,2800","2,4",33.858,Black / Silver,8.571,12.0,DDR3,2800,2,4,8,15709.880000000001
G.Skill Trident Z Royal 128 GB,"4,3600","4,32",2.891,Silver,10.0,18.0,DDR4,3600,4,32,128,21459.420000000002
Corsair Dominator Platinum RGB 32 GB,"5,6400","2,16",5.406,Black,11.875,38.0,DDR5,6400,2,16,32,10033.42
G.Skill Trident Z RGB 64 GB,"4,2400","8,8",3.634,,12.5,15.0,DDR4,2400,8,8,64,13489.06
Corsair XMS3 4 GB,"3,1333","1,4",8.947,Black / White,13.503,9.0,DDR3,1333,1,4,4,2075.82
Corsair Vengeance 8 GB,"3,1600","2,4",6.374,Black / Yellow,11.25,9.0,DDR3,1600,2,4,8,2957.42
Corsair Vengeance RGB Pro SL 32 GB,"4,3200","4,8",5.25,White / Black,10.0,16.0,DDR4,3200,4,8,32,9743.42
Kingston FURY Renegade Pro 128 GB,"5,4800","4,32",5.664,Black,15.0,36.0,DDR5,4800,4,32,128,42049.42
Corsair Vengeance 16 GB,"3,1600","4,4",8.088,Black / Blue,11.25,9.0,DDR3,1600,4,4,16,7505.200000000001
Corsair Vengeance LPX 16 GB,"4,3200","2,8",7.812,Black,10.0,16.0,DDR4,3200,2,8,16,7250.0
V-Color TRA532G72D834O 256 GB,"5,7200","8,32",11.641,Black,9.444,34.0,DDR5,7200,8,32,256,172839.41999999998
Mushkin Redline 64 GB,"4,3200","2,32",3.089,,10.0,16.0,DDR4,3200,2,32,64,11467.18
TEAMGROUP Elite 8 GB,"4,3200","1,8",3.624,Black,13.75,22.0,DDR4,3200,1,8,8,1681.4199999999998
Corsair Vengeance RGB Pro 128 GB,"4,3000","4,32",2.7,Black,10.667,16.0,DDR4,3000,4,32,128,20041.32
G.Skill Zeta R5 Neo 128 GB,"5,6000","4,32",,Black,10.0,30.0,DDR5,6000,4,32,128,44079.42
Corsair Vengeance RGB Pro 16 GB,"4,3600","2,8",4.686,Black,10.0,18.0,DDR4,3600,2,8,16,4348.84
G.Skill Trident Z Royal 16 GB,"4,4000","2,8",10.562,Silver,7.5,15.0,DDR4,4000,2,8,16,9802.0
Corsair Dominator Platinum RGB 32 GB,"4,3200","4,8",5.502,White,10.0,16.0,DDR4,3200,4,8,32,10211.48
Corsair Dominator Platinum RGB 32 GB,"5,7000","2,16",6.281,Black,9.714,34.0,DDR5,7000,2,16,32,11657.42
Kingston FURY Renegade 32 GB,"5,6400","2,16",4.375,Silver / White,10.0,32.0,DDR5,6400,2,16,32,8119.42
G.Skill Ripjaws S5 32 GB,"5,5200","2,16",6.128,White,13.846,36.0,DDR5,5200,2,16,32,11373.22
TEAMGROUP T-Force Vulcan 32 GB,"5,5600","2,16",2.656,Black,13.571,38.0,DDR5,5600,2,16,32,4929.42
G.Skill Ripjaws 16 GB,"3,1066","4,4",3.73,Black / Red,13.133,7.0,DDR3,1066,4,4,16,3461.44
G.Skill Ripjaws X 16 GB,"3,1866","2,8",3.535,Black / Red,10.718,10.0,DDR3,1866,2,8,16,3280.48
Thermaltake TOUGHRAM XG RGB 16 GB,"4,4600","2,8",14.061,Black / Silver,8.261,19.0,DDR4,4600,2,8,16,13048.84
Timetec PINNACLE Konduit 32 GB,"4,3200","1,32",2.187,Black,10.0,16.0,DDR4,3200,1,32,32,4059.4199999999996
TEAMGROUP T-Force Vulcan 64 GB,"5,5200","2,32",2.344,Red,15.385,40.0,DDR5,5200,2,32,64,8699.42
G.Skill F3-12800CL9S-2GBSQ 2 GB,"3,1600","1,2",6.84,Green,11.25,9.0,DDR3,1600,1,2,2,793.4399999999999
G.Skill Ares 16 GB,"3,1600","2,8",2.687,Blue,11.25,9.0,DDR3,1600,2,8,16,2493.42
Crucial CT2K8G4DFS832A 16 GB,"4,3200","2,8",4.03,Green / Black,13.75,22.0,DDR4,3200,2,8,16,3739.84
Silicon Power SP016GBLVU560F02 16 GB,"5,5600","1,16",3.403,Black,16.429,46.0,DDR5,5600,1,16,16,3158.1000000000004
Patriot Signature Line 4 GB,"4,2400","1,4",5.372,Black / Green,13.333,16.0,DDR4,2400,1,4,4,1246.4199999999998
G.Skill Aegis 16 GB,"4,3000","1,16",3.769,Red / Black,10.667,16.0,DDR4,3000,1,16,16,3497.3999999999996
Silicon Power SP008GBLFU266B02 8 GB,"4,2666","1,8",2.814,,14.254,19.0,DDR4,2666,1,8,8,1305.5800000000002
G.Skill Ripjaws 16 GB,"4,2400","1,16",2.125,Black / Blue,13.333,16.0,DDR4,2400,1,16,16,1972.0
Patriot Signature Line 16 GB,"5,4800","1,16",2.374,Black,19.167,46.0,DDR5,4800,1,16,16,2203.42
Crucial CT32G52C42S5 32 GB,"5,5200","1,32",3.125,Black,16.154,42.0,DDR5,5200,1,32,32,5799.42
Kingston Fury Renegade RGB 24 GB,"5,7200","1,24",8.787,Silver / Black,10.556,38.0,DDR5,7200,1,24,24,12231.039999999999
G.Skill Ripjaws S5 32 GB,"5,6000","2,16",3.281,White,10.667,32.0,DDR5,6000,2,16,32,6089.42
Kingston FURY Beast 16 GB,"5,6400","1,16",7.558,White,10.0,32.0,DDR5,6400,1,16,16,7013.9400000000005
Corsair Vengeance LPX 32 GB,"4,3200","4,8",5.406,Black / Yellow,10.0,16.0,DDR4,3200,4,8,32,10033.42
TEAMGROUP Elite 64 GB,"4,3200","2,32",2.5,Black,13.75,22.0,DDR4,3200,2,32,64,9279.42
G.Skill Trident Z Royal 64 GB,"4,3600","2,32",4.115,Silver,8.889,16.0,DDR4,3600,2,32,64,15275.460000000001
TEAMGROUP Elite Plus 32 GB,"5,4800","1,32",2.468,Silver,16.667,40.0,DDR5,4800,1,32,32,4580.84
G.Skill Trident Z5 Neo RGB 32 GB,"5,5600","2,16",5.846,Black,10.714,30.0,DDR5,5600,2,16,32,10850.06
Kingston Fury Renegade RGB 24 GB,"5,6400","1,24",5.365,Silver / Black,10.0,32.0,DDR5,6400,1,24,24,7468.08
Crucial CT3KIT51264BA160B 12 GB,"3,1600","3,4",3.081,Black / Green,13.75,11.0,DDR3,1600,3,4,12,2144.2599999999998
Kingston KCP426NS8/8 8 GB,"4,2666","1,8",3.561,Green / Black,14.254,19.0,DDR4,2666,1,8,8,1652.4199999999998
Crucial CT2K16G4RFS4266 32 GB,"4,2666","2,16",2.968,Green / Black,14.254,19.0,DDR4,2666,2,16,32,5509.42
G.Skill Trident Z Neo 64 GB,"4,3600","4,16",6.578,Silver / Black,10.0,18.0,DDR4,3600,4,16,64,24418.0
Mushkin Enhanced Redline Stiletto 16 GB,"4,3200","2,8",2.744,Black,10.0,16.0,DDR4,3200,2,8,16,2546.2
G.Skill Value 8 GB,"4,2400","1,8",4.865,Black,14.167,17.0,DDR4,2400,1,8,8,2257.36
Corsair Vengeance RGB 32 GB,"5,5600","2,16",3.75,Black / Gray,12.857,36.0,DDR5,5600,2,16,32,6959.42
Corsair Vengeance LP 16 GB,"3,1600","2,8",4.874,Black / Yellow,11.25,9.0,DDR3,1600,2,8,16,4522.84
Kingston KVR21L15Q4/32 32 GB,"4,2133","1,32",5.623,Black / Green,14.065,15.0,DDR4,2133,1,32,32,10435.94
G.Skill Aegis 8 GB,"4,2400","2,4",4.05,Black / Red,12.5,15.0,DDR4,2400,2,4,8,1879.1999999999998
Crucial CT2K8G4DFS8213 16 GB,"4,2133","2,8",6.249,Black / Green,14.065,15.0,DDR4,2133,2,8,16,5798.84
Corsair Vengeance RGB Pro SL 32 GB,"4,3200","4,8",5.25,Black,10.0,16.0,DDR4,3200,4,8,32,9743.42
Kingston FURY Beast 16 GB,"4,3733","1,16",4.764,Black,10.179,19.0,DDR4,3733,1,16,16,4420.76
TEAMGROUP Elite 16 GB,"5,5600","1,16",2.687,Black,16.429,46.0,DDR5,5600,1,16,16,2493.42
Kingston FURY Impact 16 GB,"5,6000","1,16",4.248,Black,12.667,38.0,DDR5,6000,1,16,16,3942.2599999999998
Mushkin Redline ST 32 GB,"5,6400","2,16",3.593,Black,10.0,32.0,DDR5,6400,2,16,32,6669.42
Corsair Vengeance RGB Pro SL 64 GB,"4,3200","2,32",2.838,Black,10.0,16.0,DDR4,3200,2,32,64,10535.7
Kingston Server Premier 8 GB,"4,2666","1,8",4.871,,14.254,19.0,DDR4,2666,1,8,8,2260.2599999999998
Kingston FURY 64 GB,"5,5200","2,32",3.152,White,15.385,40.0,DDR5,5200,2,32,64,11699.18
TEAMGROUP T-Force Delta RGB 48 GB,"5,7600","2,24",4.375,Black,9.474,36.0,DDR5,7600,2,24,48,12179.42
Corsair Vengeance LPX 32 GB,"4,4000","4,8",4.937,Black / Yellow,9.5,19.0,DDR4,4000,4,8,32,9163.42
Crucial MTA18ASF4G72AZ-3G2B1 32 GB,"4,3200","1,32",5.623,Green,13.75,22.0,DDR4,3200,1,32,32,10435.94
Patriot Viper Steel RGB 16 GB,"4,3200","1,16",2.937,Black,11.25,18.0,DDR4,3200,1,16,16,2725.42
Crucial CT2K16G4DFD832A 32 GB,"4,3200","2,16",3.281,Green / Black,13.75,22.0,DDR4,3200,2,16,32,6089.42
Thermaltake TOUGHRAM XG RGB 64 GB,"4,4000","2,32",8.672,Black / Silver,9.5,19.0,DDR4,4000,2,32,64,32188.84
Kingston Fury Renegade RGB 16 GB,"5,8000","1,16",7.874,Silver / Black,9.5,38.0,DDR5,8000,1,16,16,7307.42
TEAMGROUP T-Force Delta RGB Eco 32 GB,"5,6400","2,16",3.375,Silver,10.0,32.0,DDR5,6400,2,16,32,6263.42
G.Skill Ripjaws X 32 GB,"3,2133","4,8",3.759,Black / Blue,9.376,10.0,DDR3,2133,4,8,32,6977.4
Kingston FURY Renegade 32 GB,"4,3200","1,32",3.125,Black,10.0,16.0,DDR4,3200,1,32,32,5799.42
Kingston FURY Renegade Pro 128 GB,"5,6400","4,32",7.312,Black,10.0,32.0,DDR5,6400,4,32,128,54288.0
Kingston FURY Beast RGB 32 GB,"5,6000","2,16",6.766,Black,10.0,30.0,DDR5,6000,2,16,32,12557.58
Corsair Dominator 8 GB,"3,1600","4,2",23.125,Black / Blue,10.0,8.0,DDR3,1600,4,2,8,10730.0
Crucial CT2KIT51264BA160B 8 GB,"3,1600","2,4",3.9,Green,13.75,11.0,DDR3,1600,2,4,8,1809.6
Crucial CT2KIT204864BF160B 32 GB,"3,1600","2,16",9.368,Black / Green,13.75,11.0,DDR3,1600,2,16,32,17387.82
Kingston KSM26ED8/32ME 32 GB,"4,2666","1,32",4.652,Green,14.254,19.0,DDR4,2666,1,32,32,8635.039999999999
Corsair Dominator Platinum RGB 32 GB,"5,5600","2,16",4.656,Black / Silver,12.857,36.0,DDR5,5600,2,16,32,8641.42
V-Color TRA524G80S840R3Q 96 GB,"5,8000","4,24",14.5,White,10.0,40.0,DDR5,8000,4,24,96,80735.42
G.Skill NS 4 GB,"3,1333","2,2",5.11,Green,13.503,9.0,DDR3,1333,2,2,4,1185.52
Crucial Ballistix Sport 8 GB,"3,1600","2,4",4.737,Black / Silver,11.25,9.0,DDR3,1600,2,4,8,2198.2
Kingston KVR16N11/2 2 GB,"3,1600","1,2",12.265,Green,13.75,11.0,DDR3,1600,1,2,2,1422.74
G.Skill Trident Z Royal 32 GB,"4,3200","4,8",8.406,Gold,10.0,16.0,DDR4,3200,4,8,32,15602.0
G.Skill Trident Z Royal Elite 64 GB,"4,3600","4,16",5.507,Gold,8.889,16.0,DDR4,3600,4,16,64,20440.94
G.Skill Ripjaws V 32 GB,"4,2666","1,32",4.518,Black,14.254,19.0,DDR4,2666,1,32,32,8386.22
TEAMGROUP T-Force Vulcan Z 32 GB,"4,3600","1,32",4.834,Gray,10.0,18.0,DDR4,3600,1,32,32,8972.02
Kingston FURY Beast RGB 8 GB,"5,5600","1,8",13.238,Black,14.286,40.0,DDR5,5600,1,8,8,6142.200000000001
Crucial CT16G4DFRA266 16 GB,"4,2666","1,16",2.279,Green,14.254,19.0,DDR4,2666,1,16,16,2115.2599999999998
Kingston FURY Impact 32 GB,"5,5600","1,32",3.125,Black,14.286,40.0,DDR5,5600,1,32,32,5799.42
Kingston FURY Impact 16 GB,"4,3200","2,8",3.75,Black,12.5,20.0,DDR4,3200,2,8,16,3480.0
G.Skill Ripjaws 64 GB,"5,5600","2,32",3.203,Black,14.286,40.0,DDR5,5600,2,32,64,11889.42
G.Skill Trident Z5 RGB 32 GB,"5,5600","2,16",5.445,White / Black,10.714,30.0,DDR5,5600,2,16,32,10105.34
Kingston FURY Impact 16 GB,"4,3200","1,16",3.796,Black,12.5,20.0,DDR4,3200,1,16,16,3522.3399999999997
G.Skill Trident Z RGB 64 GB,"4,3600","2,32",4.702,Black,8.889,16.0,DDR4,3600,2,32,64,17454.52
Kingston FURY Renegade 32 GB,"5,6800","2,16",5.534,White / Silver,10.588,36.0,DDR5,6800,2,16,32,10271.22
Kingston FURY Renegade Pro 32 GB,"5,5600","1,32",6.437,Black,10.0,28.0,DDR5,5600,1,32,32,11947.42
G.Skill Trident Z RGB 16 GB,"4,3600","2,8",7.808,Black,9.444,17.0,DDR4,3600,2,8,16,7245.36
Samsung M391A2K43BB1-CRC 16 GB,"4,2400","1,16",3.686,Green,14.167,17.0,DDR4,2400,1,16,16,3420.8399999999997
G.Skill Sniper 16 GB,"3,2400","2,8",3.794,Black / Red,9.167,11.0,DDR3,2400,2,8,16,3521.18
Kingston FURY Renegade 16 GB,"5,8000","1,16",7.8,Silver / White,9.5,38.0,DDR5,8000,1,16,16,7238.4
G.Skill Trident Z5 RGB 32 GB,"5,6000","2,16",4.001,Silver / Black,13.333,40.0,DDR5,6000,2,16,32,7425.74
Kingston FURY Beast 8 GB,"5,4800","1,8",7.492,Black,15.833,38.0,DDR5,4800,1,8,8,3476.52
Kingston Server Premier 16 GB,"4,3200","1,16",5.437,,13.75,22.0,DDR4,3200,1,16,16,5045.42
G.Skill Sniper X 32 GB,"4,3600","2,16",3.773,Black / White,10.556,19.0,DDR4,3600,2,16,32,7002.92
Crucial CT2K32G52C42U5 64 GB,"5,5200","2,32",2.968,Black,16.154,42.0,DDR5,5200,2,32,64,11017.099999999999
Kingston FURY Renegade Pro 16 GB,"5,4800","1,16",7.187,Black,15.0,36.0,DDR5,4800,1,16,16,6669.42
G.Skill Ripjaws X 8 GB,"3,1866","1,8",4.075,Black / Red,10.718,10.0,DDR3,1866,1,8,8,1890.8000000000002
Crucial CT102472BA186D 8 GB,"3,1866","1,8",4.996,Green / Black,13.934,13.0,DDR3,1866,1,8,8,2318.2599999999998
Thermaltake TOUGHRAM RGB 16 GB,"4,4400","2,8",9.062,White / Silver,8.636,19.0,DDR4,4400,2,8,16,8410.0
G.Skill Trident Z Royal 64 GB,"4,3600","8,8",11.242,Silver,7.778,14.0,DDR4,3600,8,8,64,41732.159999999996
Kingston FURY Impact 32 GB,"5,4800","2,16",2.968,Black,15.833,38.0,DDR5,4800,2,16,32,5509.42
Kingston FURY Renegade 32 GB,"5,7600","2,16",6.374,Silver / Black,10.0,38.0,DDR5,7600,2,16,32,11830.84
Kingston FURY Beast 16 GB,"5,6400","1,16",4.874,Black,10.0,32.0,DDR5,6400,1,16,16,4522.84
Kingston ValueRAM 2 GB,"2,667","1,2",6.745,Green,14.993,5.0,DDR2,667,1,2,2,782.42
Kingston KVR16N11S8/4 4 GB,"3,1600","1,4",4.893,Green,13.75,11.0,DDR3,1600,1,4,4,1135.06
Corsair Dominator Platinum 8 GB,"4,2800","2,4",21.043,Black / Silver,10.714,15.0,DDR4,2800,2,4,8,9763.72
Corsair Dominator Platinum RGB 32 GB,"4,3200","2,16",3.498,Black,10.0,16.0,DDR4,3200,2,16,32,6491.9400000000005
TEAMGROUP T-Create Classic 32 GB,"5,5600","1,32",2.343,Black,16.429,46.0,DDR5,5600,1,32,32,4348.84
Kingston FURY Beast 32 GB,"5,6400","1,32",4.625,Black,10.0,32.0,DDR5,6400,1,32,32,8583.42
Crucial CT2KIT25664AA800 4 GB,"2,800","2,2",7.872,Green,15.0,6.0,DDR2,800,2,2,4,1826.4199999999998
Crucial CT25664BA1339 2 GB,"3,1333","1,2",7.495,Green,13.503,9.0,DDR3,1333,1,2,2,869.42
Kingston KTD-PE316LLQ/32G 32 GB,"3,1600","1,32",7.839,Silver,13.75,11.0,DDR3,1600,1,32,32,14549.3
G.Skill Trident Z RGB 16 GB,"4,3200","2,8",18.424,Black,8.75,14.0,DDR4,3200,2,8,16,17097.82
Kingston Fury Renegade RGB 64 GB,"4,3600","4,16",7.688,Black / Silver,8.889,16.0,DDR4,3600,4,16,64,28536.0
PNY XLR8 Gaming EPIC-X RGB 16 GB,"4,3200","2,8",6.756,White,10.0,16.0,DDR4,3200,2,8,16,6269.22
Kingston FURY Renegade 24 GB,"5,7200","1,24",5.388,Silver / Black,10.556,38.0,DDR5,7200,1,24,24,7499.9800000000005
Crucial CT32G4RFD4266 32 GB,"4,2666","1,32",2.031,Green / Black,14.254,19.0,DDR4,2666,1,32,32,3768.84
Corsair Vengeance 32 GB,"5,6200","2,16",4.125,Black,11.613,36.0,DDR5,6200,2,16,32,7655.42
TEAMGROUP Xtreem 48 GB,"5,7200","2,24",3.791,White,9.444,34.0,DDR5,7200,2,24,48,10555.42
Samsung M471A4G43MB1 32 GB,"4,2666","1,32",2.624,Green / Black,14.254,19.0,DDR4,2666,1,32,32,4870.26
G.Skill Ares 16 GB,"3,2400","2,8",5.879,Black / Blue,9.167,11.0,DDR3,2400,2,8,16,5455.4800000000005
G.Skill Trident Z 32 GB,"4,3200","2,16",3.594,Silver / White,10.0,16.0,DDR4,3200,2,16,32,6670.0
G.Skill Trident Z5 RGB 64 GB,"5,6000","2,32",3.281,White / Black,10.667,32.0,DDR5,6000,2,32,64,12179.42
TEAMGROUP T-Force Delta RGB 64 GB,"5,5600","2,32",2.64,Black,12.857,36.0,DDR5,5600,2,32,64,9801.42
Kingston FURY Renegade Pro 32 GB,"5,4800","1,32",6.15,Black,15.0,36.0,DDR5,4800,1,32,32,11414.400000000001
Kingston KVR16E11K4/32 32 GB,"3,1600","4,8",3.868,Green,13.75,11.0,DDR3,1600,4,8,32,7179.24
TEAMGROUP T-Force Vulcan 32 GB,"5,5600","2,16",2.906,Red,11.429,32.0,DDR5,5600,2,16,32,5393.42
TEAMGROUP T-Create Master 64 GB,"5,6000","4,16",6.578,Black,10.667,32.0,DDR5,6000,4,16,64,24417.420000000002
G.Skill Sniper 16 GB,"3,2400","4,4",4.456,Black / Red,9.167,11.0,DDR3,2400,4,4,16,4134.820000000001
Corsair Vengeance RGB Pro 16 GB,"4,3200","2,8",3.749,Black,10.0,16.0,DDR4,3200,2,8,16,3479.42
Klevv CRAS XR5 RGB 32 GB,"5,7000","2,16",4.197,White / Black,10.286,36.0,DDR5,7000,2,16,32,7788.82
Kingston Fury Renegade RGB 16 GB,"5,8000","1,16",7.874,Silver / White,9.5,38.0,DDR5,8000,1,16,16,7307.42
Corsair Vengeance 12 GB,"3,1600","3,4",7.082,Black / Silver,11.25,9.0,DDR3,1600,3,4,12,4928.84
Crucial CT51264BD160BJ 4 GB,"3,1600","1,4",2.875,Black / Green,13.75,11.0,DDR3,1600,1,4,4,667.0
Kingston ValueRAM 8 GB,"4,2133","1,8",5.369,Black / Green,14.065,15.0,DDR4,2133,1,8,8,2491.1000000000004
Corsair Vengeance RGB RT 16 GB,"4,3600","2,8",3.749,Black,10.0,18.0,DDR4,3600,2,8,16,3479.42
Mushkin Silverline 16 GB,"4,2133","1,16",6.695,Silver,14.065,15.0,DDR4,2133,1,16,16,6212.96
Kingston FURY 32 GB,"5,5200","1,32",4.37,White,15.385,40.0,DDR5,5200,1,32,32,8110.72
Silicon Power XPOWER Pulse Gaming 32 GB,"5,5600","2,16",3.369,Black / White,14.286,40.0,DDR5,5600,2,16,32,6253.5599999999995
Kingston FURY Beast 32 GB,"5,6400","1,32",4.505,White,10.0,32.0,DDR5,6400,1,32,32,8360.7
Kingston KVR13N9S8/4 4 GB,"3,1333","1,4",3.88,Green,13.503,9.0,DDR3,1333,1,4,4,900.16
Patriot Viper 3 32 GB,"3,1866","4,8",5.755,Black / Silver,10.718,10.0,DDR3,1866,4,8,32,10681.859999999999
Kingston KVR13N9K3/24 24 GB,"3,1333","3,8",4.166,Green,13.503,9.0,DDR3,1333,3,8,24,5799.42
Crucial CT4K16G4DFD8213 64 GB,"4,2133","4,16",5.624,Black / Green,14.065,15.0,DDR4,2133,4,16,64,20877.68
Kingston Server Premier 16 GB,"4,3200","1,16",4.031,,13.75,22.0,DDR4,3200,1,16,16,3741.0
TEAMGROUP Elite Plus 32 GB,"5,4800","1,32",2.468,Black,16.667,40.0,DDR5,4800,1,32,32,4580.84
TEAMGROUP Elite 32 GB,"4,3200","2,16",2.531,Black,13.75,22.0,DDR4,3200,2,16,32,4696.84
Lexar LD4AS032G-B3200GSST 32 GB,"4,3200","1,32",4.11,Black,13.75,22.0,DDR4,3200,1,32,32,7628.74
Crucial CT16G3ERSLD4160B 16 GB,"3,1600","1,16",1.406,Black / Green,13.75,11.0,DDR3,1600,1,16,16,1304.4199999999998
G.Skill Trident Z RGB 128 GB,"4,3200","4,32",2.539,Black,10.0,16.0,DDR4,3200,4,32,128,18849.420000000002
Crucial CT8G4SFS824A 8 GB,"4,2400","1,8",3.531,Green / Black,14.167,17.0,DDR4,2400,1,8,8,1638.5
Corsair Vengeance RGB Pro 32 GB,"4,3000","2,16",6.188,Black,10.0,15.0,DDR4,3000,2,16,32,11484.0
Kingston FURY Beast 32 GB,"5,6400","2,16",4.745,White,10.0,32.0,DDR5,6400,2,16,32,8806.140000000001
Kingston FURY Beast 32 GB,"5,6000","1,32",7.131,White,10.0,30.0,DDR5,6000,1,32,32,13235.02
Corsair Vengeance RGB 32 GB,"4,3600","2,16",13.107,,10.0,18.0,DDR4,3600,2,16,32,24326.94
Corsair Vengeance RGB RS 16 GB,"4,3600","1,16",5.374,Black,10.0,18.0,DDR4,3600,1,16,16,4987.42
Patriot Viper Elite 5 RGB 32 GB,"5,6600","2,16",3.437,White,10.909,36.0,DDR5,6600,2,16,32,6379.42
Kingston FURY Renegade Pro 16 GB,"5,6000","1,16",7.476,Black,10.667,32.0,DDR5,6000,1,16,16,6937.38
Kingston Fury Beast RGB Special Edition 8 GB,"4,3600","1,8",4.999,White,9.444,17.0,DDR4,3600,1,8,8,2319.42
G.Skill NT 8 GB,"4,2133","2,4",6.688,Black,14.065,15.0,DDR4,2133,2,4,8,3103.0
Corsair Dominator Platinum RGB 16 GB,"4,4000","2,8",6.356,White,9.5,19.0,DDR4,4000,2,8,16,5898.0199999999995
Kingston FURY Beast RGB 32 GB,"5,6400","1,32",4.812,Black,10.0,32.0,DDR5,6400,1,32,32,8931.42
Crucial CT32G4DFD8266 32 GB,"4,2666","1,32",3.989,Green / Black,14.254,19.0,DDR4,2666,1,32,32,7403.700000000001
Corsair Vengeance RGB Pro SL 16 GB,"4,3200","2,8",5.249,Black,10.0,16.0,DDR4,3200,2,8,16,4871.42
Corsair Vengeance RGB RT 16 GB,"4,4000","2,8",4.604,Black,9.0,18.0,DDR4,4000,2,8,16,4272.86
Kingston ValueRAM 32 GB,"4,2666","1,32",3.094,Green,14.254,19.0,DDR4,2666,1,32,32,5742.0
Kingston KSM48R40BS4TMM-32HMR 32 GB,"5,4800","1,32",3.839,Green,16.667,40.0,DDR5,4800,1,32,32,7125.88
Corsair Vengeance RGB 64 GB,"5,5600","2,32",3.344,White / Black,12.857,36.0,DDR5,5600,2,32,64,12411.42
Kingston FURY Renegade 16 GB,"5,6000","1,16",13.082,Silver / White,10.667,32.0,DDR5,6000,1,16,16,12140.56
V-Color TRA548G68D834O 384 GB,"5,6800","8,48",8.776,Black,10.0,34.0,DDR5,6800,8,48,384,195459.41999999998
Kingston FURY Beast 32 GB,"5,6000","1,32",4.078,White,10.0,30.0,DDR5,6000,1,32,32,7569.0
G.Skill Ripjaws 8 GB,"3,1600","2,4",4.316,Black / Red,11.25,9.0,DDR3,1600,2,4,8,2002.74
Kingston KVR1333D3K2/2GR 2 GB,"3,1333","2,1",14.805,Green,13.503,9.0,DDR3,1333,2,1,2,1717.3799999999999
Kingston KVR21R15S4K4/32 32 GB,"4,2133","4,8",4.019,Black / Green,14.065,15.0,DDR4,2133,4,8,32,7459.96
Corsair Vengeance LPX 4 GB,"4,2400","1,4",7.758,Black / Yellow,13.333,16.0,DDR4,2400,1,4,4,1799.74
Crucial CT4K8G4DFS8266 32 GB,"4,2666","4,8",4.062,Green,14.254,19.0,DDR4,2666,4,8,32,7539.42
Corsair Vengeance RGB Pro 64 GB,"4,3466","4,16",9.205,Black,9.233,16.0,DDR4,3466,4,16,64,34167.8
Kingston FURY Beast 4 GB,"4,3200","1,4",10.727,Black,10.0,16.0,DDR4,3200,1,4,4,2488.7799999999997
G.Skill Ripjaws 64 GB,"4,3200","2,32",2.328,Blue / Black,13.75,22.0,DDR4,3200,2,32,64,8641.42
Kingston FURY Impact 64 GB,"4,3200","2,32",3.594,Black,12.5,20.0,DDR4,3200,2,32,64,13339.42
TEAMGROUP T-Create Classic 32 GB,"5,5600","2,16",2.531,Black,16.429,46.0,DDR5,5600,2,16,32,4696.84
Patriot Signature Line 32 GB,"5,4800","1,32",2.343,Black,19.167,46.0,DDR5,4800,1,32,32,4348.84
Corsair Vengeance RGB Pro 16 GB,"4,4000","2,8",19.261,Black,8.0,16.0,DDR4,4000,2,8,16,17874.44
G.Skill Trident Z Royal 16 GB,"4,4000","2,8",10.562,Gold,7.5,15.0,DDR4,4000,2,8,16,9802.0
TEAMGROUP T-Force Vulcanα 64 GB,"5,6000","2,32",2.586,Red,12.667,38.0,DDR5,6000,2,32,64,9598.42
Corsair Vengeance Performance 32 GB,"4,2666","2,16",3.875,Black / Yellow,13.503,18.0,DDR4,2666,2,16,32,7192.0
G.Skill Trident Z Neo 16 GB,"4,3200","2,8",7.75,Silver / Black,8.75,14.0,DDR4,3200,2,8,16,7192.0
Kingston Server Premier 16 GB,"4,3200","1,16",4.372,,13.75,22.0,DDR4,3200,1,16,16,4057.1000000000004
Crucial CT8G3S160BM 8 GB,"3,1600","1,8",2.174,Black / Green,13.75,11.0,DDR3,1600,1,8,8,1008.62
G.Skill Sniper 32 GB,"3,2133","4,8",3.84,Black / Red,9.376,10.0,DDR3,2133,4,8,32,7126.46
Crucial CT2KIT102472BD160B 16 GB,"3,1600","2,8",6.218,Black / Green,13.75,11.0,DDR3,1600,2,8,16,5770.42
G.Skill Ripjaws 16 GB,"4,2666","4,4",4.294,Red,11.253,15.0,DDR4,2666,4,4,16,3984.6000000000004
G.Skill Ripjaws V 16 GB,"4,3600","2,8",15.624,Black,8.889,16.0,DDR4,3600,2,8,16,14499.42
G.Skill Trident Z5 32 GB,"5,6000","2,16",3.062,Silver / Black,12.0,36.0,DDR5,6000,2,16,32,5683.42
G.Skill Sniper X 32 GB,"4,2400","4,8",2.348,Black / White,14.167,17.0,DDR4,2400,4,8,32,4358.700000000001
Kingston FURY Renegade Pro 128 GB,"5,6000","4,32",6.629,Black,10.667,32.0,DDR5,6000,4,32,128,49211.840000000004
G.Skill Ripjaws X 8 GB,"3,1333","1,8",3.154,Black / Red,13.503,9.0,DDR3,1333,1,8,8,1463.34
G.Skill Flare X 64 GB,"4,3200","4,16",3.773,Black,10.0,16.0,DDR4,3200,4,16,64,14005.84
Patriot Viper Elite II 32 GB,"4,3200","1,32",2.437,Red / Black,11.25,18.0,DDR4,3200,1,32,32,4522.84
Lenovo Total Micro 16 GB,"4,2666","1,16",,Black,14.254,19.0,DDR4,2666,1,16,16,2609.42
Kingston FURY Renegade 16 GB,"5,6400","1,16",6.058,Silver / White,10.0,32.0,DDR5,6400,1,16,16,5621.9400000000005
G.Skill Value 8 GB,"3,1600","2,4",2.975,Black,13.75,11.0,DDR3,1600,2,4,8,1380.4
G.Skill NT 16 GB,"4,2400","2,8",5.219,Black,12.5,15.0,DDR4,2400,2,8,16,4843.0
Corsair Vengeance LED 32 GB,"4,3333","2,16",8.105,Black,9.601,16.0,DDR4,3333,2,16,32,15042.880000000001
Patriot Viper Steel 16 GB,"4,3000","2,8",3.374,Silver / Black,10.667,16.0,DDR4,3000,2,8,16,3131.42
G.Skill Trident Z5 RGB 32 GB,"5,6600","2,16",5.331,White / Black,10.303,34.0,DDR5,6600,2,16,32,9894.8
Kingston FURY Renegade 16 GB,"5,6000","1,16",9.066,White / Silver,10.667,32.0,DDR5,6000,1,16,16,8412.900000000001
G.Skill Zeta R5 128 GB,"5,6000","8,16",12.777,Black / White,10.0,30.0,DDR5,6000,8,16,128,94854.94
G.Skill Ripjaws X 8 GB,"3,2133","2,4",6.492,Black / Blue,8.439,9.0,DDR3,2133,2,4,8,3012.52
G.Skill NT 8 GB,"4,2133","1,8",7.375,Black,14.065,15.0,DDR4,2133,1,8,8,3422.0
Corsair Vengeance RGB 32 GB,"4,3000","4,8",9.414,Black,10.0,15.0,DDR4,3000,4,8,32,17473.079999999998
Corsair Dominator Platinum RGB 16 GB,"4,3200","2,8",5.657,Black,10.0,16.0,DDR4,3200,2,8,16,5250.16
Thermaltake H-ONE 16 GB,"4,3200","2,8",4.49,Black / Silver,10.0,16.0,DDR4,3200,2,8,16,4166.72
Kingston FURY Beast RGB 16 GB,"5,4800","1,16",6.131,Black,15.833,38.0,DDR5,4800,1,16,16,5689.22
Kingston FURY Renegade 128 GB,"4,3200","4,32",2.969,Black,10.0,16.0,DDR4,3200,4,32,128,22039.420000000002
Patriot Viper Venom RGB 16 GB,"4,4000","2,8",18.085,Black,9.5,19.0,DDR4,4000,2,8,16,16782.88
Kingston Fury Renegade RGB 16 GB,"5,7200","1,16",6.812,Silver / Black,10.556,38.0,DDR5,7200,1,16,16,6322.0
Kingston FURY Renegade 16 GB,"5,6800","1,16",6.075,Silver / White,10.588,36.0,DDR5,6800,1,16,16,5637.6
Kingston FURY Beast RGB 16 GB,"5,6400","1,16",5.032,Black,10.0,32.0,DDR5,6400,1,16,16,4670.16
TEAMGROUP Elite 32 GB,"4,2666","2,16",2.156,Black,14.254,19.0,DDR4,2666,2,16,32,4000.84
Silicon Power SP008GLSTU160N02 8 GB,"3,1600","1,8",1.999,Green,13.75,11.0,DDR3,1600,1,8,8,927.42
Mushkin Redline 64 GB,"5,4800","2,32",2.344,Black,16.667,40.0,DDR5,4800,2,32,64,8699.42
G.Skill Ripjaws M5 RGB 64 GB,"5,6000","2,32",3.281,Black,10.667,32.0,DDR5,6000,2,32,64,12179.42
G.Skill Trident Z RGB 32 GB,"4,4133","4,8",14.031,Black,8.226,17.0,DDR4,4133,4,8,32,26042.0
G.Skill Trident Z 32 GB,"4,3200","2,16",4.656,Silver / Black,10.0,16.0,DDR4,3200,2,16,32,8642.0
G.Skill Ripjaws X 8 GB,"3,1600","1,8",3.147,Black / Red,12.5,10.0,DDR3,1600,1,8,8,1460.44
G.Skill Ripjaws X 16 GB,"3,2133","2,8",6.199,Black / Blue,9.376,10.0,DDR3,2133,2,8,16,5752.4400000000005
PNY NHS 8 GB,"3,1600","1,8",2.248,Black / Green,13.75,11.0,DDR3,1600,1,8,8,1042.84
Corsair Vengeance LPX 16 GB,"4,3600","2,8",5.598,Black / Yellow,11.111,20.0,DDR4,3600,2,8,16,5195.0599999999995
G.Skill Aegis 16 GB,"4,2400","1,16",3.732,Black / Red,14.167,17.0,DDR4,2400,1,16,16,3463.7599999999998
Kingston FURY Beast 8 GB,"4,3200","2,4",8.445,Black / Silver,10.0,16.0,DDR4,3200,2,4,8,3918.48
Patriot Viper Venom RGB 32 GB,"5,6600","2,16",6.305,Black / White,12.121,40.0,DDR5,6600,2,16,32,11701.5
G.Skill Ripjaws X 8 GB,"3,1333","2,4",3.408,Black / Red,13.503,9.0,DDR3,1333,2,4,8,1581.0800000000002
Patriot Signature 8 GB,"3,1600","1,8",15.321,Green,13.75,11.0,DDR3,1600,1,8,8,7109.0599999999995
G.Skill Sniper Gaming 16 GB,"3,1866","2,8",3.373,Black / Red,10.718,10.0,DDR3,1866,2,8,16,3129.68
Corsair Vengeance LED 16 GB,"4,2400","2,8",10.625,Black / White,13.333,16.0,DDR4,2400,2,8,16,9860.0
Thermaltake TOUGHRAM RGB 16 GB,"4,4400","2,8",9.612,Black / Silver,8.636,19.0,DDR4,4400,2,8,16,8919.82
Kingston ValueRAM 8 GB,"4,2666","1,8",3.304,Green,14.254,19.0,DDR4,2666,1,8,8,1532.94
Kingston FURY Renegade 64 GB,"4,3600","2,32",3.437,Black,10.0,18.0,DDR4,3600,2,32,64,12759.42
Corsair CMV4GX3M1A1333C9 4 GB,"3,1333","1,4",7.995,Black / Silver,13.503,9.0,DDR3,1333,1,4,4,1854.84
G.Skill F3-12800CL9D-4GBSQ 4 GB,"3,1600","2,2",5.41,Green,11.25,9.0,DDR3,1600,2,2,4,1255.1200000000001
Corsair Vengeance 8 GB,"3,1600","1,8",5.124,Black / Silver,11.25,9.0,DDR3,1600,1,8,8,2377.42
Corsair XMS3 4 GB,"3,1600","1,4",9.088,Black / White,13.75,11.0,DDR3,1600,1,4,4,2108.3
G.Skill Ripjaws 32 GB,"4,2400","4,8",2.51,Red,12.5,15.0,DDR4,2400,4,8,32,4657.9800000000005
Kingston D2G72M151 16 GB,"4,2133","1,16",12.474,Black / Green,14.065,15.0,DDR4,2133,1,16,16,11576.22
Micron MT16KTF1G64AZ-1G6E1 8 GB,"3,1600","1,8",3.095,Green,13.75,11.0,DDR3,1600,1,8,8,1436.0800000000002
Kingston Server Premier 16 GB,"4,3200","1,16",4.782,,13.75,22.0,DDR4,3200,1,16,16,4437.58
TEAMGROUP T-Force Xtreem ARGB 16 GB,"4,3200","2,8",17.483,White,8.75,14.0,DDR4,3200,2,8,16,16224.34
Patriot Signature Line 4 GB,"4,2666","1,4",,,14.254,19.0,DDR4,2666,1,4,4,926.84
Kingston KSM48R40BD8KMM-32HMR 32 GB,"5,4800","1,32",6.253,Green,16.667,40.0,DDR5,4800,1,32,32,11605.22
Kingston Fury Renegade RGB 16 GB,"5,7600","1,16",6.985,Silver / Black,10.0,38.0,DDR5,7600,1,16,16,6482.08
V-Color TRA548G64D832O 384 GB,"5,6400","8,48",8.151,Black,10.0,32.0,DDR5,6400,8,48,384,181539.41999999998
TEAMGROUP Elite 32 GB,"4,3200","1,32",2.387,Black,13.75,22.0,DDR4,3200,1,32,32,4429.46
Crucial CT2K8G4SFS8266 16 GB,"4,2666","2,8",2.343,Green / Black,14.254,19.0,DDR4,2666,2,8,16,2174.42
Crucial CT2K8G3S160BM 16 GB,"3,1600","2,8",1.778,Black / Green,13.75,11.0,DDR3,1600,2,8,16,1650.1
Crucial CT2K16G4SFD8213 32 GB,"4,2133","2,16",2.188,Black / Green,14.065,15.0,DDR4,2133,2,16,32,4060.0
G.Skill Trident Z Neo 16 GB,"4,3600","2,8",20.312,Black / Silver,7.778,14.0,DDR4,3600,2,8,16,18849.420000000002
Kingston ValueRAM 4 GB,"4,3200","1,4",5.25,,13.75,22.0,DDR4,3200,1,4,4,1218.0
Kingston FURY Beast RGB 32 GB,"5,6400","1,32",4.678,White,10.0,32.0,DDR5,6400,1,32,32,8683.18
Kingston KVR16R11D4/8I 8 GB,"3,1600","1,8",1.499,Green,13.75,11.0,DDR3,1600,1,8,8,695.42
TEAMGROUP T-Force Vulcan 32 GB,"5,6400","2,16",2.812,Red,12.5,40.0,DDR5,6400,2,16,32,5219.42
Corsair Dominator Platinum RGB 32 GB,"5,6200","2,16",5.093,Black,11.613,36.0,DDR5,6200,2,16,32,9453.42
Kingston Server Premier 16 GB,"4,2666","1,16",6.787,,14.254,19.0,DDR4,2666,1,16,16,6298.22
ADATA XPG SPECTRIX D50 32 GB,"4,3600","1,32",3.391,Black,10.0,18.0,DDR4,3600,1,32,32,6294.16
Kingston FURY Renegade Pro 16 GB,"5,6400","1,16",8.123,Black / Gray,10.0,32.0,DDR5,6400,1,16,16,7537.68
Kingston ValueRAM 16 GB,"4,2400","1,16",3.674,Black / Green,14.167,17.0,DDR4,2400,1,16,16,3409.2400000000002
Corsair Vengeance LPX 16 GB,"4,3000","4,4",7.719,Black / Yellow,10.667,16.0,DDR4,3000,4,4,16,7163.0
G.Skill Trident Z 16 GB,"4,3200","2,8",6.812,Black / White,9.375,15.0,DDR4,3200,2,8,16,6322.0
G.Skill Trident Z Neo 32 GB,"4,3200","4,8",9.344,Black / Silver,8.75,14.0,DDR4,3200,4,8,32,17342.0
G.Skill Trident Z5 RGB 32 GB,"5,5600","2,16",6.396,Silver / Black,12.857,36.0,DDR5,5600,2,16,32,11871.44
Corsair Vengeance RGB Pro SL 64 GB,"4,3200","4,16",4.39,Black,10.0,16.0,DDR4,3200,4,16,64,16297.42
Patriot Signature Line 16 GB,"4,2666","1,16",2.499,Black,14.254,19.0,DDR4,2666,1,16,16,2319.42
Timetec PINNACLE Konduit 32 GB,"4,3200","1,32",2.187,White,10.0,16.0,DDR4,3200,1,32,32,4059.4199999999996
G.Skill Ripjaws 4 GB,"3,1600","2,2",6.272,Black / Red,11.25,9.0,DDR3,1600,2,2,4,1455.22
Corsair XMS 64 GB,"3,1333","8,8",5.326,Black / Silver,13.503,9.0,DDR3,1333,8,8,64,19768.719999999998
Kingston KVR13N9K2/16 16 GB,"3,1333","2,8",6.219,Green,13.503,9.0,DDR3,1333,2,8,16,5771.0
G.Skill Ripjaws X 4 GB,"3,1600","1,4",4.445,,11.25,9.0,DDR3,1600,1,4,4,1031.24
Kingston KCP421NS8/8 8 GB,"4,2133","1,8",4.981,Black / Green,14.065,15.0,DDR4,2133,1,8,8,2311.3
G.Skill Trident Z 64 GB,"4,3200","8,8",13.705,Black / Yellow,10.0,16.0,DDR4,3200,8,8,64,50872.38
G.Skill Trident Z 16 GB,"4,3200","2,8",3.533,Silver / Black,10.0,16.0,DDR4,3200,2,8,16,3278.1600000000003
Crucial CT16G4XFD8266 16 GB,"4,2666","1,16",4.368,Green / Black,14.254,19.0,DDR4,2666,1,16,16,4053.62
Kingston Server Premier 32 GB,"4,3200","1,32",5.218,,13.75,22.0,DDR4,3200,1,32,32,9685.42
Mushkin Proline 32 GB,"4,3200","1,32",5.137,,13.75,22.0,DDR4,3200,1,32,32,9534.619999999999
G.Skill F4-3600C17Q2-128GTZSW 128 GB,"4,3600","8,16",3.88,Gray / White,9.444,17.0,DDR4,3600,8,16,128,28805.12
Thermaltake TOUGHRAM XG RGB 32 GB,"4,3600","2,16",9.375,Black / Silver,10.0,18.0,DDR4,3600,2,16,32,17399.420000000002
Thermaltake TOUGHRAM XG RGB 32 GB,"4,3600","2,16",9.531,White / Silver,10.0,18.0,DDR4,3600,2,16,32,17688.84
Kingston FURY Renegade 32 GB,"5,6400","1,32",4.395,Silver / Black,10.0,32.0,DDR5,6400,1,32,32,8157.700000000001
TEAMGROUP T-Force Vulcan 32 GB,"5,5600","2,16",2.75,Red,12.857,36.0,DDR5,5600,2,16,32,5103.42
Crucial CT8G56C46S5 8 GB,"5,5600","1,8",3.248,Black,16.429,46.0,DDR5,5600,1,8,8,1506.84
G.Skill Ripjaws 16 GB,"4,2666","2,8",2.499,Green,14.254,19.0,DDR4,2666,2,8,16,2319.42
Kingston FURY Beast RGB 32 GB,"5,6000","1,32",4.049,White,10.0,30.0,DDR5,6000,1,32,32,7515.64
TEAMGROUP Elite 16 GB,"4,2666","1,16",2.874,Black,14.254,19.0,DDR4,2666,1,16,16,2667.42
Corsair ValueSelect 4 GB,"4,2133","1,4",4.965,Black / Yellow,14.065,15.0,DDR4,2133,1,4,4,1151.8799999999999
G.Skill F4-3200C16D-32GTZ 32 GB,"4,3200","2,16",2.823,Gray / Red,10.0,16.0,DDR4,3200,2,16,32,5239.14
Silicon Power SP016GBLFU240X02 16 GB,"4,2400","1,16",2.26,,14.167,17.0,DDR4,2400,1,16,16,2097.2799999999997
Kingston FURY Renegade Pro 64 GB,"5,6000","4,16",8.047,Black,10.667,32.0,DDR5,6000,4,16,64,29870.0
GeIL EVO V RGB 32 GB,"5,8000","2,16",6.906,White,9.5,38.0,DDR5,8000,2,16,32,12817.42
Samsung M471A1K43BB1-CRC 8 GB,"4,2400","1,8",2.875,Green,14.167,17.0,DDR4,2400,1,8,8,1334.0
G.Skill Aegis 8 GB,"3,1600","1,8",4.481,,13.75,11.0,DDR3,1600,1,8,8,2079.3
Corsair Vengeance Performance 16 GB,"4,2400","1,16",3.937,Black / Yellow,13.333,16.0,DDR4,2400,1,16,16,3653.42
Corsair Dominator Platinum ROG Edition 32 GB,"4,3200","4,8",10.984,Black / Red,10.0,16.0,DDR4,3200,4,8,32,20386.420000000002
Corsair Dominator Platinum RGB 32 GB,"4,3600","4,8",5.468,Black,10.0,18.0,DDR4,3600,4,8,32,10149.42
TEAMGROUP Elite Plus 16 GB,"5,4800","1,16",2.874,Black,16.667,40.0,DDR5,4800,1,16,16,2667.42
Corsair CMV8GX3M2A1333C9 8 GB,"3,1333","2,4",4.889,Green,13.503,9.0,DDR3,1333,2,4,8,2268.38
Corsair CMV16GX3M2A1600C11 16 GB,"3,1600","2,8",4.971,Green,11.25,9.0,DDR3,1600,2,8,16,4613.320000000001
Silicon Power SP004GBLTU160N02 4 GB,"3,1600","1,4",3.257,Black / Green,13.75,11.0,DDR3,1600,1,4,4,755.74
G.Skill NT 8 GB,"4,2400","1,8",11.55,Black,12.5,15.0,DDR4,2400,1,8,8,5359.200000000001
Corsair Dominator Platinum RGB 16 GB,"4,3600","2,8",5.547,White,10.0,18.0,DDR4,3600,2,8,16,5147.5
Mushkin Proline 16 GB,"4,2133","1,16",3.835,,14.065,15.0,DDR4,2133,1,16,16,3558.88
Kingston KSM48R40BD4TMM-64HMR 64 GB,"5,4800","1,64",,Green,16.667,40.0,DDR5,4800,1,64,64,22039.420000000002
Kingston FURY Renegade 16 GB,"5,7600","1,16",6.624,Silver / Black,10.0,38.0,DDR5,7600,1,16,16,6146.84
Kingston FURY Renegade 32 GB,"5,7200","2,16",5.937,Silver / White,10.556,38.0,DDR5,7200,2,16,32,11019.42
Kingston FURY Renegade Pro 256 GB,"5,5600","8,32",6.125,Black,10.0,28.0,DDR5,5600,8,32,256,90944.0
Kingston FURY Beast RGB 16 GB,"5,6400","1,16",7.053,White,10.0,32.0,DDR5,6400,1,16,16,6545.299999999999
Kingston ValueRAM 2 GB,"2,667","2,1",19.41,Green,14.993,5.0,DDR2,667,2,1,2,2251.56
Patriot Viper Xtreme 6 GB,"3,2000","3,2",14.318,Black / Silver,9.0,9.0,DDR3,2000,3,2,6,4982.78
G.Skill Ripjaws X 8 GB,"3,1866","2,4",5.669,Black / Red,9.646,9.0,DDR3,1866,2,4,8,2630.3
Crucial CT2K4G4DFS8213 8 GB,"4,2133","2,4",8.748,Black / Green,14.065,15.0,DDR4,2133,2,4,8,4058.84
Kingston KVR16N11S8K2/8 8 GB,"3,1600","2,4",4.375,Green,13.75,11.0,DDR3,1600,2,4,8,2030.0
Kingston Savage 16 GB,"4,3000","2,8",24.312,Black,10.0,15.0,DDR4,3000,2,8,16,22562.0
Corsair Vengeance LED 64 GB,"4,2666","4,16",7.806,Black / Red,12.003,16.0,DDR4,2666,4,16,64,28977.38
Patriot Signature Line 8 GB,"4,2400","1,8",3.374,Green / Black,14.167,17.0,DDR4,2400,1,8,8,1565.4199999999998
Crucial CT2K8G4RFS424A 16 GB,"4,2400","2,8",7.499,Green / Black,14.167,17.0,DDR4,2400,2,8,16,6959.42
G.Skill Trident Z Royal 16 GB,"4,4400","2,8",17.438,Gold,8.182,18.0,DDR4,4400,2,8,16,16182.0
G.Skill Trident Z Royal 64 GB,"4,4000","2,32",4.048,Silver,9.0,18.0,DDR4,4000,2,32,64,15027.800000000001
Kingston FURY Beast 32 GB,"5,4800","1,32",6.64,Black,15.833,38.0,DDR5,4800,1,32,32,12324.42
Kingston Fury Renegade RGB 8 GB,"4,3600","1,8",7.874,Black,8.889,16.0,DDR4,3600,1,8,8,3653.42
Kingston ValueRAM 8 GB,"4,2666","1,8",4.394,Green,14.254,19.0,DDR4,2666,1,8,8,2038.6999999999998
Kingston FURY Impact 16 GB,"5,4800","2,8",4.546,Black,15.833,38.0,DDR5,4800,2,8,16,4218.34
Kingston FURY Renegade Pro 256 GB,"5,4800","8,32",5.566,Black,15.0,36.0,DDR5,4800,8,32,256,82650.0
G.Skill Ripjaws 32 GB,"4,2400","2,16",2.406,Black / Blue,13.333,16.0,DDR4,2400,2,16,32,4464.84
Crucial CT16G4SFD824A 16 GB,"4,2400","1,16",2.123,Black / Green,14.167,17.0,DDR4,2400,1,16,16,1970.26
Corsair Vengeance Performance 16 GB,"4,2400","2,8",4.186,Black,13.333,16.0,DDR4,2400,2,8,16,3884.84
HP 647901-B21 16 GB,"3,1333","1,16",1.75,Black / Green,13.503,9.0,DDR3,1333,1,16,16,1624.0
Crucial CT16G4SFD8266 16 GB,"4,2666","1,16",2.218,Green / Black,14.254,19.0,DDR4,2666,1,16,16,2058.42
Patriot Signature Line 4 GB,"3,1600","1,4",4.188,Black / Green,13.75,11.0,DDR3,1600,1,4,4,971.5
G.Skill Ripjaws V 16 GB,"4,3200","2,8",8.062,Black,10.0,16.0,DDR4,3200,2,8,16,7482.0
Corsair Dominator Platinum RGB 32 GB,"4,4000","2,16",4.928,Black,9.0,18.0,DDR4,4000,2,16,32,9147.18
Mushkin Proline 16 GB,"4,2666","1,16",2.97,,14.254,19.0,DDR4,2666,1,16,16,2756.1600000000003
Kingston FURY Renegade Pro 128 GB,"5,5600","4,32",5.82,Black,12.857,36.0,DDR5,5600,4,32,128,43210.0
G.Skill Sniper X 32 GB,"4,3200","2,16",3.305,Black / Camo,10.0,16.0,DDR4,3200,2,16,32,6133.5
G.Skill Trident Z5 RGB 32 GB,"5,6000","2,16",7.163,White / Black,10.667,32.0,DDR5,6000,2,16,32,13294.18
OCZ Fatal1ty Edition 4 GB,"2,800","2,2",29.99,Black,12.5,5.0,DDR2,800,2,2,4,6957.679999999999
G.Skill Ares 8 GB,"3,1600","2,4",7.499,Black / Blue,11.25,9.0,DDR3,1600,2,4,8,3479.42
Crucial CT16G4RFD8266 16 GB,"4,2666","1,16",2.622,Green / Black,14.254,19.0,DDR4,2666,1,16,16,2433.1000000000004
Kingston FURY Renegade Pro 64 GB,"5,5600","4,16",6.875,Black,10.0,28.0,DDR5,5600,4,16,64,25520.0
Kingston ValueRAM 48 GB,"3,1600","3,16",1.562,Black / Green,13.75,11.0,DDR3,1600,3,16,48,4348.84
Samsung M393B5170FH0-CH9 4 GB,"3,1333","1,4",2.942,Black / Green,13.503,9.0,DDR3,1333,1,4,4,682.66
G.Skill Trident Z RGB 128 GB,"4,3600","4,32",3.585,Black,8.889,16.0,DDR4,3600,4,32,128,26612.14
Kingston HyperX 8 GB,"3,1600","2,4",15.565,Blue / Silver,11.25,9.0,DDR3,1600,2,4,8,7222.16
G.Skill Ares 16 GB,"3,1600","4,4",4.053,Black / Orange,11.25,9.0,DDR3,1600,4,4,16,3760.7200000000003
G.Skill Ares 16 GB,"3,1600","2,8",3.326,Black / Red,11.25,9.0,DDR3,1600,2,8,16,3086.7599999999998
Kingston KVR21N15D8/8 8 GB,"4,2133","1,8",6.25,Black / Green,14.065,15.0,DDR4,2133,1,8,8,2900.0
Patriot Viper 4 16 GB,"4,2400","2,8",5.156,Black / Red,12.5,15.0,DDR4,2400,2,8,16,4784.42
PNY XLR8 Gaming EPIC-X RGB 16 GB,"4,4000","2,8",5.374,Black,9.0,18.0,DDR4,4000,2,8,16,4987.42
PNY XLR8 Gaming EPIC-X RGB 32 GB,"4,3200","2,16",,White,10.0,16.0,DDR4,3200,2,16,32,8119.42
Kingston FURY Impact 8 GB,"4,3200","1,8",5.343,Black,12.5,20.0,DDR4,3200,1,8,8,2478.92
Kingston FURY Renegade 32 GB,"5,7600","2,16",6.358,Silver / White,10.0,38.0,DDR5,7600,2,16,32,11801.26
G.Skill Ares 16 GB,"3,2133","2,8",6.189,Black / Blue,9.376,10.0,DDR3,2133,2,8,16,5743.16
Transcend JetRam 8 GB,"3,1600","1,8",5.763,Black / Green,13.75,11.0,DDR3,1600,1,8,8,2673.8
Silicon Power SP008GBLTU160N02 8 GB,"3,1600","1,8",2.475,Black / Green,13.75,11.0,DDR3,1600,1,8,8,1148.4
Mushkin Essentials 8 GB,"4,2133","2,4",3.554,Black / Green,14.065,15.0,DDR4,2133,2,4,8,1648.94
Kingston ValueRAM 4 GB,"4,2133","1,4",7.497,Black / Green,14.065,15.0,DDR4,2133,1,4,4,1739.4199999999998
Kingston KCP316ND8/8 8 GB,"3,1600","1,8",2.498,Black / Green,13.75,11.0,DDR3,1600,1,8,8,1158.84
Crucial CT4K16G4DFD8266 64 GB,"4,2666","4,16",4.118,Green,14.254,19.0,DDR4,2666,4,16,64,15285.900000000001
Corsair Vengeance RGB 16 GB,"4,3200","2,8",8.516,Black,10.0,16.0,DDR4,3200,2,8,16,7902.5
Samsung M393A1G40EB1-CRC 8 GB,"4,2400","1,8",2.203,Green / Black,14.167,17.0,DDR4,2400,1,8,8,1021.96
Crucial CT16G4WFD8266 16 GB,"4,2666","1,16",5.486,Green,14.254,19.0,DDR4,2666,1,16,16,5090.66
Crucial Ballistix Sport AT 16 GB,"4,2666","1,16",5.624,Silver / Black,12.003,16.0,DDR4,2666,1,16,16,5219.42
Crucial CT4K8G4DFD824A 32 GB,"4,2400","4,8",4.027,Green / Black,14.167,17.0,DDR4,2400,4,8,32,7475.04
Kingston Fury Renegade RGB 32 GB,"4,3200","1,32",3.406,Black / Silver,10.0,16.0,DDR4,3200,1,32,32,6321.42
Kingston FURY Renegade 8 GB,"4,3600","1,8",14.699,Black,8.889,16.0,DDR4,3600,1,8,8,6820.22
Patriot Viper Elite II 8 GB,"4,2666","1,8",,Red / Black,12.003,16.0,DDR4,2666,1,8,8,1678.52
Patriot Viper Elite II 8 GB,"4,4000","1,8",,Red / Black,10.0,20.0,DDR4,4000,1,8,8,1910.52
G.Skill Ripjaws V 256 GB,"4,2666","8,32",3.001,Red,14.254,19.0,DDR4,2666,8,32,256,44555.020000000004
Corsair Vengeance RGB Pro SL 16 GB,"4,4000","2,8",6.124,Black,9.0,18.0,DDR4,4000,2,8,16,5683.42
Kingston FURY Renegade 16 GB,"5,7200","1,16",5.011,Silver / Black,10.556,38.0,DDR5,7200,1,16,16,4650.4400000000005
Kingston FURY Renegade 16 GB,"5,6800","1,16",4.829,Silver / Black,10.588,36.0,DDR5,6800,1,16,16,4481.66
Kingston FURY 16 GB,"5,5600","1,16",7.159,White,14.286,40.0,DDR5,5600,1,16,16,6643.9
G.Skill Ripjaws S5 48 GB,"5,5600","2,24",4.66,Black,14.286,40.0,DDR5,5600,2,24,48,12973.44
Mushkin Essentials 64 GB,"4,3200","2,32",4.495,Green / Black,13.75,22.0,DDR4,3200,2,32,64,16685.44
Crucial CT8G4SFS8266 8 GB,"4,2666","1,8",2.486,Green / Black,14.254,19.0,DDR4,2666,1,8,8,1153.6200000000001
Crucial CT2K32G4SFD8266 64 GB,"4,2666","2,32",3.381,Green / Black,14.254,19.0,DDR4,2666,2,32,64,12550.039999999999
Lexar LD4AS016G-B3200GSST 16 GB,"4,3200","1,16",5.143,Black,13.75,22.0,DDR4,3200,1,16,16,4772.24
Crucial CT32G4RFD4213 32 GB,"4,2133","1,32",1.843,Green / Black,14.065,15.0,DDR4,2133,1,32,32,3420.8399999999997
Mushkin Redline 96 GB,"5,4800","2,48",2.344,Black,16.667,40.0,DDR5,4800,2,48,96,13049.42
Crucial CT2K8G4DFD824A 16 GB,"4,2400","2,8",2.438,Green,14.167,17.0,DDR4,2400,2,8,16,2262.0
Kingston FURY Renegade Pro 64 GB,"5,4800","4,16",6.797,Black,15.0,36.0,DDR5,4800,4,16,64,25230.0
G.Skill Ares 32 GB,"3,2133","4,8",3.961,Black / Red,10.314,11.0,DDR3,2133,4,8,32,7351.5
Corsair ValueSelect 8 GB,"4,2133","1,8",4.584,Black / Yellow,14.065,15.0,DDR4,2133,1,8,8,2126.86
Kingston Fury Renegade RGB 32 GB,"4,3600","1,32",3.623,Black,10.0,18.0,DDR4,3600,1,32,32,6723.9400000000005
Mushkin Proline 8 GB,"4,2400","1,8",3.756,,14.167,17.0,DDR4,2400,1,8,8,1742.9
IBM 00D4968 16 GB,"3,1600","1,16",4.686,Black / Green,13.75,11.0,DDR3,1600,1,16,16,4348.84
Lexar Hades RGB 16 GB,"4,3600","2,8",4.374,Black,10.0,18.0,DDR4,3600,2,8,16,4058.84
Patriot Signature Line 4 GB,"4,2400","1,4",3.248,,15.833,19.0,DDR4,2400,1,4,4,753.42
Kingston FURY Renegade 16 GB,"5,6400","1,16",5.374,White / Silver,10.0,32.0,DDR5,6400,1,16,16,4987.42
Corsair Vengeance 4 GB,"3,1600","1,4",8.995,Black / Silver,11.25,9.0,DDR3,1600,1,4,4,2086.8399999999997
Mushkin Essentials 8 GB,"3,1600","2,4",3.059,Green,13.75,11.0,DDR3,1600,2,4,8,1419.26
G.Skill Ares 16 GB,"3,1600","2,8",2.673,Black / Orange,12.5,10.0,DDR3,1600,2,8,16,2480.6600000000003
G.Skill Trident X 8 GB,"3,2400","2,4",7.447,Black / Red,8.333,10.0,DDR3,2400,2,4,8,3455.64
Kingston KVR16LS11/8 8 GB,"3,1600","1,8",2.954,Green,13.75,11.0,DDR3,1600,1,8,8,1370.54
G.Skill Aegis 32 GB,"4,2133","4,8",3.469,Black / Red,14.065,15.0,DDR4,2133,4,8,32,6438.58
Crucial CT4K8G4DFS8213 32 GB,"4,2133","4,8",4.969,Black / Green,14.065,15.0,DDR4,2133,4,8,32,9222.0
Thermaltake TOUGHRAM XG RGB 16 GB,"4,3600","2,8",9.686,Black / Silver,10.0,18.0,DDR4,3600,2,8,16,8988.84
Kingston FURY Renegade 32 GB,"5,6000","2,16",8.124,White / Silver,10.667,32.0,DDR5,6000,2,16,32,15078.84
Crucial CT2K32G4DFD8266 64 GB,"4,2666","2,32",2.797,Green,14.254,19.0,DDR4,2666,2,32,64,10382.0
Kingston FURY Renegade Pro 32 GB,"5,6000","1,32",6.372,Black,10.667,32.0,DDR5,6000,1,32,32,11826.2
Kingston FURY Renegade Pro 32 GB,"5,6400","1,32",7.548,Black,10.0,32.0,DDR5,6400,1,32,32,14009.900000000001
Kingston FURY Renegade Pro 64 GB,"5,5600","4,16",6.39,Black,12.857,36.0,DDR5,5600,4,16,64,23719.1
TEAMGROUP T-Force Vulcan 64 GB,"5,5600","2,32",2.656,Black,13.571,38.0,DDR5,5600,2,32,64,9859.42
Kingston ValueRAM 2 GB,"2,800","1,2",9.625,Green,12.5,5.0,DDR2,800,1,2,2,1116.5
Kingston HyperX 16 GB,"3,1600","4,4",17.306,Blue / Silver,11.25,9.0,DDR3,1600,4,4,16,16059.619999999999
Patriot Viper Xtreme 4 GB,"3,2000","2,2",16.745,Black / Silver,9.0,9.0,DDR3,2000,2,2,4,3884.84
Kingston KVR1333D3N9K2/8G 8 GB,"3,1333","2,4",6.188,Green,13.503,9.0,DDR3,1333,2,4,8,2871.0
Kingston KVR1333D3S8N9/2G 2 GB,"3,1333","1,2",12.21,Green,13.503,9.0,DDR3,1333,1,2,2,1416.3600000000001
G.Skill Ripjaws Z 32 GB,"3,1600","8,4",4.049,Black / Red,11.25,9.0,DDR3,1600,8,4,32,7515.0599999999995
G.Skill Ares 8 GB,"3,1600","2,4",4.396,Black / Orange,11.25,9.0,DDR3,1600,2,4,8,2039.8600000000001
G.Skill Ripjaws X 8 GB,"3,2400","2,4",13.375,,9.167,11.0,DDR3,2400,2,4,8,6206.0
VisionTek Adrenaline 4 GB,"2,800","1,4",,Green,15.0,6.0,DDR2,800,1,4,4,7655.42
G.Skill Aegis 16 GB,"3,1333","2,8",4.312,,13.503,9.0,DDR3,1333,2,8,16,4002.0
Kingston KVR16N11S6/2 2 GB,"3,1600","1,2",48.13,Black / Green,13.75,11.0,DDR3,1600,1,2,2,5583.08
Mushkin Essentials 32 GB,"4,2133","2,16",4.012,Black / Green,14.065,15.0,DDR4,2133,2,16,32,7446.04
G.Skill NT 16 GB,"4,2400","2,8",4.872,,14.167,17.0,DDR4,2400,2,8,16,4521.1
Crucial CT8G4WFS824A 8 GB,"4,2400","1,8",13.303,Green,14.167,17.0,DDR4,2400,1,8,8,6172.36
Crucial CT16G4TFD8266 16 GB,"4,2666","1,16",5.624,Green / Black,14.254,19.0,DDR4,2666,1,16,16,5219.42
Mushkin Silverline 32 GB,"4,3200","1,32",3.562,Silver,13.75,22.0,DDR4,3200,1,32,32,6611.42
Thermaltake TOUGHRAM XG RGB 64 GB,"4,3600","2,32",8.515,White / Silver,10.0,18.0,DDR4,3600,2,32,64,31608.84
Corsair WS 64 GB,"5,5600","4,16",7.875,Black / Green,14.286,40.0,DDR5,5600,4,16,64,29231.420000000002
Kingston FURY Renegade Pro 256 GB,"5,5600","8,32",5.875,Black,12.857,36.0,DDR5,5600,8,32,256,87232.0
TEAMGROUP Xtreem ARGB 32 GB,"5,6400","2,16",3.75,White,10.0,32.0,DDR5,6400,2,16,32,6959.42
Kingston FURY 32 GB,"5,5200","1,32",3.193,White,15.385,40.0,DDR5,5200,1,32,32,5926.4400000000005
Kingston ValueRAM 16 GB,"4,3200","1,16",4.605,,13.75,22.0,DDR4,3200,1,16,16,4273.4400000000005
G.Skill Ripjaws 16 GB,"4,2400","2,8",2.638,Black,13.333,16.0,DDR4,2400,2,8,16,2447.6000000000004
Mushkin Redline 16 GB,"4,3200","2,8",2.297,,13.75,22.0,DDR4,3200,2,8,16,2132.08
Crucial CT16G4RFD424A 16 GB,"4,2400","1,16",2.437,Green / Black,14.167,17.0,DDR4,2400,1,16,16,2261.42
Patriot Viper Steel 16 GB,"4,2400","1,16",2.437,Black,15.0,18.0,DDR4,2400,1,16,16,2261.42
Kingston FURY Impact 32 GB,"4,2666","1,32",6.323,Black,12.003,16.0,DDR4,2666,1,32,32,11735.140000000001
TEAMGROUP T-Create Master 64 GB,"5,6400","4,16",7.047,Black,10.0,32.0,DDR5,6400,4,16,64,26157.420000000002
G.Skill Ares 8 GB,"3,2400","2,4",4.911,Black / Blue,9.167,11.0,DDR3,2400,2,4,8,2278.82
G.Skill Ripjaws Z 16 GB,"3,2133","4,4",4.576,,9.376,10.0,DDR3,2133,4,4,16,4246.76
G.Skill Aegis 16 GB,"4,2133","4,4",4.274,Black / Red,14.065,15.0,DDR4,2133,4,4,16,3966.62
VisionTek 900848 16 GB,"3,1600","1,16",9.69,Green / Black,13.75,11.0,DDR3,1600,1,16,16,8992.32
Mushkin Redline 16 GB,"4,3600","2,8",3.603,White,8.889,16.0,DDR4,3600,2,8,16,3343.7
Mushkin Redline Lumina 16 GB,"4,2666","2,8",4.436,Black,12.003,16.0,DDR4,2666,2,8,16,4116.84
Kingston ValueRAM 1 GB,"2,800","1,1",30.36,Green,12.5,5.0,DDR2,800,1,1,1,1760.8799999999999
G.Skill Ripjaws X 16 GB,"3,1866","4,4",7.626,Black / Red,9.646,9.0,DDR3,1866,4,4,16,7077.16
Crucial CT32G3ELSDQ4186D 32 GB,"3,1866","1,32",1.843,Blue / Silver,11.79,11.0,DDR3,1866,1,32,32,3421.42
Kingston KVR16E11S8/4 4 GB,"3,1600","1,4",7.228,Green,13.75,11.0,DDR3,1600,1,4,4,1676.78
Corsair Vengeance Performance 8 GB,"4,2400","1,8",4.249,Black / Yellow,13.333,16.0,DDR4,2400,1,8,8,1971.42
G.Skill Trident Z 16 GB,"4,4266","2,8",9.312,Silver / Red,8.908,19.0,DDR4,4266,2,8,16,8642.0
G.Skill Trident Z Royal 64 GB,"4,2666","2,32",3.891,Silver,13.503,18.0,DDR4,2666,2,32,64,14442.0
G.Skill Ripjaws V 64 GB,"4,4000","8,8",8.891,Black,7.5,15.0,DDR4,4000,8,8,64,33002.0
V-Color TRA548G64D832Q 192 GB,"5,6400","4,48",6.771,White,10.0,32.0,DDR5,6400,4,48,192,75399.42
G.Skill Zeta R5 Neo 64 GB,"5,6000","4,16",11.928,Black,10.0,30.0,DDR5,6000,4,16,64,44276.62
Corsair XMS2 4 GB,"2,800","2,2",26.25,Black / White,12.5,5.0,DDR2,800,2,2,4,6090.0
Corsair XMS2 2 GB,"2,800","2,1",14.975,Black / White,12.5,5.0,DDR2,800,2,1,2,1737.1
Crucial CT25664BA1067 2 GB,"3,1066","1,2",9.99,Green,13.133,7.0,DDR3,1066,1,2,2,1158.84
Patriot Extreme Performance 4 GB,"2,800","2,2",23.293,Black / Green,12.5,5.0,DDR2,800,2,2,4,5403.86
"Patriot Viper Xtreme Series, Division 2 4 GB","3,1600","2,2",13.08,Black / Silver,10.0,8.0,DDR3,1600,2,2,4,3034.56
Kingston KVR1333D3N9K3/12G 12 GB,"3,1333","3,4",7.499,Green,13.503,9.0,DDR3,1333,3,4,12,5219.42
Patriot Signature 4 GB,"3,1333","1,4",22.1,Green,13.503,9.0,DDR3,1333,1,4,4,5127.200000000001
Kingston Value 1 GB,"2,400","1,1",22.99,Green,15.0,3.0,DDR2,400,1,1,1,1333.4199999999998
G.Skill Ripjaws Z 32 GB,"3,2133","8,4",6.125,Black / Blue,8.439,9.0,DDR3,2133,8,4,32,11368.58
Mushkin Essentials 4 GB,"3,1600","2,2",6.635,Green,13.75,11.0,DDR3,1600,2,2,4,1539.32
Kingston KHX1600C9D3LK2/8GX 8 GB,"3,1600","2,4",6.249,Green / Silver,11.25,9.0,DDR3,1600,2,4,8,2899.42
G.Skill Ripjaws X 8 GB,"3,1600","1,8",3.422,Black / Blue,11.25,9.0,DDR3,1600,1,8,8,1588.04
"Patriot Viper Xtreme Series, Division 4 16 GB","3,2133","4,4",13.75,Black / Silver,10.314,11.0,DDR3,2133,4,4,16,12760.0
G.Skill NS 4 GB,"3,1333","1,4",4.848,Black,13.503,9.0,DDR3,1333,1,4,4,1124.6200000000001
G.Skill AEGIS 4GB 4 GB,"3,1600","1,4",5.105,,13.75,11.0,DDR3,1600,1,4,4,1184.3600000000001
Crucial CT2K2G3S1067M 4 GB,"3,1066","2,2",8.998,Black / Green,13.133,7.0,DDR3,1066,2,2,4,2087.42
G.Skill Value 16 GB,"4,2133","4,4",4.264,Black,14.065,15.0,DDR4,2133,4,4,16,3956.7599999999998
Crucial CT4G4RFS8213 4 GB,"4,2133","1,4",12.498,Black / Green,14.065,15.0,DDR4,2133,1,4,4,2899.42
Kingston KVR1333D3N9K4/32G 32 GB,"3,1333","4,8",4.597,Green,13.503,9.0,DDR3,1333,4,8,32,8531.8
Crucial CT2K102464BF186D 16 GB,"3,1866","2,8",1.792,Black / Green,13.934,13.0,DDR3,1866,2,8,16,1663.44
Kingston KCP313NS8/4 4 GB,"3,1333","1,4",7.418,Black / Green,13.503,9.0,DDR3,1333,1,4,4,1720.8600000000001
G.Skill Trident Z RGB 32 GB,"4,4000","4,8",10.906,Black,8.5,17.0,DDR4,4000,4,8,32,20242.0
G.Skill Trident Z Royal 16 GB,"4,3600","2,8",13.062,Silver,8.889,16.0,DDR4,3600,2,8,16,12122.0
G.Skill Trident Z 16 GB,"4,4133","2,8",9.312,Silver / Red,9.194,19.0,DDR4,4133,2,8,16,8642.0
Mushkin Redline 16 GB,"4,3200","2,8",4.486,Red / Silver,10.0,16.0,DDR4,3200,2,8,16,4163.24
Antec Katana RGB 16 GB,"4,3200","2,8",6.254,Black,10.0,16.0,DDR4,3200,2,8,16,5804.0599999999995
TEAMGROUP T-Force Xtreem ARGB 16 GB,"4,3200","2,8",6.133,White,10.0,16.0,DDR4,3200,2,8,16,5690.96
Kingston ValueRAM 16 GB,"5,4800","2,8",4.372,,16.667,40.0,DDR5,4800,2,8,16,4057.1000000000004
Mushkin Redline Lumina 32 GB,"4,3600","2,16",4.709,White,10.0,18.0,DDR4,3600,2,16,32,8739.44
Mushkin Redline Lumina 16 GB,"4,3600","2,8",3.586,White,10.0,18.0,DDR4,3600,2,8,16,3327.46
G.Skill Trident Z RGB 64 GB,"4,3600","8,8",10.609,,8.889,16.0,DDR4,3600,8,8,64,39382.0
G.Skill F4-3600C16Q2-64GTZKK 64 GB,"4,3600","8,8",6.653,Black,8.889,16.0,DDR4,3600,8,8,64,24696.98
Thermaltake TOUGHRAM XG RGB 16 GB,"4,4000","2,8",10.936,Black / Silver,9.5,19.0,DDR4,4000,2,8,16,10148.84
G.Skill Zeta R5 64 GB,"5,6400","4,16",9.706,Black / White,10.0,32.0,DDR5,6400,4,16,64,36030.18
G.Skill Ripjaws S5 48 GB,"5,6000","2,24",4.235,Black,13.333,40.0,DDR5,6000,2,24,48,11790.24
Samsung M393B1G70BH0-CK0 8 GB,"3,1600","1,8",3.249,Green,13.75,11.0,DDR3,1600,1,8,8,1507.4199999999998
Silicon Power SP064GBLVU560FD2AD 64 GB,"5,5600","2,32",2.925,Black,16.429,46.0,DDR5,5600,2,32,64,10859.34
V-Color TRA548G68D834Q 192 GB,"5,6800","4,48",8.698,White,10.0,34.0,DDR5,6800,4,48,192,96859.42
Kingston FURY Renegade 16 GB,"5,7600","1,16",6.624,Silver / White,10.0,38.0,DDR5,7600,1,16,16,6146.84
Corsair WS 128 GB,"5,5600","4,32",7.367,Black / Green,14.286,40.0,DDR5,5600,4,32,128,54693.42
Corsair WS 256 GB,"5,5600","8,32",,Black / Green,14.286,40.0,DDR5,5600,8,32,256,103761.42
Kingston FURY Renegade Pro 128 GB,"5,6400","4,32",8.086,Black,10.0,32.0,DDR5,6400,4,32,128,60030.0
Kingston FURY Renegade Pro 128 GB,"5,5600","8,16",11.55,Black,10.0,28.0,DDR5,5600,8,16,128,85747.20000000001
Kingston FURY Renegade Pro 256 GB,"5,6400","8,32",7.199,Black,10.0,32.0,DDR5,6400,8,32,256,106894.0
Mushkin Redline 64 GB,"4,3200","2,32",3.83,,13.75,22.0,DDR4,3200,2,32,64,14216.960000000001
Kingston FURY Impact 32 GB,"4,3200","1,32",2.188,Black,12.5,20.0,DDR4,3200,1,32,32,4060.0
Kingston ValueRAM 32 GB,"4,3200","1,32",4.045,,13.75,22.0,DDR4,3200,1,32,32,7507.5199999999995
Crucial CT2K16G4SFD8266 32 GB,"4,2666","2,16",2.656,Green / Black,14.254,19.0,DDR4,2666,2,16,32,4930.0
Corsair ValueSelect 16 GB,"4,2133","2,8",4.311,Black / Yellow,14.065,15.0,DDR4,2133,2,8,16,4000.84
Mushkin Redline 96 GB,"5,5600","2,48",2.5,Black,16.429,46.0,DDR5,5600,2,48,96,13919.42
Kingston FURY Impact 8 GB,"5,4800","1,8",4.749,Black,15.833,38.0,DDR5,4800,1,8,8,2203.42
Kingston FURY Impact 16 GB,"5,4800","1,16",3.389,Black,15.833,38.0,DDR5,4800,1,16,16,3145.3399999999997
Samsung M393B2G70DB0-CMA 16 GB,"3,1866","1,16",2.112,Black / Green,13.934,13.0,DDR3,1866,1,16,16,1959.82
Mushkin Redline 16 GB,"4,2666","2,8",2.374,,12.003,16.0,DDR4,2666,2,8,16,2203.42
Corsair Vengeance 16 GB,"3,1600","2,8",5.562,Black / Silver,11.25,9.0,DDR3,1600,2,8,16,5161.42
Crucial CT2KIT102464BF160B 16 GB,"3,1600","2,8",1.562,Green,13.75,11.0,DDR3,1600,2,8,16,1450.0
G.Skill Ripjaws 32 GB,"5,4800","2,16",2.5,Black / Silver,16.667,40.0,DDR5,4800,2,16,32,4639.42
Mushkin MES4S213FF8G18 8 GB,"4,2133","1,8",2.451,,14.065,15.0,DDR4,2133,1,8,8,1137.3799999999999
Corsair Vengeance Performance 8 GB,"4,2666","1,8",5.497,Black / Yellow,13.503,18.0,DDR4,2666,1,8,8,2550.8399999999997
G.Skill Ripjaws V 16 GB,"4,2666","2,8",10.309,Blue,11.253,15.0,DDR4,2666,2,8,16,9567.099999999999
Kingston KCP424SD8/16 16 GB,"4,2400","1,16",2.624,Green / Black,14.167,17.0,DDR4,2400,1,16,16,2435.42
Kingston ValueRAM 16 GB,"4,2400","1,16",3.674,Green / Black,14.167,17.0,DDR4,2400,1,16,16,3409.2400000000002
G.Skill Trident Z Neo 32 GB,"4,3000","2,16",2.895,Silver / Black,10.667,16.0,DDR4,3000,2,16,32,5373.12
Mushkin Proline 32 GB,"4,2933","1,32",2.668,,15.002,22.0,DDR4,2933,1,32,32,4951.46
Corsair XMS2 2 GB,"2,800","2,1",37.475,Black / Purple,10.0,4.0,DDR2,800,2,1,2,4347.1
G.Skill Ripjaws 4 GB,"3,1333","1,4",4.29,Black / Red,13.503,9.0,DDR3,1333,1,4,4,995.28
Patriot Viper Xtreme Division 4 8 GB,"3,1866","4,2",18.75,Black / Silver,9.646,9.0,DDR3,1866,4,2,8,8700.0
Corsair Vengeance 8 GB,"3,2133","2,4",11.158,Black / Red,8.439,9.0,DDR3,2133,2,4,8,5177.08
AMD RG2133 Gamer 16 GB,"3,2133","4,4",12.911,,9.376,10.0,DDR3,2133,4,4,16,11981.640000000001
Kingston ValueRAM 16 GB,"4,2133","1,16",3.749,Green,14.065,15.0,DDR4,2133,1,16,16,3479.42
Kingston Server Premier 8 GB,"4,2666","1,8",,,14.254,19.0,DDR4,2666,1,8,8,4059.4199999999996
Kingston Server Premier 8 GB,"4,3200","1,8",7.015,,13.75,22.0,DDR4,3200,1,8,8,3254.96
Mushkin Redline 32 GB,"4,2933","2,16",4.489,,11.592,17.0,DDR4,2933,2,16,32,8332.28
Mushkin Redline Lumina 16 GB,"4,4133","2,8",4.168,Black,9.194,19.0,DDR4,4133,2,8,16,3868.02
Silicon Power SP032GBLVU560F22 32 GB,"5,5600","2,16",3.408,Black,16.429,46.0,DDR5,5600,2,16,32,6325.4800000000005
Corsair WS 64 GB,"5,6400","4,16",8.781,Black,10.0,32.0,DDR5,6400,4,16,64,32595.420000000002
TEAMGROUP T-Create Classic 64 GB,"5,5600","2,32",2.812,Black,16.429,46.0,DDR5,5600,2,32,64,10439.42
V-Color TRA532G60S432Q 128 GB,"5,6000","4,32",6.75,White,10.667,32.0,DDR5,6000,4,32,128,50111.42
Kingston Fury Renegade RGB 32 GB,"5,6400","1,32",5.903,Silver / White,10.0,32.0,DDR5,6400,1,32,32,10956.78
Kingston FURY Renegade Pro 32 GB,"5,6400","1,32",7.191,Black,10.0,32.0,DDR5,6400,1,32,32,13346.380000000001
Kingston FURY Renegade Pro 32 GB,"5,6800","1,32",8.898,Black,10.0,34.0,DDR5,6800,1,32,32,16513.760000000002
Corsair XMS2 2 GB,"2,800","2,1",47.45,Black / Purple,10.0,4.0,DDR2,800,2,1,2,5504.200000000001
Corsair XMS2 4 GB,"2,800","2,2",12.693,Black / Blue,12.5,5.0,DDR2,800,2,2,4,2944.6600000000003
Crucial CT2KIT12864AA800 2 GB,"2,800","2,1",12.495,Green,15.0,6.0,DDR2,800,2,1,2,1449.4199999999998
Kingston ValueRAM 2 GB,"2,667","1,2",8.695,Green,14.993,5.0,DDR2,667,1,2,2,1008.62
G.Skill Ripjaws 4 GB,"3,1600","1,4",5.025,Black / Red,11.25,9.0,DDR3,1600,1,4,4,1165.8000000000002
Patriot Viper Xtreme 8 GB,"3,2000","2,4",11.911,Black / Silver,9.0,9.0,DDR3,2000,2,4,8,5526.820000000001
G.Skill Value 8 GB,"3,1333","1,8",2.547,Black,13.503,9.0,DDR3,1333,1,8,8,1182.04
Kingston KVR16S11S8/4 4 GB,"3,1600","1,4",4.742,,13.75,11.0,DDR3,1600,1,4,4,1100.26
Corsair CMV8GX3M2A1600C11 8 GB,"3,1600","2,4",6.622,Green,13.75,11.0,DDR3,1600,2,4,8,3072.8399999999997
Kingston KVR13N9S8K2/8 8 GB,"3,1333","2,4",6.249,Green,13.503,9.0,DDR3,1333,2,4,8,2899.42
G.Skill Ripjaws X 32 GB,"3,2400","4,8",7.875,,9.167,11.0,DDR3,2400,4,8,32,14616.0
G.Skill Aegis 4 GB,"3,1333","1,4",6.997,,13.503,9.0,DDR3,1333,1,4,4,1623.4199999999998
G.Skill Aegis 8 GB,"3,1600","2,4",3.147,,13.75,11.0,DDR3,1600,2,4,8,1460.44
Corsair Mac Memory 4 GB,"3,1333","1,4",3.967,Black / Green,13.503,9.0,DDR3,1333,1,4,4,920.4599999999999
G.Skill FA-1333C9Q-32GSQ 32 GB,"3,1333","4,8",2.528,Black / Green,13.503,9.0,DDR3,1333,4,8,32,4692.78
PNY Anarchy X 16 GB,"3,2666","2,8",,Black / Red,9.002,12.0,DDR3,2666,2,8,16,7476.78
Patriot Viper 4 8 GB,"4,2800","2,4",7.46,Black / Red,11.429,16.0,DDR4,2800,2,4,8,3461.44
G.Skill Ripjaws 4 GB,"4,2666","1,4",5.295,Black / Blue,13.503,18.0,DDR4,2666,1,4,4,1228.44
Crucial CT102472BD160B 8 GB,"3,1600","1,8",5.266,Black / Green,13.75,11.0,DDR3,1600,1,8,8,2443.54
Kingston ValueRAM 4 GB,"4,2400","1,4",16.5,,14.167,17.0,DDR4,2400,1,4,4,3828.0
G.Skill Sniper X 32 GB,"4,2400","2,16",3.172,Black / Camo,14.167,17.0,DDR4,2400,2,16,32,5886.42
G.Skill Sniper X 16 GB,"4,3400","2,8",24.573,Camo / Black,9.412,16.0,DDR4,3400,2,8,16,22803.86
Corsair Vengeance RGB Pro 64 GB,"4,3600","4,16",6.219,Black,10.0,18.0,DDR4,3600,4,16,64,23084.0
Kingston KSM24RS8/8MEI 8 GB,"4,2400","1,8",6.029,Green / Black,14.167,17.0,DDR4,2400,1,8,8,2797.3399999999997
Kingston KCP426NS6/4 4 GB,"4,2666","1,4",5.308,Green / Black,14.254,19.0,DDR4,2666,1,4,4,1231.34
Thermaltake TOUGHRAM 16 GB,"4,3600","2,8",7.851,Black / Silver,10.0,18.0,DDR4,3600,2,8,16,7285.96
Thermaltake TOUGHRAM 16 GB,"4,4400","2,8",12.499,White / Silver,8.636,19.0,DDR4,4400,2,8,16,11599.42
G.Skill Trident Z Royal 128 GB,"4,3200","4,32",3.032,Silver,10.0,16.0,DDR4,3200,4,32,128,22506.9
Kingston KSM24ED8/16ME 16 GB,"4,2400","1,16",4.938,Green / Black,14.167,17.0,DDR4,2400,1,16,16,4582.0
G.Skill Trident Z RGB 32 GB,"4,3733","2,16",7.781,Black,9.108,17.0,DDR4,3733,2,16,32,14442.0
Kingston Server Premier 16 GB,"4,2666","1,16",17.361,,14.254,19.0,DDR4,2666,1,16,16,16110.66
Kingston Server Premier 16 GB,"4,3200","1,16",12.25,,13.75,22.0,DDR4,3200,1,16,16,11368.0
G.Skill Ripjaws V 32 GB,"4,4000","4,8",6.581,Red,8.5,17.0,DDR4,4000,4,8,32,12214.22
Silicon Power SP016GBLFU266B02 16 GB,"4,2666","1,16",3.128,,14.254,19.0,DDR4,2666,1,16,16,2902.8999999999996
G.Skill Zeta R5 128 GB,"5,6400","8,16",7.266,Black / White,10.0,32.0,DDR5,6400,8,16,128,53939.42
G.Skill Zeta R5 Neo 128 GB,"5,6400","4,32",,Black,10.0,32.0,DDR5,6400,4,32,128,50459.42
Kingston FURY Renegade Pro 16 GB,"5,6800","1,16",9.939,Black,10.0,34.0,DDR5,6800,1,16,16,9223.16
Kingston FURY Renegade Pro 16 GB,"5,5600","1,16",13.379,Black,13.571,38.0,DDR5,5600,1,16,16,12415.48
Kingston FURY Renegade Pro 32 GB,"5,6000","1,32",6.992,Black,10.667,32.0,DDR5,6000,1,32,32,12976.34
Kingston FURY Renegade Pro 64 GB,"5,6000","4,16",7.535,Black,10.667,32.0,DDR5,6000,4,16,64,27970.5
Kingston FURY Renegade Pro 128 GB,"5,6400","8,16",8.047,Black,10.0,32.0,DDR5,6400,8,16,128,59740.0
V-Color TRA524G70S834O 192 GB,"5,7000","8,24",9.948,Black,9.714,34.0,DDR5,7000,8,24,192,110779.42
V-Color TRA524G56S836O 192 GB,"5,5600","8,24",6.448,Black,12.857,36.0,DDR5,5600,8,24,192,71803.42
Mushkin Essentials 16 GB,"4,2666","1,16",2.516,Green / Black,14.254,19.0,DDR4,2666,1,16,16,2335.08
Kingston FURY Beast 16 GB,"5,6400","1,16",8.314,White,10.0,32.0,DDR5,6400,1,16,16,7715.160000000001
Silicon Power SP032GBSFU320F02 32 GB,"4,3200","1,32",2.499,,13.75,22.0,DDR4,3200,1,32,32,4638.84
Kingston FURY Impact 64 GB,"5,4800","2,32",2.906,Black,15.833,38.0,DDR5,4800,2,32,64,10787.42
Kingston ValueRAM 8 GB,"4,3200","1,8",3.624,,13.75,22.0,DDR4,3200,1,8,8,1681.4199999999998
Lexar LD4AS008G-B3200GSST 8 GB,"4,3200","1,8",7.594,Black,13.75,22.0,DDR4,3200,1,8,8,3523.5
Kingston Server Premier 16 GB,"4,2666","1,16",2.143,,14.254,19.0,DDR4,2666,1,16,16,1988.82
Kingston KVR26S19D8/16 16 GB,"4,2666","1,16",2.737,Green / Black,14.254,19.0,DDR4,2666,1,16,16,2539.82
Patriot Signature Line 8 GB,"4,2133","1,8",3.374,Green,14.065,15.0,DDR4,2133,1,8,8,1565.4199999999998
Kingston Server Premier 8 GB,"4,3200","1,8",5.246,,13.75,22.0,DDR4,3200,1,8,8,2434.2599999999998
Kingston FURY Renegade Pro 16 GB,"5,5600","1,16",7.284,Black,12.857,36.0,DDR5,5600,1,16,16,6759.320000000001
Crucial CT32G4LFD424A 32 GB,"4,2400","1,32",2.249,Green / Black,14.167,17.0,DDR4,2400,1,32,32,4174.84
Patriot Viper Steel RGB 32 GB,"4,3200","1,32",2.687,Black,11.25,18.0,DDR4,3200,1,32,32,4987.42
Mushkin Redline 64 GB,"5,4800","2,32",2.243,Black,16.667,40.0,DDR5,4800,2,32,64,8324.74
Crucial CT2KIT51264BF160BJ 8 GB,"3,1600","2,4",6.749,Black / Green,13.75,11.0,DDR3,1600,2,4,8,3131.42
Kingston KVR400D2D4R3/4G 4 GB,"2,400","1,4",7.247,Green,15.0,3.0,DDR2,400,1,4,4,1681.4199999999998
Patriot Signature Line 64 GB,"4,3200","2,32",3.988,Black,13.75,22.0,DDR4,3200,2,32,64,14804.5
Corsair Dominator Platinum 8 GB,"3,2666","2,4",19.005,Black / Silver,8.252,11.0,DDR3,2666,2,4,8,8818.32
Crucial Ballistix Sport 32 GB,"3,1600","4,8",5.156,Black / Silver,11.25,9.0,DDR3,1600,4,8,32,9569.42
Crucial CT32G4LFQ4213 32 GB,"4,2133","1,32",2.578,Black / Green,14.065,15.0,DDR4,2133,1,32,32,4785.0
Crucial CT51264BF160B 4 GB,"3,1600","1,4",2.748,Black / Green,13.75,11.0,DDR3,1600,1,4,4,637.42
Corsair Vengeance Performance 64 GB,"4,2666","4,16",4.097,Black / Yellow,13.503,18.0,DDR4,2666,4,16,64,15206.44
Corsair Vengeance 8 GB,"4,2666","2,4",4.394,Black / Yellow,13.503,18.0,DDR4,2666,2,4,8,2038.6999999999998
G.Skill Trident Z RGB 32 GB,"4,4000","4,8",10.906,Black,9.0,18.0,DDR4,4000,4,8,32,20242.0
TEAMGROUP Elite 16 GB,"4,2666","2,8",2.874,Black,14.254,19.0,DDR4,2666,2,8,16,2667.42
G.Skill Trident Z 16 GB,"4,4000","2,8",7.438,Silver / White,9.0,18.0,DDR4,4000,2,8,16,6902.0
G.Skill Trident Z5 RGB 32 GB,"5,6600","2,16",3.75,White / Black,10.303,34.0,DDR5,6600,2,16,32,6959.42
Mushkin Silverline 16 GB,"4,2400","1,16",3.676,Silver,14.167,17.0,DDR4,2400,1,16,16,3411.56
G.Skill Ripjaws 32 GB,"5,4800","2,16",2.656,Black / Silver,15.833,38.0,DDR5,4800,2,16,32,4929.42
Kingston FURY Renegade 32 GB,"5,6400","1,32",4.649,Silver / White,10.0,32.0,DDR5,6400,1,32,32,8628.66
Crucial CT2KIT25664BA1339 4 GB,"3,1333","2,2",6.247,Green,13.503,9.0,DDR3,1333,2,2,4,1449.4199999999998
Kingston ValueRAM 2 GB,"3,1066","1,2",8.49,Green,13.133,7.0,DDR3,1066,1,2,2,984.84
Kingston ValueRAM 1 GB,"2,533","1,1",24.95,Green,15.009,4.0,DDR2,533,1,1,1,1447.1
Kingston ValueRAM 1 GB,"2,533","1,1",23.4,Green,15.009,4.0,DDR2,533,1,1,1,1357.1999999999998
OCZ Value 1 GB,"2,667","1,1",34.95,Green,14.993,5.0,DDR2,667,1,1,1,2027.1000000000001
G.Skill Ripjaws 8 GB,"3,1333","2,4",3.632,Black / Red,13.503,9.0,DDR3,1333,2,4,8,1685.48
Crucial CT51264BD1339 4 GB,"3,1333","1,4",6.527,Green,13.503,9.0,DDR3,1333,1,4,4,1514.3799999999999
G.Skill Sniper Gaming 16 GB,"3,2133","4,4",6.229,Black / Red,8.439,9.0,DDR3,2133,4,4,16,5780.28
Corsair Vengeance 4 GB,"3,1600","1,4",6.497,Black / Yellow,11.25,9.0,DDR3,1600,1,4,4,1507.4199999999998
Corsair CMV8GX3M1A1333C9 8 GB,"3,1333","1,8",5.872,Green,13.503,9.0,DDR3,1333,1,8,8,2724.8399999999997
Patriot Signature 8 GB,"3,1333","1,8",5.865,Blue / Silver,13.503,9.0,DDR3,1333,1,8,8,2721.36
Patriot Viper 3 8 GB,"3,1866","2,4",9.005,,9.646,9.0,DDR3,1866,2,4,8,4178.320000000001
Corsair Dominator Platinum 16 GB,"3,2666","4,4",18.024,Black / Silver,8.252,11.0,DDR3,2666,4,4,16,16726.62
Kingston KVR13N9S8HK2/8 8 GB,"3,1333","2,4",,Green,13.503,9.0,DDR3,1333,2,4,8,3141.2799999999997
Crucial CT51264BA1339J 4 GB,"3,1333","1,4",6.093,Black / Green,13.503,9.0,DDR3,1333,1,4,4,1413.46
G.Skill Ripjaws 4 8 GB,"4,2400","2,4",4.719,Red,12.5,15.0,DDR4,2400,2,4,8,2189.5
Crucial CT8G3ERSLD4160B 8 GB,"3,1600","1,8",2.123,Green,13.75,11.0,DDR3,1600,1,8,8,984.84
Kingston KVR16E11/8 8 GB,"3,1600","1,8",3.917,Green,13.75,11.0,DDR3,1600,1,8,8,1817.72
Mushkin Essentials 8 GB,"4,2133","1,8",3.453,Black / Green,14.065,15.0,DDR4,2133,1,8,8,1601.96
Crucial CT2K51264BD160BJ 8 GB,"3,1600","2,4",4.125,Black / Green,13.75,11.0,DDR3,1600,2,4,8,1914.0
G.Skill Trident Z 32 GB,"4,3200","4,8",4.038,Red / Silver,10.0,16.0,DDR4,3200,4,8,32,7494.76
Kingston HyperX Savage 8 GB,"4,2133","2,4",8.451,Black / White,12.189,13.0,DDR4,2133,2,4,8,3921.38
Samsung M471B5273DH0-CH9 4 GB,"3,1333","1,4",6.495,Black / Green,13.503,9.0,DDR3,1333,1,4,4,1506.84
Corsair ValueSelect 8 GB,"4,2133","2,4",7.04,Black / Yellow,14.065,15.0,DDR4,2133,2,4,8,3266.56
Kingston KCP316NS8/4 4 GB,"3,1600","1,4",6.29,Black / Green,13.75,11.0,DDR3,1600,1,4,4,1459.28
Patriot Viper Elite 16 GB,"4,2400","2,8",,Black / Red,13.333,16.0,DDR4,2400,2,8,16,6816.16
Patriot Viper Elite 16 GB,"4,2666","2,8",,Black / Blue,12.003,16.0,DDR4,2666,2,8,16,10852.380000000001
Crucial CT51272BA186DJ 4 GB,"3,1866","1,4",9.998,Black / Green,13.934,13.0,DDR3,1866,1,4,4,2319.42
Kingston KTD-PE426S8/8G 8 GB,"4,2666","1,8",7.356,Green / Black,14.254,19.0,DDR4,2666,1,8,8,3413.3
G.Skill Ripjaws V 64 GB,"4,3600","4,16",3.891,Red / Black,10.556,19.0,DDR4,3600,4,16,64,14442.0
Corsair Vengeance LPX 32 GB,"4,3333","4,8",5.855,Black / Yellow,9.601,16.0,DDR4,3333,4,8,32,10866.3
G.Skill Trident Z Royal 16 GB,"4,4400","2,8",13.062,Silver,8.182,18.0,DDR4,4400,2,8,16,12122.0
G.Skill Trident Z 16 GB,"4,3466","2,8",11.812,Silver / White,9.233,16.0,DDR4,3466,2,8,16,10962.0
Mushkin Essentials 32 GB,"4,2666","1,32",2.505,Green / Black,14.254,19.0,DDR4,2666,1,32,32,4649.86
G.Skill Trident Z5 RGB 32 GB,"5,5600","2,16",3.88,Silver / Black,14.286,40.0,DDR5,5600,2,16,32,7201.86
G.Skill Trident Z5 32 GB,"5,5600","2,16",3.817,Black,14.286,40.0,DDR5,5600,2,16,32,7085.28
Corsair Dominator Platinum RGB 32 GB,"4,3200","4,8",5.731,Black,10.0,16.0,DDR4,3200,4,8,32,10636.039999999999
Kingston Server Premier 32 GB,"4,2666","1,32",4.687,,14.254,19.0,DDR4,2666,1,32,32,8699.42
Kingston ValueRAM 16 GB,"5,4800","1,16",3.652,,16.667,40.0,DDR5,4800,1,16,16,3389.52
V-Color XSky RGB 32 GB,"5,6200","2,16",5.468,Black,11.613,36.0,DDR5,6200,2,16,32,10149.42
Mushkin Silverline 8 GB,"4,2133","1,8",11.896,Silver,14.065,15.0,DDR4,2133,1,8,8,5519.86
Mushkin Proline 16 GB,"4,2666","1,16",3.799,,14.254,19.0,DDR4,2666,1,16,16,3525.82
Silicon Power SP004GBLFU240N02 4 GB,"4,2400","1,4",5.155,,14.167,17.0,DDR4,2400,1,4,4,1195.96
Silicon Power SP008GBLFU213B02 8 GB,"4,2133","1,8",4.014,,14.065,15.0,DDR4,2133,1,8,8,1862.3799999999999
Patriot Signature Line 8 GB,"5,4800","1,8",3.124,Black,19.167,46.0,DDR5,4800,1,8,8,1449.4199999999998
Kingston FURY Renegade 16 GB,"5,6000","1,16",6.196,White / Silver,10.667,32.0,DDR5,6000,1,16,16,5749.54
Kingston KTD-PE426E/8G 8 GB,"4,2666","1,8",6.124,Green,14.254,19.0,DDR4,2666,1,8,8,2841.42
TEAMGROUP T-Create Master 128 GB,"5,6400","8,16",7.812,Black,10.0,32.0,DDR5,6400,8,16,128,57999.42
V-Color TRA516G72S834Q 64 GB,"5,7200","4,16",12.437,White,9.444,34.0,DDR5,7200,4,16,64,46167.42
V-Color TRA532G56S436Q 128 GB,"5,5600","4,32",6.219,White,12.857,36.0,DDR5,5600,4,32,128,46167.42
V-Color TRA532G64D832Q 128 GB,"5,6400","4,32",8.25,White,10.0,32.0,DDR5,6400,4,32,128,61247.42
V-Color TRA548G56D846Q 192 GB,"5,5600","4,48",6.771,White,16.429,46.0,DDR5,5600,4,48,192,75399.42
Kingston FURY Renegade Pro 16 GB,"5,6400","1,16",13.438,Black,10.0,32.0,DDR5,6400,1,16,16,12470.0
Kingston FURY Renegade Pro 64 GB,"5,6400","4,16",8.891,Black,10.0,32.0,DDR5,6400,4,16,64,33002.0
Kingston FURY Renegade Pro 64 GB,"5,6800","4,16",10.922,Black,14.118,48.0,DDR5,6800,4,16,64,40542.0
Kingston FURY Renegade Pro 128 GB,"5,6000","8,16",7.336,Black,10.667,32.0,DDR5,6000,8,16,128,54462.0
Corsair Vengeance Performance 16 GB,"4,2666","2,8",4.186,Black / Yellow,13.503,18.0,DDR4,2666,2,8,16,3884.84
Crucial CT16G4RFD4266 16 GB,"4,2666","1,16",2.187,Green / Black,14.254,19.0,DDR4,2666,1,16,16,2029.42
Mushkin MES4S266KF32GX2 64 GB,"4,2666","2,32",2.754,,14.254,19.0,DDR4,2666,2,32,64,10224.24
G.Skill Ripjaws 8 GB,"3,1600","1,8",2.373,,11.25,9.0,DDR3,1600,1,8,8,1100.84
Crucial CT16G4RFD4213 16 GB,"4,2133","1,16",2.061,Black / Green,14.065,15.0,DDR4,2133,1,16,16,1912.26
Kingston ValueRAM 8 GB,"4,3200","1,8",4.124,,13.75,22.0,DDR4,3200,1,8,8,1913.42
Mushkin Redline 64 GB,"4,2933","2,32",3.717,,11.592,17.0,DDR4,2933,2,32,64,13798.78
Patriot Signature 8 GB,"3,1600","1,8",2.373,Black,13.75,11.0,DDR3,1600,1,8,8,1100.84
Crucial CT204864BF160B 16 GB,"3,1600","1,16",8.686,Black / Green,13.75,11.0,DDR3,1600,1,16,16,8060.26
Kingston KTH-PL426/32G 32 GB,"4,2666","1,32",2.338,Green / Black,14.254,19.0,DDR4,2666,1,32,32,4340.14
Silicon Power SP008GBSFU240B02 8 GB,"4,2400","1,8",8.938,,14.167,17.0,DDR4,2400,1,8,8,4147.0
Crucial CT4G3S1339M 4 GB,"3,1333","1,4",4.737,Black / Green,13.503,9.0,DDR3,1333,1,4,4,1099.1
G.Skill Ripjaws 4 GB,"4,2133","1,4",4.45,Black / Blue,14.065,15.0,DDR4,2133,1,4,4,1032.4
Crucial CT16G3ERVLD4160B 16 GB,"3,1333","1,16",2.437,Green / Black,16.504,11.0,DDR3,1333,1,16,16,2261.42
Samsung M393A1G40EB1-CPB 8 GB,"4,2133","1,8",3.18,Green / Black,14.065,15.0,DDR4,2133,1,8,8,1475.52
Kingston Server Premier 32 GB,"4,2666","1,32",3.094,Green / Black,14.254,19.0,DDR4,2666,1,32,32,5742.0
G.Skill F3-12800CL9D-8GBSQ 8 GB,"3,1600","2,4",3.034,Green,11.25,9.0,DDR3,1600,2,4,8,1407.66
G.Skill F3-12800CL11D-8GBSQ 8 GB,"3,1600","2,4",2.934,Green,13.75,11.0,DDR3,1600,2,4,8,1361.26
Corsair CMSO16GX3M2A1333C9 16 GB,"3,1333","2,8",5.311,Green,13.503,9.0,DDR3,1333,2,8,16,4928.84
Mushkin Essentials 8 GB,"3,1600","2,4",2.676,Green,13.75,11.0,DDR3,1600,2,4,8,1241.78
Crucial CT2K8G3S1339M 16 GB,"3,1333","2,8",4.999,Green,13.503,9.0,DDR3,1333,2,8,16,4638.84
G.Skill F3-1600C9D-8GSL 8 GB,"3,1600","2,4",3.13,Green,11.25,9.0,DDR3,1600,2,4,8,1452.32
G.Skill Ripjaws 16 GB,"3,1600","2,8",2.315,,13.75,11.0,DDR3,1600,2,8,16,2148.32
G.Skill Ripjaws 8 GB,"3,1600","1,8",2.853,,13.75,11.0,DDR3,1600,1,8,8,1323.56
Crucial CT4G3S1067M 4 GB,"3,1066","1,4",7.067,Black / Green,13.133,7.0,DDR3,1066,1,4,4,1639.66
Crucial CT8G3S1339M 8 GB,"3,1333","1,8",3.922,Black / Green,13.503,9.0,DDR3,1333,1,8,8,1820.04
Crucial CT51264BF160BJ 4 GB,"3,1600","1,4",4.268,Black / Green,13.75,11.0,DDR3,1600,1,4,4,990.0600000000001
Crucial CT8G4RFD824A 8 GB,"4,2400","1,8",15.939,Green / Black,14.167,17.0,DDR4,2400,1,8,8,7395.58
Kingston KTH-PL426D8/16G 16 GB,"4,2666","1,16",2.589,Green / Black,14.254,19.0,DDR4,2666,1,16,16,2402.36
Kingston ValueRAM 16 GB,"4,2400","1,16",3.051,Green / Black,14.167,17.0,DDR4,2400,1,16,16,2831.56
G.Skill Ripjaws 8 GB,"4,2666","1,8",3.502,Green,14.254,19.0,DDR4,2666,1,8,8,1625.16
G.Skill Trident Z Royal 32 GB,"4,4000","4,8",10.906,Silver,8.5,17.0,DDR4,4000,4,8,32,20242.0
Samsung M393A2K40CB2-CVF 16 GB,"4,2933","1,16",,Green / Black,14.32,21.0,DDR4,2933,1,16,16,5799.42
G.Skill Trident Z Royal 16 GB,"4,4000","2,8",14.304,Silver,9.0,18.0,DDR4,4000,2,8,16,13274.460000000001
Patriot Viper Steel 16 GB,"4,2666","1,16",2.499,Silver / Black,13.503,18.0,DDR4,2666,1,16,16,2319.42
Kingston ValueRAM 8 GB,"5,4800","1,8",4.88,,16.667,40.0,DDR5,4800,1,8,8,2264.32
PNY XLR8 Gaming EPIC-X RGB 16 GB,"4,3600","2,8",,White,10.0,18.0,DDR4,3600,2,8,16,4929.42
Mushkin Redline 16 GB,"4,4000","2,8",4.216,White,9.0,18.0,DDR4,4000,2,8,16,3912.1000000000004
Corsair Dominator Platinum RGB 16 GB,"4,3200","2,8",6.775,White,10.0,16.0,DDR4,3200,2,8,16,6287.200000000001
Thermaltake TOUGHRAM XG RGB 64 GB,"4,3600","2,32",8.437,Black / Silver,10.0,18.0,DDR4,3600,2,32,64,31319.420000000002
Thermaltake TOUGHRAM XG RGB 16 GB,"4,4000","2,8",8.987,White / Silver,9.5,19.0,DDR4,4000,2,8,16,8339.82
TEAMGROUP Elite 32 GB,"5,4800","2,16",2.187,Black,16.667,40.0,DDR5,4800,2,16,32,4058.84
Kingston KTD-PE426D8/16G 16 GB,"4,2666","1,16",5.719,Green,14.254,19.0,DDR4,2666,1,16,16,5307.0
V-Color TRA524G64S832Q 96 GB,"5,6400","4,24",7.5,White,10.0,32.0,DDR5,6400,4,24,96,41759.42
Kingston FURY Renegade 32 GB,"5,6000","1,32",7.068,Silver / White,10.667,32.0,DDR5,6000,1,32,32,13118.44
G.Skill Zeta R5 Neo 64 GB,"5,6400","4,16",12.422,Black,10.0,32.0,DDR5,6400,4,16,64,46109.42
Kingston FURY Renegade Pro 16 GB,"5,6000","1,16",7.827,Black,10.667,32.0,DDR5,6000,1,16,16,7263.92
V-Color TRA516G72S834O 128 GB,"5,7200","8,16",12.672,Black,9.444,34.0,DDR5,7200,8,16,128,94075.42
V-Color TRA532G60S432O 256 GB,"5,6000","8,32",6.711,Black,10.667,32.0,DDR5,6000,8,32,256,99643.42
Crucial CT12864AA667 1 GB,"2,667","1,1",19.0,Green,14.993,5.0,DDR2,667,1,1,1,1102.0
Kingston ValueRAM 4 GB,"3,1333","2,2",7.747,Green,13.503,9.0,DDR3,1333,2,2,4,1797.4199999999998
Crucial CT2KIT51272AF667 8 GB,"2,667","2,4",7.374,Green,14.993,5.0,DDR2,667,2,4,8,3421.42
G.Skill F3-12800CL9D-4GBNQ 4 GB,"3,1600","2,2",15.5,Red / Silver,11.25,9.0,DDR3,1600,2,2,4,3596.0
Patriot Gamer 6 GB,"3,1600","3,2",13.412,Black / Green,11.25,9.0,DDR3,1600,3,2,6,4667.26
Patriot Viper II Sector 7 Edition 12 GB,"3,1600","3,4",14.715,Black / Blue,10.0,8.0,DDR3,1600,3,4,12,10241.640000000001
Crucial CT51264BA1339 4 GB,"3,1333","1,4",4.25,Black / Green,13.503,9.0,DDR3,1333,1,4,4,986.0
G.Skill Ripjaws 8 GB,"3,1066","2,4",3.993,Black / Red,13.133,7.0,DDR3,1066,2,4,8,1852.52
G.Skill Ripjaws X 4 GB,"3,1333","2,2",12.495,Black / Red,13.503,9.0,DDR3,1333,2,2,4,2898.8399999999997
Patriot Gamer 2 4 GB,"3,1333","2,2",12.273,Black / Blue,13.503,9.0,DDR3,1333,2,2,4,2847.2200000000003
Patriot Gamer 2 4 GB,"3,1600","2,2",13.415,Black / Blue,11.25,9.0,DDR3,1600,2,2,4,3112.2799999999997
Mushkin Essentials 4 GB,"3,1333","2,2",6.905,Green,13.503,9.0,DDR3,1333,2,2,4,1601.96
G.Skill F3-8500CL7D-8GBSQ 8 GB,"3,1066","2,4",22.749,Green,13.133,7.0,DDR3,1066,2,4,8,10555.42
Kingston ValueRAM 1 GB,"2,533","1,1",40.77,Green,15.009,4.0,DDR2,533,1,1,1,2364.6600000000003
Kingston KVR800D2S6/2G 2 GB,"2,800","1,2",5.87,Green,15.0,6.0,DDR2,800,1,2,2,680.92
Mushkin 991643 2 GB,"3,1066","1,2",8.465,Green,13.133,7.0,DDR3,1066,1,2,2,981.9399999999999
Corsair Vengeance 16 GB,"3,1600","4,4",16.243,Black / Blue,11.25,9.0,DDR3,1600,4,4,16,15073.619999999999
Mushkin 991556 2 GB,"2,667","1,2",9.99,Green,14.993,5.0,DDR2,667,1,2,2,1158.84
Crucial CT2KIT102464BF1339 16 GB,"3,1333","2,8",4.374,Green,13.503,9.0,DDR3,1333,2,8,16,4058.84
Kingston Value 4 GB,"3,1333","1,4",6.14,Green,13.503,9.0,DDR3,1333,1,4,4,1424.48
Crucial CT25664BF1339 2 GB,"3,1333","1,2",7.495,Green,13.503,9.0,DDR3,1333,1,2,2,869.42
Mushkin Essentials 4 GB,"3,1600","1,4",5.63,Green,13.75,11.0,DDR3,1600,1,4,4,1306.16
G.Skill Ares 8 GB,"3,2133","2,4",6.492,Black / Blue,8.439,9.0,DDR3,2133,2,4,8,3012.52
G.Skill Ares 8 GB,"3,1866","2,4",7.499,Black / Blue,9.646,9.0,DDR3,1866,2,4,8,3479.42
G.Skill Ares 32 GB,"3,1600","4,8",6.375,Black / Orange,12.5,10.0,DDR3,1600,4,8,32,11832.0
G.Skill Ripjaws Z 8 GB,"3,2400","2,4",6.815,Black / Blue,8.333,10.0,DDR3,2400,2,4,8,3162.1600000000003
Kingston KVR16S11/8 8 GB,"3,1600","1,8",4.088,Green,13.75,11.0,DDR3,1600,1,8,8,1896.6000000000001
Kingston KVR13S9S8/4 4 GB,"3,1333","1,4",4.915,Green,13.503,9.0,DDR3,1333,1,4,4,1140.28
Kingston Blu Red 4 GB,"3,1600","1,4",11.745,Red / Silver,11.25,9.0,DDR3,1600,1,4,4,2724.8399999999997
Mushkin Silverline 8 GB,"3,1600","1,8",3.735,Gray / Silver,13.75,11.0,DDR3,1600,1,8,8,1733.04
Kingston KVR16S11K2/16 16 GB,"3,1600","2,8",5.249,Green,13.75,11.0,DDR3,1600,2,8,16,4870.84
Kingston KVR16N11H/4 4 GB,"3,1600","1,4",5.497,Green,13.75,11.0,DDR3,1600,1,4,4,1275.4199999999998
G.Skill NS 8 GB,"3,1333","2,4",5.11,Black,13.503,9.0,DDR3,1333,2,4,8,2371.04
Crucial Ballistix Sport 8 GB,"3,1333","1,8",8.736,Black / Silver,13.503,9.0,DDR3,1333,1,8,8,4053.62
Kingston KVR16LS11/4 4 GB,"3,1600","1,4",5.245,Green,13.75,11.0,DDR3,1600,1,4,4,1216.84
Kingston KTH-X3CL/4G 4 GB,"3,1600","1,4",9.998,,13.75,11.0,DDR3,1600,1,4,4,2319.42
Patriot PV316G240C0KRD 16 GB,"3,2400","2,8",8.38,Black / Red,8.333,10.0,DDR3,2400,2,8,16,7776.64
Crucial CT2G3S1067M 2 GB,"3,1066","1,2",9.99,Black / Green,13.133,7.0,DDR3,1066,1,2,2,1158.84
IBM 00D4955 4 GB,"3,1600","1,4",42.498,Black / Green,13.75,11.0,DDR3,1600,1,4,4,9859.42
Patriot Signature Apple Line 8 GB,"3,1600","2,4",6.36,Black / Green,13.75,11.0,DDR3,1600,2,4,8,2951.04
Patriot Viper 3 Low Profile Black 8 GB,"3,1866","2,4",9.675,Black / Silver,9.646,9.0,DDR3,1866,2,4,8,4489.200000000001
Kingston ValueRAM 48 GB,"3,1600","3,16",8.325,Black / Green,13.75,11.0,DDR3,1600,3,16,48,23176.800000000003
Kingston KVR1333D3E9S/4G 4 GB,"3,1333","1,4",4.7,Black / Green,13.503,9.0,DDR3,1333,1,4,4,1090.4
Mushkin Proline 32 GB,"3,1333","1,32",3.151,Silver,13.503,9.0,DDR3,1333,1,32,32,5848.14
Samsung M393A1G43DB0-CPB0 8 GB,"4,2133","1,8",2.772,Black / Green,14.065,15.0,DDR4,2133,1,8,8,1286.44
Kingston KTL-TS421/16G 16 GB,"4,2133","1,16",9.369,Green,14.065,15.0,DDR4,2133,1,16,16,8694.2
Kingston KVR18L13Q4/32 32 GB,"3,1866","1,32",2.156,Gray,13.934,13.0,DDR3,1866,1,32,32,4000.84
Kingston KVR1333D3E9SK2/16G 16 GB,"3,1333","2,8",7.812,Green,13.503,9.0,DDR3,1333,2,8,16,7250.0
Kingston KVR16LE11/8I 8 GB,"3,1600","1,8",4.874,Green,13.75,11.0,DDR3,1600,1,8,8,2261.42
G.Skill Ripjaws 4 8 GB,"4,2666","2,4",4.816,Black / Red,11.253,15.0,DDR4,2666,2,4,8,2234.7400000000002
G.Skill NT 8 GB,"4,2400","2,4",7.375,Black,12.5,15.0,DDR4,2400,2,4,8,3422.0
Patriot Viper 3 8 GB,"3,2400","2,4",10.242,Red / Silver,8.333,10.0,DDR3,2400,2,4,8,4752.5199999999995
Patriot Viper 4 8 GB,"4,2400","2,4",6.96,Black / Red,12.5,15.0,DDR4,2400,2,4,8,3229.44
Crucial CT51264BF186DJ 4 GB,"3,1866","1,4",4.12,Black / Green,13.934,13.0,DDR3,1866,1,4,4,955.84
Crucial CT2KIT102464BF186D 16 GB,"3,1866","2,8",1.792,Black / Green,13.934,13.0,DDR3,1866,2,8,16,1663.44
G.Skill Ripjaws 8 GB,"4,2400","2,4",3.825,Black,13.333,16.0,DDR4,2400,2,4,8,1774.8000000000002
Corsair ValueSelect 16 GB,"4,2133","1,16",4.561,Black,14.065,15.0,DDR4,2133,1,16,16,4232.84
Kingston ValueRAM 8 GB,"4,2133","1,8",2.498,Black / Green,14.065,15.0,DDR4,2133,1,8,8,1158.84
Crucial CT2K51264BF186DJ 8 GB,"3,1866","2,4",4.999,Black / Green,13.934,13.0,DDR3,1866,2,4,8,2319.42
Kingston KCP421NS8/4 4 GB,"4,2133","1,4",8.248,Black / Green,14.065,15.0,DDR4,2133,1,4,4,1913.42
Patriot Viper 4 8 GB,"4,3600","2,4",9.693,Red / Black,9.444,17.0,DDR4,3600,2,4,8,4497.320000000001
Kingston ValueRAM 16 GB,"4,2400","1,16",5.622,Green,14.167,17.0,DDR4,2400,1,16,16,5217.1
Kingston KVR24S17S6/4 4 GB,"4,2400","1,4",6.125,Green / Black,14.167,17.0,DDR4,2400,1,4,4,1421.0
Corsair Dominator Platinum RGB 32 GB,"4,3200","4,8",5.527,Black,10.0,16.0,DDR4,3200,4,8,32,10257.880000000001
Crucial CT16G4RFS4293 16 GB,"4,2933","1,16",2.734,Green / Black,14.32,21.0,DDR4,2933,1,16,16,2537.5
Supermicro MEM-DR432L-HL01-ER26 32 GB,"4,2666","1,32",2.498,Green / Black,14.254,19.0,DDR4,2666,1,32,32,4637.1
PNY Performance 16 GB,"4,2666","1,16",3.754,Black,14.254,19.0,DDR4,2666,1,16,16,3483.48
Kingston Server Premier 8 GB,"4,3200","1,8",8.248,,13.75,22.0,DDR4,3200,1,8,8,3826.84
Kingston Server Premier 32 GB,"4,3200","1,32",5.781,,13.75,22.0,DDR4,3200,1,32,32,10729.42
Kingston ValueRAM 4 GB,"4,2666","1,4",4.26,,14.254,19.0,DDR4,2666,1,4,4,988.3199999999999
Corsair Dominator Platinum RGB 16 GB,"4,4000","2,8",8.277,Black,9.0,18.0,DDR4,4000,2,8,16,7681.5199999999995
Mushkin Redline Lumina 16 GB,"4,3600","2,8",4.186,White,8.889,16.0,DDR4,3600,2,8,16,3884.84
Mushkin Redline 16 GB,"4,4133","2,8",6.146,White,9.194,19.0,DDR4,4133,2,8,16,5703.14
Mushkin Redline 16 GB,"4,2800","2,8",4.804,Black,12.143,17.0,DDR4,2800,2,8,16,4457.88
Mushkin Redline 32 GB,"4,2666","2,16",8.263,Red,12.003,16.0,DDR4,2666,2,16,32,15336.36
Mushkin Redline 64 GB,"4,2800","2,32",7.714,Red,12.143,17.0,DDR4,2800,2,32,64,28633.44
Silicon Power SP008GBLFU240X02 8 GB,"4,2400","1,8",3.626,,14.167,17.0,DDR4,2400,1,8,8,1682.5800000000002
TEAMGROUP Elite 32 GB,"5,5200","2,16",4.489,Black,16.154,42.0,DDR5,5200,2,16,32,8332.28
Kingston FURY 32 GB,"5,5600","1,32",4.343,White,14.286,40.0,DDR5,5600,1,32,32,8061.42
Mushkin Enhanced Essentials 64 GB,"4,2933","2,32",3.605,Black,14.32,21.0,DDR4,2933,2,32,64,13380.599999999999
Mushkin MES4S266KF16GX2 32 GB,"4,2666","2,16",3.411,,14.254,19.0,DDR4,2666,2,16,32,6331.28
TEAMGROUP T-Create Master 128 GB,"5,6000","8,16",7.031,Black,10.667,32.0,DDR5,6000,8,16,128,52199.42
TEAMGROUP T-Create Master 64 GB,"5,6800","4,16",8.594,Black,10.0,34.0,DDR5,6800,4,16,64,31899.420000000002
V-Color TRA516G60S832Q 64 GB,"5,6000","4,16",7.875,White,10.667,32.0,DDR5,6000,4,16,64,29231.420000000002
V-Color TRA516G64S832Q 64 GB,"5,6400","4,16",8.625,White,10.0,32.0,DDR5,6400,4,16,64,32015.420000000002
V-Color TRA532G62D832Q 128 GB,"5,6200","4,32",7.5,White,10.323,32.0,DDR5,6200,4,32,128,55679.42
V-Color TRA532G68D834Q 128 GB,"5,6800","4,32",9.0,White,10.0,34.0,DDR5,6800,4,32,128,66815.42
Kingston Fury Renegade RGB 32 GB,"5,6000","1,32",6.406,Silver / Black,10.667,32.0,DDR5,6000,1,32,32,11888.84
Corsair WS 128 GB,"5,5600","8,16",7.742,Black / Green,14.286,40.0,DDR5,5600,8,16,128,57477.42
Kingston FURY Renegade Pro 64 GB,"5,6400","4,16",8.828,Black,10.0,32.0,DDR5,6400,4,16,64,32770.0
Kingston FURY Renegade Pro 128 GB,"5,5600","8,16",6.828,Black,12.857,36.0,DDR5,5600,8,16,128,50692.0
Kingston FURY Renegade Pro 256 GB,"5,6400","8,32",7.391,Black,10.0,32.0,DDR5,6400,8,32,256,109736.0
V-Color TRA516G56S836O 128 GB,"5,5600","8,16",7.047,Black,12.857,36.0,DDR5,5600,8,16,128,52315.42
V-Color TRA524G64S832O 192 GB,"5,6400","8,24",7.448,Black,10.0,32.0,DDR5,6400,8,24,192,82939.42
V-Color TRA532G68D834O 256 GB,"5,6800","8,32",8.75,Black,10.0,34.0,DDR5,6800,8,32,256,129919.41999999998
Silicon Power XPOWER Pulse Gaming 64 GB,"5,5600","2,32",3.023,Black / White,14.286,40.0,DDR5,5600,2,32,64,11220.68
Kingston ValueRAM 16 GB,"4,3200","1,16",3.091,,13.75,22.0,DDR4,3200,1,16,16,2868.68
Crucial CT32G4SFD8266 32 GB,"4,2666","1,32",3.103,Green / Black,14.254,19.0,DDR4,2666,1,32,32,5758.820000000001
Patriot Signature Line 8 GB,"4,2400","1,8",2.498,Green / Black,14.167,17.0,DDR4,2400,1,8,8,1158.84
Kingston Server Premier 16 GB,"4,3200","1,16",5.624,,13.75,22.0,DDR4,3200,1,16,16,5219.42
G.Skill Ripjaws 16 GB,"3,1866","2,8",2.438,,11.79,11.0,DDR3,1866,2,8,16,2262.0
Mushkin Essentials 16 GB,"4,2400","2,8",2.272,Green / Black,14.167,17.0,DDR4,2400,2,8,16,2108.88
TEAMGROUP Elite 8 GB,"4,2666","1,8",3.973,Black,14.254,19.0,DDR4,2666,1,8,8,1843.24
Kingston ValueRAM 32 GB,"4,2666","1,32",3.906,,14.254,19.0,DDR4,2666,1,32,32,7250.0
Mushkin Redline Lumina White 32 GB,"5,6400","2,16",4.406,White,10.0,32.0,DDR5,6400,2,16,32,8177.42
Mushkin Essentials 8 GB,"3,1066","1,8",2.147,Green,13.133,7.0,DDR3,1066,1,8,8,996.4399999999999
Corsair Vengeance Pro 8 GB,"3,2133","2,4",14.9,Black / Red,7.501,8.0,DDR3,2133,2,4,8,6913.6
Samsung M393B2G70DB0-CK0 16 GB,"3,1600","1,16",1.995,Black / Green,13.75,11.0,DDR3,1600,1,16,16,1851.3600000000001
Kingston ValueRAM 16 GB,"3,1600","1,16",1.874,Green,13.75,11.0,DDR3,1600,1,16,16,1739.4199999999998
Mushkin Essentials 16 GB,"3,1866","1,16",11.687,Black / Blue,13.934,13.0,DDR3,1866,1,16,16,10845.42
Kingston ValueRAM 8 GB,"4,2133","1,8",3.499,Green / Black,14.065,15.0,DDR4,2133,1,8,8,1623.4199999999998
Corsair Vengeance Performance 16 GB,"4,2666","1,16",3.937,Black / Yellow,13.503,18.0,DDR4,2666,1,16,16,3653.42
Kingston KVR26S19S8/8 8 GB,"4,2666","1,8",2.672,Green / Black,14.254,19.0,DDR4,2666,1,8,8,1240.04
Mushkin Proline 16 GB,"3,1866","1,16",2.865,,13.934,13.0,DDR3,1866,1,16,16,2658.7200000000003
Kingston FURY Impact 32 GB,"5,4800","1,32",2.967,Black,15.833,38.0,DDR5,4800,1,32,32,5507.1
V-Color TRA524G60S832Q 96 GB,"5,6000","4,24",7.0,White,10.667,32.0,DDR5,6000,4,24,96,38975.42
Kingston ValueRAM 3 GB,"3,1333","3,1",8.493,Green,13.503,9.0,DDR3,1333,3,1,3,1477.84
Mushkin 996647 8 GB,"3,1333","2,4",2.75,Green,13.503,9.0,DDR3,1333,2,4,8,1276.0
Crucial CT2KIT51264BF1339 8 GB,"3,1333","2,4",4.074,Green,13.503,9.0,DDR3,1333,2,4,8,1890.2200000000003
G.Skill F3-10666CL9D-16GBSQ 16 GB,"3,1333","2,8",2.275,Green,13.503,9.0,DDR3,1333,2,8,16,2111.2
G.Skill Trident X 16 GB,"3,2400","4,4",6.707,Black / Red,8.333,10.0,DDR3,2400,4,4,16,6223.9800000000005
Crucial CT16G3R186DM 16 GB,"3,1866","1,16",2.687,Black / Green,13.934,13.0,DDR3,1866,1,16,16,2493.42
Kingston KVR13N9S6/2 2 GB,"3,1333","1,2",9.99,Black / Green,13.503,9.0,DDR3,1333,1,2,2,1158.84
Samsung M393A1G40DB0-CPB 8 GB,"4,2133","1,8",3.553,Black / Green,14.065,15.0,DDR4,2133,1,8,8,1648.3600000000001
Kingston KTD-PE421/16G 16 GB,"4,2133","1,16",2.749,Green,14.065,15.0,DDR4,2133,1,16,16,2551.42
Kingston KTH-PL421/16G 16 GB,"4,2133","1,16",2.186,Green,14.065,15.0,DDR4,2133,1,16,16,2028.26
Kingston KVR16R11D4/16HA 16 GB,"3,1600","1,16",2.181,Green,13.75,11.0,DDR3,1600,1,16,16,2023.6200000000001
Kingston ValueRAM 64 GB,"3,1600","4,16",2.172,Green,13.75,11.0,DDR3,1600,4,16,64,8062.58
Kingston KVR16LR11D4K4/64 64 GB,"3,1600","4,16",6.234,Blue,13.75,11.0,DDR3,1600,4,16,64,23142.0
Kingston KVR16LR11D4/16HA 16 GB,"3,1600","1,16",1.812,Green,13.75,11.0,DDR3,1600,1,16,16,1681.4199999999998
Kingston KVR1333D3D4R9SK3/24G 24 GB,"3,1333","3,8",5.208,Green,13.503,9.0,DDR3,1333,3,8,24,7249.42
Kingston KVR13LR9D4K4/64 64 GB,"3,1333","4,16",4.652,Green,13.503,9.0,DDR3,1333,4,16,64,17269.5
Mushkin Proline 16 GB,"3,1600","1,16",2.739,Green,13.75,11.0,DDR3,1600,1,16,16,2541.56
Kingston Impact 16 GB,"4,2133","2,8",9.191,Black / Silver,12.189,13.0,DDR4,2133,2,8,16,8529.48
G.Skill Ripjaws 8 GB,"4,2400","1,8",3.342,Black,13.333,16.0,DDR4,2400,1,8,8,1550.9199999999998
Mushkin Essentials 4 GB,"4,2133","1,4",7.997,Black / Green,14.065,15.0,DDR4,2133,1,4,4,1855.4199999999998
Kingston ValueRAM 8 GB,"4,2133","1,8",9.691,Black / Green,14.065,15.0,DDR4,2133,1,8,8,4496.74
Kingston ValueRAM 32 GB,"4,2133","1,32",2.185,Black / Green,14.065,15.0,DDR4,2133,1,32,32,4055.36
Kingston KCP421SS8/8 8 GB,"4,2133","1,8",3.394,Black / Green,14.065,15.0,DDR4,2133,1,8,8,1574.6999999999998
Kingston ValueRAM 16 GB,"4,2133","2,8",8.46,Black / Green,14.065,15.0,DDR4,2133,2,8,16,7850.880000000001
Kingston KTD-PE426/32G 32 GB,"4,2666","1,32",4.744,Green / Black,14.254,19.0,DDR4,2666,1,32,32,8804.98
Kingston ValueRAM 8 GB,"4,2400","1,8",6.249,Green / Black,14.167,17.0,DDR4,2400,1,8,8,2899.42
Kingston ValueRAM 16 GB,"4,2666","1,16",3.312,Green / Black,14.254,19.0,DDR4,2666,1,16,16,3073.42
Kingston KCP426SS8/8 8 GB,"4,2666","1,8",3.312,Green / Black,12.753,17.0,DDR4,2666,1,8,8,1537.0
Crucial CT2K4G4SFS624A 8 GB,"4,2400","2,4",4.369,Green / Black,14.167,17.0,DDR4,2400,2,4,8,2027.1000000000001
Crucial CT32G4LFD4266 32 GB,"4,2666","1,32",2.315,Green / Black,14.254,19.0,DDR4,2666,1,32,32,4297.22
Crucial CT16G4RFD8293 16 GB,"4,2933","1,16",3.436,Green / Black,14.32,21.0,DDR4,2933,1,16,16,3188.2599999999998
Kingston KSM26RS8/8MEI 8 GB,"4,2666","1,8",4.269,Green / Black,14.254,19.0,DDR4,2666,1,8,8,1980.6999999999998
Kingston Server Premier 16 GB,"4,3200","1,16",,,13.75,22.0,DDR4,3200,1,16,16,5857.42
Kingston Server Premier 32 GB,"4,2666","1,32",5.412,,14.254,19.0,DDR4,2666,1,32,32,10045.02
Kingston Server Premier 8 GB,"4,2666","1,8",6.749,,14.254,19.0,DDR4,2666,1,8,8,3131.42
Mushkin Redline 32 GB,"4,3200","2,16",4.012,,13.75,22.0,DDR4,3200,2,16,32,7446.04
Mushkin Silverline 8 GB,"4,2666","2,4",10.309,Silver,14.254,19.0,DDR4,2666,2,4,8,4783.26
Silicon Power SP016GBSFU213B02 16 GB,"4,2133","1,16",2.757,,14.065,15.0,DDR4,2133,1,16,16,2558.38
TEAMGROUP Elite 8 GB,"4,2400","1,8",8.79,Black,13.333,16.0,DDR4,2400,1,8,8,4078.5599999999995
TEAMGROUP T-Create Classic 16 GB,"5,5600","1,16",2.687,Black,16.429,46.0,DDR5,5600,1,16,16,2493.42
TEAMGROUP T-Create Classic 16 GB,"5,5600","1,16",3.503,Black,16.429,46.0,DDR5,5600,1,16,16,3250.8999999999996
V-Color TRA516G70S834Q 64 GB,"5,7000","4,16",11.625,White,9.714,34.0,DDR5,7000,4,16,64,43151.42
V-Color TRA524G56S836Q 96 GB,"5,5600","4,24",6.5,White,12.857,36.0,DDR5,5600,4,24,96,36191.42
V-Color TRA524G76S838R3Q 96 GB,"5,7600","4,24",12.0,White,10.0,38.0,DDR5,7600,4,24,96,66815.42
Crucial CT2CP25672AF667 4 GB,"2,667","2,2",5.997,Green,14.993,5.0,DDR2,667,2,2,4,1391.4199999999998
Crucial CT2KIT25664AA667 4 GB,"2,667","2,2",12.248,Green,14.993,5.0,DDR2,667,2,2,4,2841.42
Kingston ValueRAM 2 GB,"2,533","1,2",16.195,Green,15.009,4.0,DDR2,533,1,2,2,1878.6200000000001
Patriot Sector 5 4 GB,"3,1600","2,2",13.432,Black / Red,11.25,9.0,DDR3,1600,2,2,4,3116.3399999999997
Patriot Viper II Sector 5 4 GB,"3,1600","2,2",14.975,Black / Red,10.0,8.0,DDR3,1600,2,2,4,3474.2
OCZ OCZ2V6672G 2 GB,"2,667","1,2",17.98,Green,14.993,5.0,DDR2,667,1,2,2,2085.68
G.Skill Ripjaws 16 GB,"3,1600","4,4",11.247,Black / Red,11.25,9.0,DDR3,1600,4,4,16,10437.099999999999
Patriot Gamer 4 GB,"3,1600","2,2",14.578,Black / Green,11.25,9.0,DDR3,1600,2,2,4,3381.98
Patriot Viper II Sector 7 Edition 6 GB,"3,1600","3,2",9.833,Black / Blue,11.25,9.0,DDR3,1600,3,2,6,3422.0
Patriot Viper Xtreme 4 GB,"3,1600","2,2",15.705,Black / Silver,10.0,8.0,DDR3,1600,2,2,4,3643.56
Patriot Viper Xtreme 8 GB,"3,1600","2,4",11.609,Black / Silver,10.0,8.0,DDR3,1600,2,4,8,5386.46
Patriot Viper Xtreme 12 GB,"3,1600","3,4",10.588,Black / Silver,10.0,8.0,DDR3,1600,3,4,12,7369.4800000000005
Patriot Viper Xtreme 6 GB,"3,1600","3,2",13.855,Black / Silver,10.0,8.0,DDR3,1600,3,2,6,4821.54
G.Skill Ripjaws 4 GB,"3,1333","2,2",14.988,Black / Red,13.503,9.0,DDR3,1333,2,2,4,3477.1000000000004
Patriot Viper II Sector 5 4 GB,"3,1333","2,2",13.873,Black / Red,10.503,7.0,DDR3,1333,2,2,4,3218.42
"Patriot Viper Xtreme Series, Division 2 4 GB","3,1866","2,2",14.422,Black / Silver,9.646,9.0,DDR3,1866,2,2,4,3346.02
"Patriot Viper Xtreme Series, Division 2 8 GB","3,1600","2,4",9.051,Black / Silver,10.0,8.0,DDR3,1600,2,4,8,4199.78
Patriot Extreme Performance Gaming 6 GB,"3,1333","3,2",11.95,Black / Green,13.503,9.0,DDR3,1333,3,2,6,4158.6
Patriot Viper Xtreme 8 GB,"3,1866","2,4",13.125,Black / Silver,9.646,9.0,DDR3,1866,2,4,8,6090.0
ADATA AD2S800B2G5-R 2 GB,"2,800","1,2",8.225,Green,12.5,5.0,DDR2,800,1,2,2,954.0999999999999
ADATA AD3S1333B2G9-R 2 GB,"3,1333","1,2",17.68,Green,13.503,9.0,DDR3,1333,1,2,2,2050.88
Corsair CMSO4GX3M1A1333C9 4 GB,"3,1333","1,4",5.747,Green,13.503,9.0,DDR3,1333,1,4,4,1333.4199999999998
Corsair VS1GSDS533D2 1 GB,"2,533","1,1",19.98,Green,15.009,4.0,DDR2,533,1,1,1,1158.84
Crucial CT51264AC667 4 GB,"2,667","1,4",19.87,Green,14.993,5.0,DDR2,667,1,4,4,4609.84
Crucial CT2KIT12864AC800 2 GB,"2,800","2,1",19.495,Green,15.0,6.0,DDR2,800,2,1,2,2261.42
Crucial CT51264AC800 4 GB,"2,800","1,4",16.223,Green,15.0,6.0,DDR2,800,1,4,4,3763.62
Crucial CT25664AC667 2 GB,"2,667","1,2",9.97,Green,14.993,5.0,DDR2,667,1,2,2,1156.52
Crucial CT2KIT25664AC800 4 GB,"2,800","2,2",9.32,Green,15.0,6.0,DDR2,800,2,2,4,2162.2400000000002
Crucial CT2KIT25664AC667 4 GB,"2,667","2,2",8.748,Green,14.993,5.0,DDR2,667,2,2,4,2029.42
Crucial CT51264BC1067 4 GB,"3,1066","1,4",4.987,Green,13.133,7.0,DDR3,1066,1,4,4,1157.1
Crucial CT25664AC800 2 GB,"2,800","1,2",9.49,Green,15.0,6.0,DDR2,800,1,2,2,1100.84
G.Skill F3-10666CL9D-8GBSQ 8 GB,"3,1333","2,4",3.23,Green,13.503,9.0,DDR3,1333,2,4,8,1498.72
G.Skill F3-10600CL9D-8GBSQ 8 GB,"3,1333","2,4",12.375,Green,13.503,9.0,DDR3,1333,2,4,8,5742.0
G.Skill F3-10666CL9S-4GBSQ 4 GB,"3,1333","1,4",3.78,Green,13.503,9.0,DDR3,1333,1,4,4,876.9599999999999
GeIL GS34GB1066C7SC 4 GB,"3,1066","1,4",3.805,Green,13.133,7.0,DDR3,1066,1,4,4,882.76
Kingston KVR1333D3S9/4G 4 GB,"3,1333","1,4",6.245,Green,13.503,9.0,DDR3,1333,1,4,4,1448.84
Kingston KVR667D2SO/2GR 2 GB,"2,667","1,2",11.2,Green,14.993,5.0,DDR2,667,1,2,2,1299.1999999999998
Kingston KVR667D2S5/1G 1 GB,"2,667","1,1",52.44,Green,14.993,5.0,DDR2,667,1,1,1,3041.52
Kingston ValueRAM 2 GB,"2,667","2,1",12.495,Green,14.993,5.0,DDR2,667,2,1,2,1449.4199999999998
Kingston KVR667D2S5/2G 2 GB,"2,667","1,2",20.28,Green,14.993,5.0,DDR2,667,1,2,2,2352.48
Kingston ValueRAM 2 GB,"3,1333","1,2",20.495,Green,13.503,9.0,DDR3,1333,1,2,2,2377.42
Kingston KVR800D2S5/1G 1 GB,"2,800","1,1",35.08,Green,12.5,5.0,DDR2,800,1,1,1,2034.6399999999999
Kingston KVR800D2S6K2/4G 4 GB,"2,800","2,2",,Green,15.0,6.0,DDR2,800,2,2,4,3769.4199999999996
Kingston KVR800D2S6/1G 1 GB,"2,800","1,1",18.0,Green,15.0,6.0,DDR2,800,1,1,1,1044.0
Kingston KVR533D2SO/1GR 1 GB,"2,533","1,1",20.0,Green,15.009,4.0,DDR2,533,1,1,1,1160.0
Kingston KHX5300S2LLK2/2G 2 GB,"2,667","2,1",22.495,Blue / Silver,11.994,4.0,DDR2,667,2,1,2,2609.42
Patriot Signature 2 GB,"3,1333","1,2",10.0,Green,13.503,9.0,DDR3,1333,1,2,2,1160.0
Mushkin Essentials 4 GB,"2,667","2,2",7.647,Green,14.993,5.0,DDR2,667,2,2,4,1774.22
Patriot PSD34G1066SK 4 GB,"3,1066","2,2",9.383,Green,13.133,7.0,DDR3,1066,2,2,4,2176.7400000000002
Mushkin Essentials 2 GB,"2,667","1,2",9.395,Green,14.993,5.0,DDR2,667,1,2,2,1089.82
Patriot Signature 4 GB,"3,1600","1,4",,Green,13.75,11.0,DDR3,1600,1,4,4,2217.92
Mushkin Essentials 4 GB,"3,1066","2,2",6.36,Green,13.133,7.0,DDR3,1066,2,2,4,1475.52
Patriot PSD22G8002S 2 GB,"2,800","1,2",14.86,Green,15.0,6.0,DDR2,800,1,2,2,1723.76
Patriot PSD22G6672S 2 GB,"2,667","1,2",21.245,Blue,14.993,5.0,DDR2,667,1,2,2,2464.42
Samsung MV-2V1G4D/US 2 GB,"2,800","2,1",,Black,15.0,6.0,DDR2,800,2,1,2,2117.0
G.Skill F3-12800CL9S-4GBSQ 4 GB,"3,1600","1,4",3.7,Green,11.25,9.0,DDR3,1600,1,4,4,858.4000000000001
Mushkin 991647 4 GB,"3,1333","1,4",3.775,Green,13.503,9.0,DDR3,1333,1,4,4,875.8
Mushkin Essentials 2 GB,"3,1333","1,2",8.525,Green,13.503,9.0,DDR3,1333,1,2,2,988.9000000000001
Wintec One 8 GB,"3,1333","2,4",,Black / Silver,13.503,9.0,DDR3,1333,2,4,8,4348.84
Wintec One 4 GB,"3,1600","2,2",,Black / Silver,11.25,9.0,DDR3,1600,2,2,4,2514.88
G.Skill Ripjaws X 8 GB,"3,1600","2,4",4.875,Black / Blue,11.25,9.0,DDR3,1600,2,4,8,2262.0
Patriot Gamer 2 8 GB,"3,1333","1,8",10.922,Black / Blue,13.503,9.0,DDR3,1333,1,8,8,5068.04
Mushkin Essentials 4 GB,"3,1333","1,4",4.495,Green,13.503,9.0,DDR3,1333,1,4,4,1042.84
G.Skill F3-12800CL11S-4GBSQ 4 GB,"3,1600","1,4",12.25,Green,13.75,11.0,DDR3,1600,1,4,4,2842.0
Patriot Signature 16 GB,"3,1333","2,8",,Green,13.503,9.0,DDR3,1333,2,8,16,5496.08
Crucial CT2KIT25664BF1339 4 GB,"3,1333","2,2",8.748,Green,13.503,9.0,DDR3,1333,2,2,4,2029.42
Crucial CT51264BF1339 4 GB,"3,1333","1,4",4.25,Green,13.503,9.0,DDR3,1333,1,4,4,986.0
G.Skill F3-10666CL9S-8GBSQ 8 GB,"3,1333","1,8",2.638,Green,13.503,9.0,DDR3,1333,1,8,8,1223.8000000000002
Mushkin Essentials 2 GB,"3,1600","1,2",8.24,Green,13.75,11.0,DDR3,1600,1,2,2,955.84
"Patriot Viper Xtreme Series, Division Vi 8 GB","3,2133","2,4",10.922,Black / Silver,10.314,11.0,DDR3,2133,2,4,8,5068.04
G.Skill F3-1600C10D-16GSQ 16 GB,"3,1600","2,8",2.371,Green,12.5,10.0,DDR3,1600,2,8,16,2199.94
Corsair Vengeance 16 GB,"3,2133","4,4",11.335,Black / Red,8.439,9.0,DDR3,2133,4,4,16,10518.880000000001
Mushkin Essentials 16 GB,"3,1600","2,8",3.167,Green,13.75,11.0,DDR3,1600,2,8,16,2939.44
Corsair Vengeance 16 GB,"3,1866","4,4",9.215,Black / Blue,9.646,9.0,DDR3,1866,4,4,16,8551.52
Crucial CT2K4G3S1339M 8 GB,"3,1333","2,4",5.638,Green,13.503,9.0,DDR3,1333,2,4,8,2615.8
Kingston KVR13N9S8H/4 4 GB,"3,1333","1,4",8.193,,13.503,9.0,DDR3,1333,1,4,4,1900.66
Crucial CT2K4G3S1067M 8 GB,"3,1066","2,4",4.999,Green,13.133,7.0,DDR3,1066,2,4,8,2319.42
Crucial CT2K4G3S160BM 8 GB,"3,1600","2,4",3.869,Green,13.75,11.0,DDR3,1600,2,4,8,1795.1
Corsair CMV4GX3M1A1600C11 4 GB,"3,1600","1,4",5.497,Green,13.75,11.0,DDR3,1600,1,4,4,1275.4199999999998
Kingston KVR1333D3S8N9HK3/6G 6 GB,"3,1333","3,2",,Green,13.503,9.0,DDR3,1333,3,2,6,3479.42
Corsair CMSO4GX3M1A1600C11 4 GB,"3,1600","1,4",5.747,Green,11.25,9.0,DDR3,1600,1,4,4,1333.4199999999998
Patriot Signature 8 GB,"3,1333","1,8",4.761,Black,13.503,9.0,DDR3,1333,1,8,8,2209.2200000000003
Corsair CMV8GX3M1A1600C11 8 GB,"3,1600","1,8",4.749,Green,13.75,11.0,DDR3,1600,1,8,8,2203.42
Kingston KTL-TP3CL/4G 4 GB,"3,1600","1,4",7.5,,13.75,11.0,DDR3,1600,1,4,4,1740.0
Kingston KTL-TP3CL/8G 8 GB,"3,1600","1,8",4.369,,13.75,11.0,DDR3,1600,1,8,8,2027.1000000000001
Kingston KTD-L3CL/4G 4 GB,"3,1600","1,4",8.438,Green,13.75,11.0,DDR3,1600,1,4,4,1957.5
Crucial Ballistix Sport 8 GB,"3,1600","2,4",7.487,,11.25,9.0,DDR3,1600,2,4,8,3474.2
Crucial Ballistix Sport 4 GB,"3,1600","1,4",7.862,Black / Silver,11.25,9.0,DDR3,1600,1,4,4,1824.1
G.Skill F3-1600C11D-16GSL 16 GB,"3,1600","2,8",2.295,Green,13.75,11.0,DDR3,1600,2,8,16,2129.7599999999998
G.Skill F3-1600C9S-4GSL 4 GB,"3,1600","1,4",5.0,,11.25,9.0,DDR3,1600,1,4,4,1160.0
Crucial Ballistix Sport 4 GB,"3,1866","1,4",9.998,Black / Silver,10.718,10.0,DDR3,1866,1,4,4,2319.42
Kingston KVR13S9S8K2/8 8 GB,"3,1333","1,8",5.25,Green,13.503,9.0,DDR3,1333,1,8,8,2436.0
G.Skill Ripjaws 8 GB,"3,1600","2,4",3.147,Black / Red,11.25,9.0,DDR3,1600,2,4,8,1460.44
Corsair CMSO16GX3M2C1600C11 16 GB,"3,1600","2,8",5.311,Green,11.25,9.0,DDR3,1600,2,8,16,4928.84
Corsair CMSO8GX3M1C1600C11 8 GB,"3,1600","1,8",4.749,Green,11.25,9.0,DDR3,1600,1,8,8,2203.42
OCZ OCZ2M8004GK 4 GB,"2,800","2,2",7.263,Green,12.5,5.0,DDR2,800,2,2,4,1684.9
Corsair CMSO4GX3M1C1333C9 4 GB,"3,1333","1,4",4.9,,13.503,9.0,DDR3,1333,1,4,4,1136.8000000000002
Corsair CMSO4GX3M1C1600C11 4 GB,"3,1600","1,4",8.245,Green,11.25,9.0,DDR3,1600,1,4,4,1912.84
Corsair CMSO8GX3M1C1333C9 8 GB,"3,1333","1,8",5.997,Green,13.503,9.0,DDR3,1333,1,8,8,2782.8399999999997
Corsair CMSO8GX3M2C1600C11 8 GB,"3,1600","2,4",3.663,Green,11.25,9.0,DDR3,1600,2,4,8,1699.4
Patriot Viper SODIMM 8 GB,"3,1600","2,4",6.426,Black / Silver,11.25,9.0,DDR3,1600,2,4,8,2981.7799999999997
G.Skill Ripjaws 8 GB,"3,1600","2,4",3.066,,13.75,11.0,DDR3,1600,2,4,8,1422.74
G.Skill Ripjaws 4 GB,"3,1600","1,4",3.78,,13.75,11.0,DDR3,1600,1,4,4,876.9599999999999
G.Skill Ripjaws 8 GB,"3,1866","1,8",2.819,,11.79,11.0,DDR3,1866,1,8,8,1307.9
G.Skill Aegis 8 GB,"3,1333","1,8",4.628,,13.503,9.0,DDR3,1333,1,8,8,2147.1600000000003
Transcend TS512MSK64V3N 4 GB,"3,1333","1,4",9.428,,13.503,9.0,DDR3,1333,1,4,4,2187.18
Corsair Mac Memory 16 GB,"3,1333","2,8",5.249,Black / Green,13.503,9.0,DDR3,1333,2,8,16,4871.42
Corsair Mac Memory 16 GB,"3,1600","2,8",4.874,Black / Green,13.75,11.0,DDR3,1600,2,8,16,4522.84
Corsair Mac Memory 4 GB,"3,1066","1,4",5.497,Black / Green,13.133,7.0,DDR3,1066,1,4,4,1275.4199999999998
Corsair Mac Memory 8 GB,"3,1333","1,8",6.247,Black / Green,13.503,9.0,DDR3,1333,1,8,8,2898.8399999999997
Corsair Mac Memory 8 GB,"3,1600","1,8",4.999,Black / Green,13.75,11.0,DDR3,1600,1,8,8,2319.42
Corsair Mac Memory 8 GB,"3,1066","2,4",6.622,Black / Green,13.133,7.0,DDR3,1066,2,4,8,3072.8399999999997
Corsair Mac Memory 8 GB,"3,1333","2,4",5.374,Black / Green,13.503,9.0,DDR3,1333,2,4,8,2493.42
G.Skill FA-1333C9S-8GSQ 8 GB,"3,1333","1,8",8.375,Black / Green,13.503,9.0,DDR3,1333,1,8,8,3886.0
G.Skill FA-1600C11D-8GSQ 8 GB,"3,1600","2,4",8.0,Black / Green,13.75,11.0,DDR3,1600,2,4,8,3712.0
G.Skill FA-1600C11S-8GSQ 8 GB,"3,1600","1,8",5.79,Black / Green,13.75,11.0,DDR3,1600,1,8,8,2686.56
G.Skill FA-8500CL7D-8GBSQ 8 GB,"3,1066","2,4",3.422,Black / Green,13.133,7.0,DDR3,1066,2,4,8,1588.04
G.Skill FA-8500CL7S-4GBSQ 4 GB,"3,1066","1,4",7.12,Black / Green,13.133,7.0,DDR3,1066,1,4,4,1651.84
HP 647909-B21 8 GB,"3,1333","1,8",5.963,Black / Green,13.503,9.0,DDR3,1333,1,8,8,2766.6000000000004
Mushkin 971699A 2 GB,"3,1066","1,2",11.675,Black / Green,13.133,7.0,DDR3,1066,1,2,2,1354.3000000000002
Mushkin 976647A 8 GB,"3,1333","2,4",4.183,Black / Green,13.503,9.0,DDR3,1333,2,4,8,1940.68
GeIL Green 8 GB,"3,1333","2,4",8.988,Black / Green,13.503,9.0,DDR3,1333,2,4,8,4170.200000000001
Mushkin 976643A 4 GB,"3,1066","2,2",7.925,Black / Blue,13.133,7.0,DDR3,1066,2,2,4,1838.6
Patriot Mac 8 GB,"3,1333","2,4",9.369,Black / Blue,13.503,9.0,DDR3,1333,2,4,8,4347.1
Patriot Viper 3 Low Profile Black 16 GB,"3,1866","2,8",6.186,Black / Silver,10.718,10.0,DDR3,1866,2,8,16,5740.26
Patriot Viper 3 Low Profile Black 8 GB,"3,1600","2,4",8.31,Black / Silver,11.25,9.0,DDR3,1600,2,4,8,3855.84
Patriot Viper 3 Low Profile Red 8 GB,"3,1600","2,4",8.4,Black / Red,11.25,9.0,DDR3,1600,2,4,8,3897.6000000000004
Patriot Viper 3 Red 8 GB,"3,1866","2,4",9.595,Black / Red,9.646,9.0,DDR3,1866,2,4,8,4452.08
Patriot Viper 3 Low Profile Black 8 GB,"3,2133","2,4",9.258,Black / Silver,10.314,11.0,DDR3,2133,2,4,8,4295.4800000000005
Samsung M393B2G70BH0-YH9 16 GB,"3,1333","1,16",,Black / Green,13.503,9.0,DDR3,1333,1,16,16,2841.42
Kingston KVR21R15S4/8 8 GB,"4,2133","1,8",3.623,Black / Green,14.065,15.0,DDR4,2133,1,8,8,1680.84
Crucial CT16G4VFD4213 16 GB,"4,2133","1,16",4.059,Black / Green,14.065,15.0,DDR4,2133,1,16,16,3767.1000000000004
Crucial CT8G4VFS4213 8 GB,"4,2133","1,8",3.624,Black / Green,14.065,15.0,DDR4,2133,1,8,8,1681.4199999999998
Crucial CT8G4RFS4213 8 GB,"4,2133","1,8",4.374,Black / Green,14.065,15.0,DDR4,2133,1,8,8,2029.42
Patriot Extreme Performance 32 GB,"4,2133","4,8",5.233,Black / White,14.065,15.0,DDR4,2133,4,8,32,9712.68
Mushkin Proline 8 GB,"3,1333","1,8",5.225,Black / Green,13.503,9.0,DDR3,1333,1,8,8,2424.3999999999996
Mushkin 992082 32 GB,"3,1333","1,32",2.871,Silver,13.503,9.0,DDR3,1333,1,32,32,5328.46
Kingston KVR16R11D4/16HB 16 GB,"3,1600","1,16",6.729,Black / Green,13.75,11.0,DDR3,1600,1,16,16,6244.86
Kingston KVR16R11S4/8HB 8 GB,"3,1600","1,8",18.047,Black / Green,13.75,11.0,DDR3,1600,1,8,8,8374.039999999999
Patriot Viper 4 16 GB,"4,2666","4,4",6.174,Black / Red,11.253,15.0,DDR4,2666,4,4,16,5729.24
Patriot Viper 4 32 GB,"4,2666","4,8",5.254,Black / Red,11.253,15.0,DDR4,2666,4,8,32,9751.539999999999
ADATA ADDS1600W4G11-S 4 GB,"3,1600","1,4",5.455,Black / Green,13.75,11.0,DDR3,1600,1,4,4,1265.56
Kingston KTH-PL421/8G 8 GB,"4,2133","1,8",3.065,Green,14.065,15.0,DDR4,2133,1,8,8,1422.16
Kingston KTL-TS421/8G 8 GB,"4,2133","1,8",3.624,Green,14.065,15.0,DDR4,2133,1,8,8,1681.4199999999998
Crucial CT16G3ERSLD41339 16 GB,"3,1333","1,16",1.812,Green,13.503,9.0,DDR3,1333,1,16,16,1681.4199999999998
Crucial CT3KIT51272BD160B 12 GB,"3,1600","3,4",,Green,13.75,11.0,DDR3,1600,3,4,12,7552.76
Crucial CT8G3ERSLD41339 8 GB,"3,1333","1,8",2.905,Green,13.503,9.0,DDR3,1333,1,8,8,1347.9199999999998
Crucial CT8G3ERSLD8160B 8 GB,"3,1600","1,8",6.874,Green,13.75,11.0,DDR3,1600,1,8,8,3189.42
Crucial CT8G3ERSLQ81067 8 GB,"3,1066","1,8",6.124,Green,13.133,7.0,DDR3,1066,1,8,8,2841.42
Crucial CT8G3ERSLS4160B 8 GB,"3,1600","1,8",3.124,Green,13.75,11.0,DDR3,1600,1,8,8,1449.4199999999998
Kingston KTH-PL316S8/4G 4 GB,"3,1600","1,4",5.997,Green,13.75,11.0,DDR3,1600,1,4,4,1391.4199999999998
Kingston KVR16R11S8/4EF 4 GB,"3,1600","1,4",16.165,Green,13.75,11.0,DDR3,1600,1,4,4,3750.2799999999997
Kingston KVR16R11S8/4I 4 GB,"3,1600","1,4",7.247,Green,13.75,11.0,DDR3,1600,1,4,4,1681.4199999999998
Kingston KVR16R11S8/4KF 4 GB,"3,1600","1,4",5.237,Green,13.75,11.0,DDR3,1600,1,4,4,1215.1
Kingston KVR18R13D4/16 16 GB,"3,1866","1,16",5.746,Blue,13.934,13.0,DDR3,1866,1,16,16,5331.9400000000005
Kingston KVR16R11D4K4/32 32 GB,"3,1600","4,8",4.656,Green,13.75,11.0,DDR3,1600,4,8,32,8642.0
Kingston KVR16R11D8/4HC 4 GB,"3,1600","1,4",7.487,Green,13.75,11.0,DDR3,1600,1,4,4,1737.1
Kingston KVR16R11D8/8I 8 GB,"3,1600","1,8",9.617,Green,13.75,11.0,DDR3,1600,1,8,8,4462.5199999999995
Kingston KVR16R11D8L/8 8 GB,"3,1600","1,8",7.499,Green,13.75,11.0,DDR3,1600,1,8,8,3479.42
Kingston KVR16R11S8/4 4 GB,"3,1600","1,4",4.875,Green,13.75,11.0,DDR3,1600,1,4,4,1131.0
Kingston KVR16R11D8/8KF 8 GB,"3,1600","1,8",7.247,Green,13.75,11.0,DDR3,1600,1,8,8,3362.8399999999997
Kingston KVR16R11D8K4/32I 32 GB,"3,1600","4,8",,Green,13.75,11.0,DDR3,1600,4,8,32,13377.119999999999
Kingston KVR16R11S4/8I 8 GB,"3,1600","1,8",5.343,Green,13.75,11.0,DDR3,1600,1,8,8,2478.92
Kingston KVR16R11S4/8 8 GB,"3,1600","1,8",5.975,Green,13.75,11.0,DDR3,1600,1,8,8,2772.3999999999996
Kingston KVR16R11D4/8HC 8 GB,"3,1600","1,8",3.68,Green,13.75,11.0,DDR3,1600,1,8,8,1707.52
Kingston KVR16R11D4/8 8 GB,"3,1600","1,8",2.371,Green,13.75,11.0,DDR3,1600,1,8,8,1100.26
Kingston KVR16LSE11/8 8 GB,"3,1600","1,8",5.875,Green,13.75,11.0,DDR3,1600,1,8,8,2726.0
Kingston KVR16LR11S8/4 4 GB,"3,1600","1,4",14.095,Green,13.75,11.0,DDR3,1600,1,4,4,3270.04
Kingston KVR16LR11D8K4/32I 32 GB,"3,1600","4,8",6.25,Green,13.75,11.0,DDR3,1600,4,8,32,11599.42
Kingston KVR16LR11D4/16 16 GB,"3,1600","1,16",1.409,Green,13.75,11.0,DDR3,1600,1,16,16,1307.9
Kingston KVR16LE11S8/4KF 4 GB,"3,1600","1,4",8.145,Green,13.75,11.0,DDR3,1600,1,4,4,1889.6399999999999
Kingston KVR16LE11S8/4 4 GB,"3,1600","1,4",11.357,Green,13.75,11.0,DDR3,1600,1,4,4,2634.94
Kingston KVR16LE11L/8 8 GB,"3,1600","1,8",7.36,Green,13.75,11.0,DDR3,1600,1,8,8,3415.04
Kingston KTM-SX316S/8G 8 GB,"3,1600","1,8",6.796,Green,13.75,11.0,DDR3,1600,1,8,8,3153.46
Kingston KVR1066D3S8E7S/2G 2 GB,"3,1066","1,2",9.99,Green,13.133,7.0,DDR3,1066,1,2,2,1158.84
Kingston KVR1333D3D4R9S/4GED 4 GB,"3,1333","1,4",7.27,Green,13.503,9.0,DDR3,1333,1,4,4,1686.6399999999999
Kingston KVR1333D3D4R9S/8G 8 GB,"3,1333","1,8",4.987,Green,13.503,9.0,DDR3,1333,1,8,8,2314.2
Kingston KVR1333D3D4R9SK2/16G 16 GB,"3,1333","2,8",4.656,Green,13.503,9.0,DDR3,1333,2,8,16,4321.0
Kingston KVR1333D3E9S/8G 8 GB,"3,1333","1,8",4.884,Green,13.503,9.0,DDR3,1333,1,8,8,2266.06
Kingston KVR1333D3E9SK2/8G 8 GB,"3,1333","2,4",3.671,Green,13.503,9.0,DDR3,1333,2,4,8,1703.46
Kingston KVR1333D3E9SK3/24G 24 GB,"3,1333","3,8",4.375,Green,13.503,9.0,DDR3,1333,3,8,24,6089.42
Kingston KVR1333D3Q8R9S/8G 8 GB,"3,1333","1,8",3.619,Green,13.503,9.0,DDR3,1333,1,8,8,1679.1
Kingston KVR1333D3S8R9S/2G 2 GB,"3,1333","1,2",5.995,Green,13.503,9.0,DDR3,1333,1,2,2,695.42
Kingston KVR13E9/2I 2 GB,"3,1333","1,2",21.805,Green,13.503,9.0,DDR3,1333,1,2,2,2529.38
Kingston KVR13E9/4I 4 GB,"3,1333","1,4",7.247,Green,13.503,9.0,DDR3,1333,1,4,4,1681.4199999999998
Kingston KVR13E9/8I 8 GB,"3,1333","1,8",7.621,Green,13.503,9.0,DDR3,1333,1,8,8,3536.2599999999998
Kingston KVR13LE9S8/4EF 4 GB,"3,1333","1,4",7.247,Green,13.503,9.0,DDR3,1333,1,4,4,1681.4199999999998
Kingston KVR13LR9D4/16 16 GB,"3,1333","1,16",2.499,Green,13.503,9.0,DDR3,1333,1,16,16,2319.42
Kingston KVR13LR9D4/16HA 16 GB,"3,1333","1,16",3.062,Green,13.503,9.0,DDR3,1333,1,16,16,2841.42
Kingston KVR13LR9D4/16I 16 GB,"3,1333","1,16",2.739,Green,13.503,9.0,DDR3,1333,1,16,16,2542.14
Kingston KVR13LR9S4/8 8 GB,"3,1333","1,8",3.124,Green,13.503,9.0,DDR3,1333,1,8,8,1449.4199999999998
Kingston KVR13LR9S4/8HA 8 GB,"3,1333","1,8",3.624,Green,13.503,9.0,DDR3,1333,1,8,8,1681.4199999999998
Kingston KVR13LSE9/8 8 GB,"3,1333","1,8",15.0,Green,13.503,9.0,DDR3,1333,1,8,8,6960.0
Kingston KVR13R9D4/16 16 GB,"3,1333","1,16",2.058,Green,13.503,9.0,DDR3,1333,1,16,16,1909.94
Kingston KVR13R9D4/16I 16 GB,"3,1333","1,16",2.812,Green,13.503,9.0,DDR3,1333,1,16,16,2609.42
Kingston KVR13R9D4/8I 8 GB,"3,1333","1,8",5.575,Green,13.503,9.0,DDR3,1333,1,8,8,2586.8
Kingston KVR13R9D4K3/48 48 GB,"3,1333","3,16",2.062,Green,13.503,9.0,DDR3,1333,3,16,48,5741.42
Kingston KVR13R9D4K3/48I 48 GB,"3,1333","3,16",2.062,Green,13.503,9.0,DDR3,1333,3,16,48,5741.42
Kingston KVR13R9D8/8 8 GB,"3,1333","1,8",7.476,Green,13.503,9.0,DDR3,1333,1,8,8,3468.98
Kingston KVR13R9S4/4I 4 GB,"3,1333","1,4",3.833,Green,13.503,9.0,DDR3,1333,1,4,4,889.14
Kingston KVR16E11/4 4 GB,"3,1600","1,4",7.482,Green,13.75,11.0,DDR3,1600,1,4,4,1735.94
Kingston KVR16E11/8I 8 GB,"3,1600","1,8",5.625,Green,13.75,11.0,DDR3,1600,1,8,8,2610.0
Mushkin Proline 8 GB,"3,1333","1,8",3.723,Silver,13.503,9.0,DDR3,1333,1,8,8,1727.24
Mushkin Proline 16 GB,"3,1333","1,16",4.604,Green,13.503,9.0,DDR3,1333,1,16,16,4272.86
Mushkin Proline 16 GB,"3,1333","1,16",2.952,Blue,13.503,9.0,DDR3,1333,1,16,16,2739.3399999999997
Mushkin Proline 8 GB,"3,1866","1,8",5.999,Green,13.934,13.0,DDR3,1866,1,8,8,2783.42
Crucial CT102472BD1339 8 GB,"3,1333","1,8",4.374,Green,13.503,9.0,DDR3,1333,1,8,8,2029.42
Crucial CT8G4RFD8213 8 GB,"4,2133","1,8",3.374,Black / Green,14.065,15.0,DDR4,2133,1,8,8,1565.4199999999998
Mushkin Essentials 8 GB,"3,1600","1,8",2.17,Black / Green,13.75,11.0,DDR3,1600,1,8,8,1006.88
Kingston KVR16LR11S8/4HB 4 GB,"3,1600","1,4",12.97,Black / Green,13.75,11.0,DDR3,1600,1,4,4,3009.04
Kingston KVR16R11S8/4HB 4 GB,"3,1600","1,4",4.995,Black / Green,13.75,11.0,DDR3,1600,1,4,4,1158.84
PNY Anarchy 8 GB,"3,2800","2,4",,Black / Red,8.571,12.0,DDR3,2800,2,4,8,6221.66
Mushkin Essentials 4 GB,"4,2133","1,4",5.997,Black / Green,14.065,15.0,DDR4,2133,1,4,4,1391.4199999999998
PNY Anarchy 4 GB,"4,2133","1,4",,Black / Red,14.065,15.0,DDR4,2133,1,4,4,1739.4199999999998
Kingston KVR16R11D8K3/24I 24 GB,"3,1600","3,8",,Black / Green,13.75,11.0,DDR3,1600,3,8,24,9945.84
G.Skill Ripjaws 8 GB,"4,2133","1,8",4.784,Black / Blue,14.065,15.0,DDR4,2133,1,8,8,2219.6600000000003
G.Skill Ripjaws 4 GB,"4,2400","1,4",4.31,Black,13.333,16.0,DDR4,2400,1,4,4,999.92
G.Skill Ripjaws 16 GB,"4,2666","1,16",4.875,Black,13.503,18.0,DDR4,2666,1,16,16,4524.0
Crucial CT2KIT25664BA160BJ 4 GB,"3,1600","2,2",8.748,Black / Green,13.75,11.0,DDR3,1600,2,2,4,2029.42
Kingston ValueRAM 16 GB,"4,2133","1,16",3.684,Black / Green,14.065,15.0,DDR4,2133,1,16,16,3419.1000000000004
Kingston ValueRAM 16 GB,"4,2133","1,16",3.062,Black / Green,14.065,15.0,DDR4,2133,1,16,16,2841.42
Kingston ValueRAM 8 GB,"4,2133","1,8",4.345,Black / Green,14.065,15.0,DDR4,2133,1,8,8,2016.08
Kingston KVR21R15S4/8I 8 GB,"4,2133","1,8",4.999,Black / Green,14.065,15.0,DDR4,2133,1,8,8,2319.42
G.Skill Trident Z 64 GB,"4,3200","8,8",7.469,Silver / White,8.75,14.0,DDR4,3200,8,8,64,27724.0
G.Skill FORTIS 32 GB,"4,2400","4,8",3.594,Black / Red,13.333,16.0,DDR4,2400,4,8,32,6670.0
Kingston Impact 32 GB,"4,2400","4,8",6.25,Black,12.5,15.0,DDR4,2400,4,8,32,11599.42
Kingston ValueRAM 16 GB,"4,2133","1,16",4.683,Black / Green,14.065,15.0,DDR4,2133,1,16,16,4345.9400000000005
Mushkin Essentials 8 GB,"4,2133","2,4",3.749,Green,14.065,15.0,DDR4,2133,2,4,8,1739.4199999999998
Kingston KCP316SD8/8 8 GB,"3,1600","1,8",2.375,Black / Green,13.75,11.0,DDR3,1600,1,8,8,1102.0
G.Skill Ripjaws 16 GB,"4,3000","2,8",9.629,Black / Blue,10.667,16.0,DDR4,3000,2,8,16,8936.06
Kingston KVR24R17S8/8MA 8 GB,"4,2400","1,8",9.5,Green,14.167,17.0,DDR4,2400,1,8,8,4408.0
G.Skill Sniper X 32 GB,"4,3200","4,8",5.548,Black / Camo,10.0,16.0,DDR4,3200,4,8,32,10296.16
Crucial CT8G4RFS424A 8 GB,"4,2400","1,8",3.624,Green / Black,14.167,17.0,DDR4,2400,1,8,8,1681.4199999999998
Kingston KSM24RS4/16HAI 16 GB,"4,2400","1,16",4.311,Green / Black,14.167,17.0,DDR4,2400,1,16,16,4000.84
Mushkin Essentials 32 GB,"4,2400","2,16",3.917,Green / Black,14.167,17.0,DDR4,2400,2,16,32,7269.14
Patriot Signature Line 16 GB,"4,2133","1,16",,Green / Black,14.065,15.0,DDR4,2133,1,16,16,2917.3999999999996
V7 V7192008GBS 8 GB,"4,2400","1,8",4.366,Green / Black,14.167,17.0,DDR4,2400,1,8,8,2025.94
Kingston ValueRAM 8 GB,"4,2400","1,8",5.059,Green / Black,14.167,17.0,DDR4,2400,1,8,8,2347.2599999999998
Crucial CT102464BF186D 8 GB,"3,1866","1,8",3.311,Green / Black,13.934,13.0,DDR3,1866,1,8,8,1536.4199999999998
Crucial CT25664BD160BJ 2 GB,"3,1600","1,2",9.99,Green / Black,13.75,11.0,DDR3,1600,1,2,2,1158.84
Crucial CT2K8G3ERSLS4160B 16 GB,"3,1600","2,8",11.796,Green / Black,13.75,11.0,DDR3,1600,2,8,16,10946.34
Crucial CT8G3ERSDD8186D 8 GB,"3,1866","1,8",4.874,Green / Black,13.934,13.0,DDR3,1866,1,8,8,2261.42
Patriot Signature Line 4 GB,"3,1600","1,4",12.11,Green / Black,13.75,11.0,DDR3,1600,1,4,4,2809.52
Crucial CT102472BF160B 8 GB,"3,1600","1,8",5.624,Green / Black,13.75,11.0,DDR3,1600,1,8,8,2609.42
Crucial CT16G4WFD824A 16 GB,"4,2400","1,16",4.561,Green,14.167,17.0,DDR4,2400,1,16,16,4232.84
Kingston KTH-PL426/16G 16 GB,"4,2666","1,16",6.469,Green / Black,14.254,19.0,DDR4,2666,1,16,16,6003.0
Kingston KTH-PL426S8/8G 8 GB,"4,2666","1,8",6.874,Green / Black,14.254,19.0,DDR4,2666,1,8,8,3189.42
Kingston KCS-UC426/16G 16 GB,"4,2666","1,16",5.249,Green / Black,14.254,19.0,DDR4,2666,1,16,16,4871.42
Crucial CT8G4RFS824A 8 GB,"4,2400","1,8",3.624,Green / Black,14.167,17.0,DDR4,2400,1,8,8,1681.4199999999998
G.Skill Sniper X 32 GB,"4,3600","4,8",6.188,Silver / Camo,10.556,19.0,DDR4,3600,4,8,32,11484.0
Crucial CT4G4RFS8266 4 GB,"4,2666","1,4",6.35,Green / Black,14.254,19.0,DDR4,2666,1,4,4,1473.1999999999998
Corsair CMSX4GX4M1A2400C16 4 GB,"4,2400","1,4",5.362,Black,13.333,16.0,DDR4,2400,1,4,4,1244.1
Kingston ValueRAM 16 GB,"4,2400","1,16",2.962,Green / Black,14.167,17.0,DDR4,2400,1,16,16,2749.2
Kingston KCP424SS8/8 8 GB,"4,2400","1,8",3.375,Green / Black,14.167,17.0,DDR4,2400,1,8,8,1566.0
Mushkin Essentials 32 GB,"4,2666","1,32",3.25,Green / Black,14.254,19.0,DDR4,2666,1,32,32,6032.0
Mushkin Redline 16 GB,"4,3466","2,8",8.598,Red / Silver,10.387,18.0,DDR4,3466,2,8,16,7978.4800000000005
Kingston KCP426SS6/4 4 GB,"4,2666","1,4",8.873,Green / Black,12.753,17.0,DDR4,2666,1,4,4,2058.42
Thermaltake TOUGHRAM 16 GB,"4,4000","2,8",8.41,Black / Silver,9.5,19.0,DDR4,4000,2,8,16,7804.4800000000005
Thermaltake TOUGHRAM 16 GB,"4,4000","2,8",8.41,White / Silver,9.5,19.0,DDR4,4000,2,8,16,7804.4800000000005
PNY Performance 8 GB,"4,2666","1,8",,Black,14.254,19.0,DDR4,2666,1,8,8,2202.8399999999997
Kingston KSM26RS8/16MEI 16 GB,"4,2666","1,16",14.875,,14.254,19.0,DDR4,2666,1,16,16,13804.0
Kingston Server Premier 16 GB,"4,2666","1,16",5.707,,14.254,19.0,DDR4,2666,1,16,16,5295.9800000000005
Kingston Server Premier 16 GB,"4,2666","1,16",5.487,,14.254,19.0,DDR4,2666,1,16,16,5091.820000000001
Kingston Server Premier 32 GB,"4,2666","1,32",,,14.254,19.0,DDR4,2666,1,32,32,8119.42
Kingston Server Premier 32 GB,"4,2666","1,32",6.62,,14.254,19.0,DDR4,2666,1,32,32,12287.3
Kingston Server Premier 32 GB,"4,2666","1,32",,,14.254,19.0,DDR4,2666,1,32,32,7481.42
Kingston Server Premier 32 GB,"4,2666","1,32",3.75,,14.254,19.0,DDR4,2666,1,32,32,6959.42
Kingston Server Premier 16 GB,"4,2666","1,16",5.524,,14.254,19.0,DDR4,2666,1,16,16,5126.62
Kingston Server Premier 16 GB,"4,2666","1,16",7.43,,14.254,19.0,DDR4,2666,1,16,16,6895.04
Kingston Server Premier 16 GB,"4,2666","1,16",5.624,,14.254,19.0,DDR4,2666,1,16,16,5219.42
Kingston Server Premier 16 GB,"4,2666","1,16",4.686,,14.254,19.0,DDR4,2666,1,16,16,4348.84
Kingston Server Premier 16 GB,"4,2666","1,16",16.0,,14.254,19.0,DDR4,2666,1,16,16,14848.0
Kingston Server Premier 8 GB,"4,2666","1,8",7.161,,14.254,19.0,DDR4,2666,1,8,8,3322.82
Kingston Server Premier 32 GB,"4,2933","1,32",5.937,,14.32,21.0,DDR4,2933,1,32,32,11019.42
Kingston Server Premier 16 GB,"4,3200","1,16",5.57,,13.75,22.0,DDR4,3200,1,16,16,5168.96
Kingston Server Premier 16 GB,"4,3200","1,16",7.431,,13.75,22.0,DDR4,3200,1,16,16,6896.200000000001
Kingston Server Premier 16 GB,"4,3200","1,16",6.624,,13.75,22.0,DDR4,3200,1,16,16,6147.42
Kingston Server Premier 16 GB,"4,3200","1,16",6.312,,13.75,22.0,DDR4,3200,1,16,16,5857.42
Kingston Server Premier 32 GB,"4,3200","1,32",6.689,,13.75,22.0,DDR4,3200,1,32,32,12414.900000000001
Kingston Server Premier 32 GB,"4,3200","1,32",3.593,,13.75,22.0,DDR4,3200,1,32,32,6668.84
Kingston Server Premier 32 GB,"4,3200","1,32",4.68,,13.75,22.0,DDR4,3200,1,32,32,8686.66
Kingston ValueRAM 32 GB,"5,4800","1,32",2.904,,16.667,40.0,DDR5,4800,1,32,32,5390.5199999999995
Kingston ValueRAM 64 GB,"5,4800","2,32",3.747,,16.667,40.0,DDR5,4800,2,32,64,13908.98
Kingston ValueRAM 16 GB,"4,2666","1,16",3.392,,14.254,19.0,DDR4,2666,1,16,16,3147.6600000000003
Kingston ValueRAM 8 GB,"4,2666","1,8",4.875,,14.254,19.0,DDR4,2666,1,8,8,2262.0
Mushkin Redline 32 GB,"4,2800","2,16",5.625,Black,12.143,17.0,DDR4,2800,2,16,32,10439.42
Mushkin Redline 32 GB,"4,2666","2,16",2.843,,14.254,19.0,DDR4,2666,2,16,32,5277.42
Mushkin Redline 32 GB,"4,3200","2,16",8.454,Red,10.0,16.0,DDR4,3200,2,16,32,15690.16
Mushkin Redline 32 GB,"4,2800","2,16",7.26,Red,12.143,17.0,DDR4,2800,2,16,32,13474.56
Mushkin Redline 16 GB,"4,2666","2,8",4.041,Red,12.003,16.0,DDR4,2666,2,8,16,3750.2799999999997
Mushkin Silverline 4 GB,"4,2133","1,4",8.117,Silver,14.065,15.0,DDR4,2133,1,4,4,1883.26
Mushkin Silverline 8 GB,"4,2133","2,4",9.466,Silver,14.065,15.0,DDR4,2133,2,4,8,4392.34
Mushkin Silverline 8 GB,"4,2400","1,8",5.218,Silver,14.167,17.0,DDR4,2400,1,8,8,2420.92
Mushkin Proline 8 GB,"4,2133","1,8",5.511,,14.065,15.0,DDR4,2133,1,8,8,2557.2200000000003
G.Skill F4-3200C16Q-64GTZSK 64 GB,"4,3200","4,16",5.141,Gray / Black,10.0,16.0,DDR4,3200,4,16,64,19082.0
G.Skill F4-3600C16Q2-64GTZSW 64 GB,"4,3600","8,8",6.829,Gray / White,8.889,16.0,DDR4,3600,8,8,64,25350.64
Kingston FURY Renegade 16 GB,"5,6400","1,16",5.947,Silver / Black,10.0,32.0,DDR5,6400,1,16,16,5519.28
Patriot Signature Line 16 GB,"4,2666","1,16",2.499,,14.254,19.0,DDR4,2666,1,16,16,2319.42
Kingston ValueRAM 16 GB,"4,2133","1,16",4.686,,14.065,15.0,DDR4,2133,1,16,16,4348.84
Silicon Power SP016GBSVU560F02 16 GB,"5,5600","1,16",3.714,Black,16.429,46.0,DDR5,5600,1,16,16,3446.36
Mushkin MES4S266KF8GX2 16 GB,"4,2666","2,8",3.886,,14.254,19.0,DDR4,2666,2,8,16,3605.86
Mushkin MES4S266KF8G 8 GB,"4,2666","1,8",4.626,,14.254,19.0,DDR4,2666,1,8,8,2146.58
Mushkin MES4S266KF16G 16 GB,"4,2666","1,16",2.547,,14.254,19.0,DDR4,2666,1,16,16,2363.5
Mushkin MES4S240HF8G 8 GB,"4,2400","1,8",2.845,,14.167,17.0,DDR4,2400,1,8,8,1320.0800000000002
Mushkin MES4S266KF4G 4 GB,"4,2666","1,4",9.043,,14.254,19.0,DDR4,2666,1,4,4,2097.86
Mushkin MES4S266KF4GX2 8 GB,"4,2666","2,4",5.305,,14.254,19.0,DDR4,2666,2,4,8,2461.52
Mushkin MES4S240HF4GX2 8 GB,"4,2400","2,4",10.661,,14.167,17.0,DDR4,2400,2,4,8,4946.820000000001
Mushkin MES4S240HF4G 4 GB,"4,2400","1,4",4.232,,14.167,17.0,DDR4,2400,1,4,4,981.9399999999999
Mushkin MES4S240HF16G 16 GB,"4,2400","1,16",2.098,,14.167,17.0,DDR4,2400,1,16,16,1946.48
TEAMGROUP T-Create Master 128 GB,"5,6800","8,16",8.594,Black,10.0,34.0,DDR5,6800,8,16,128,63799.42
V-Color TRA516G56S836Q 64 GB,"5,5600","4,16",7.125,White,12.857,36.0,DDR5,5600,4,16,64,26447.420000000002
V-Color TRA516G66S834Q 64 GB,"5,6600","4,16",9.375,White,10.303,34.0,DDR5,6600,4,16,64,34799.42
V-Color TRA516G68S834Q 64 GB,"5,6800","4,16",10.5,White,10.0,34.0,DDR5,6800,4,16,64,38975.42
V-Color TRA516G76S838Q 64 GB,"5,7600","4,16",13.75,White,10.0,38.0,DDR5,7600,4,16,64,51039.42
V-Color TRA524G66S834Q 96 GB,"5,6600","4,24",8.25,White,10.303,34.0,DDR5,6600,4,24,96,45935.42
V-Color TRA524G68S834Q 96 GB,"5,6800","4,24",9.0,White,10.0,34.0,DDR5,6800,4,24,96,50111.42
V-Color TRA524G70S834R3Q 96 GB,"5,7000","4,24",10.0,White,9.714,34.0,DDR5,7000,4,24,96,55679.42
V-Color TRA524G72S834R3Q 96 GB,"5,7200","4,24",11.0,White,9.444,34.0,DDR5,7200,4,24,96,61247.42
Kingston FURY Renegade Pro 128 GB,"5,4800","8,16",7.734,Black,15.0,36.0,DDR5,4800,8,16,128,57420.0
Kingston FURY Renegade Pro 256 GB,"5,6000","8,32",6.754,Black,10.667,32.0,DDR5,6000,8,32,256,100282.0
V-Color TRA516G60S832O 128 GB,"5,6000","8,16",7.953,Black,10.667,32.0,DDR5,6000,8,16,128,59043.42
V-Color TRA516G64S832O 128 GB,"5,6400","8,16",8.547,Black,10.0,32.0,DDR5,6400,8,16,128,63451.42
V-Color TRA516G66S834O 128 GB,"5,6600","8,16",9.375,Black,10.303,34.0,DDR5,6600,8,16,128,69599.42
V-Color TRA516G68S834O 128 GB,"5,6800","8,16",10.422,Black,10.0,34.0,DDR5,6800,8,16,128,77371.42
V-Color TRA516G70S834O 128 GB,"5,7000","8,16",11.547,Black,9.714,34.0,DDR5,7000,8,16,128,85723.42
V-Color TRA524G60S832O 192 GB,"5,6000","8,24",6.948,Black,10.667,32.0,DDR5,6000,8,24,192,77371.42
V-Color TRA524G66S834O 192 GB,"5,6600","8,24",8.198,Black,10.303,34.0,DDR5,6600,8,24,192,91291.42
V-Color TRA524G68S834O 192 GB,"5,6800","8,24",8.948,Black,10.0,34.0,DDR5,6800,8,24,192,99643.42
V-Color TRA532G56S436O 256 GB,"5,5600","8,32",6.18,Black,12.857,36.0,DDR5,5600,8,32,256,91755.42
V-Color TRA532G62D832O 256 GB,"5,6200","8,32",7.461,Black,10.968,34.0,DDR5,6200,8,32,256,110779.42
V-Color TRA532G64D832O 256 GB,"5,6400","8,32",8.211,Black,10.0,32.0,DDR5,6400,8,32,256,121915.41999999998
