name,capacity,price_per_gb,type,cache,form_factor,interface,price
Samsung 990 Pro,2000.0,0.075,SSD,2048.0,M.2-2280,M.2 PCIe 4.0 X4,8699.42
Crucial P3 Plus,1000.0,0.057,SSD,,M.2-2280,M.2 PCIe 4.0 X4,3303.1000000000004
Crucial P3 Plus,2000.0,0.057,SSD,,M.2-2280,M.2 PCIe 4.0 X4,6609.1
Samsung 990 Pro,4000.0,0.075,SSD,4096.0,M.2-2280,M.2 PCIe 4.0 X4,17399.420000000002
Kingston NV3,1000.0,0.058,SSD,,M.2-2280,M.2 PCIe 4.0 X4,3364.0
Samsung 990 Pro,1000.0,0.1,SSD,1024.0,M.2-2280,M.2 PCIe 4.0 X4,5799.42
Samsung 990 EVO Plus,2000.0,0.065,SSD,,M.2-2280,M.2 PCIe 5.0 X2,7539.42
Western Digital WD_Black SN850X,2000.0,0.077,SSD,,M.2-2280,M.2 PCIe 4.0 X4,8963.32
Silicon Power UD90,2000.0,0.046,SSD,,M.2-2280,M.2 PCIe 4.0 X4,5392.26
Samsung 9100 PRO,4000.0,0.107,SSD,4096.0,M.2-2280,M.2 PCIe 5.0 X4,24939.420000000002
Samsung 990 EVO Plus,1000.0,0.075,SSD,,M.2-2280,M.2 PCIe 5.0 X2,4348.84
Seagate Barracuda Compute,2000.0,0.033,7200,256.0,3.5,SATA 6.0 Gb/s,3885.4199999999996
Klevv CRAS C910,1000.0,0.058,SSD,,M.2-2280,M.2 PCIe 4.0 X4,3363.42
Western Digital Black SN770,1000.0,0.078,SSD,,M.2-2280,M.2 PCIe 4.0 X4,4522.84
Crucial P3 Plus,500.0,0.09,SSD,,M.2-2280,M.2 PCIe 4.0 X4,2609.42
Western Digital Black SN770,2000.0,0.062,SSD,,M.2-2280,M.2 PCIe 4.0 X4,7249.42
Samsung 870 Evo,1000.0,0.093,SSD,1024.0,2.5,SATA 6.0 Gb/s,5388.200000000001
Western Digital WD_Black SN850X,8000.0,0.075,SSD,,M.2-2280,M.2 PCIe 4.0 X4,34771.0
Western Digital WD_Black SN850X,4000.0,0.067,SSD,,M.2-2280,M.2 PCIe 4.0 X4,15564.300000000001
Samsung 9100 PRO,2000.0,0.115,SSD,2048.0,M.2-2280,M.2 PCIe 5.0 X4,13339.42
Kingston NV3,2000.0,0.057,SSD,,M.2-2280,M.2 PCIe 4.0 X4,6641.0
Crucial P3 Plus,4000.0,0.053,SSD,,M.2-2280,M.2 PCIe 4.0 X4,12264.099999999999
Western Digital WD_Black SN850X,1000.0,0.092,SSD,,M.2-2280,M.2 PCIe 4.0 X4,5318.0199999999995
Silicon Power UD90,1000.0,0.052,SSD,,M.2-2280,M.2 PCIe 4.0 X4,3015.42
Western Digital Blue SN580,1000.0,0.065,SSD,,M.2-2280,M.2 PCIe 4.0 X4,3769.4199999999996
Samsung 990 EVO Plus,4000.0,0.062,SSD,,M.2-2280,M.2 PCIe 5.0 X2,14499.42
Klevv CRAS C910,2000.0,0.052,SSD,,M.2-2280,M.2 PCIe 4.0 X4,6031.42
Seagate IronWolf Pro,24000.0,0.02,7200,512.0,3.5,SATA 6.0 Gb/s,27839.420000000002
TEAMGROUP MP44L,1000.0,0.058,SSD,,M.2-2280,M.2 PCIe 4.0 X4,3363.42
Intel SSDPEDMD020T401,2000.0,1.968,SSD,,PCIe,PCIe x4,228346.0
SK Hynix Platinum P41,2000.0,0.057,SSD,,M.2-2280,M.2 PCIe 4.0 X4,6669.42
Seagate BarraCuda,4000.0,0.019,5400,256.0,3.5,SATA 6.0 Gb/s,4349.42
Samsung 980 Pro,2000.0,0.092,SSD,2048.0,M.2-2280,M.2 PCIe 4.0 X4,10727.099999999999
Samsung 970 Evo Plus,1000.0,0.134,SSD,1024.0,M.2-2280,M.2 PCIe 3.0 X4,7772.0
Patriot P300,512.0,0.066,SSD,,M.2-2280,M.2 PCIe 3.0 X4,1971.42
Western Digital Caviar Blue,1000.0,0.043,7200,64.0,3.5,SATA 6.0 Gb/s,2493.42
Samsung 870 Evo,4000.0,0.066,SSD,4096.0,2.5,SATA 6.0 Gb/s,15370.0
Crucial T500,2000.0,0.062,SSD,,M.2-2280,M.2 PCIe 4.0 X4,7249.42
TEAMGROUP MP33,1000.0,0.055,SSD,,M.2-2280,M.2 PCIe 3.0 X4,3189.42
Western Digital Blue SN580,2000.0,0.057,SSD,,M.2-2280,M.2 PCIe 4.0 X4,6669.42
Samsung 980 Pro,1000.0,0.14,SSD,1024.0,M.2-2280,M.2 PCIe 4.0 X4,8120.0
Crucial P310,1000.0,0.065,SSD,,M.2-2280,M.2 PCIe 4.0 X4,3769.4199999999996
Kingston NV2,1000.0,0.066,SSD,,M.2-2280,M.2 PCIe 4.0 X4,3814.66
Mushkin Source HC,16000.0,0.19,SSD,,2.5,SATA 6.0 Gb/s,175914.0
Sabrent Rocket 4 Plus,8000.0,0.132,SSD,,M.2-2280,M.2 PCIe 4.0 X4,61415.62
TEAMGROUP MP44L,2000.0,0.053,SSD,,M.2-2280,M.2 PCIe 4.0 X4,6147.42
Seagate Barracuda Compute,8000.0,0.016,5400,256.0,3.5,SATA 6.0 Gb/s,7540.0
Samsung 870 Evo,2000.0,0.084,SSD,2048.0,2.5,SATA 6.0 Gb/s,9786.92
Samsung 9100 PRO,1000.0,0.155,SSD,1024.0,M.2-2280,M.2 PCIe 5.0 X4,8989.42
Lexar NM790,2000.0,0.062,SSD,,M.2-2280,M.2 PCIe 4.0 X4,7249.42
Crucial T705,2000.0,0.1,SSD,,M.2-2280,M.2 PCIe 5.0 X4,11599.42
Western Digital WD Blue SN5000,1000.0,0.06,SSD,,M.2-2280,M.2 PCIe 4.0 X4,3467.82
Western Digital WD_BLACK SN7100,2000.0,0.065,SSD,,M.2-2280,M.2 PCIe 4.0 X4,7539.42
Kingston NV3,500.0,0.078,SSD,,M.2-2280,M.2 PCIe 4.0 X4,2261.42
Samsung 870 Evo,500.0,0.11,SSD,512.0,2.5,SATA 6.0 Gb/s,3189.42
Kingston KC3000,2048.0,0.079,SSD,,M.2-2280,M.2 PCIe 4.0 X4,9390.2
MSI SPATIUM M461,2000.0,,SSD,,M.2-2280,M.2 PCIe 4.0 X4,5219.42
Samsung 970 Evo Plus,500.0,0.16,SSD,512.0,M.2-2280,M.2 PCIe 3.0 X4,4639.42
PNY CS1030,1000.0,0.05,SSD,,M.2-2280,M.2 PCIe 3.0 X4,2899.42
Crucial P310,2000.0,0.056,SSD,,M.2-2280,M.2 PCIe 4.0 X4,6524.42
Samsung 870 QVO,8000.0,0.079,SSD,,2.5,SATA 6.0 Gb/s,36539.42
Western Digital WD_BLACK SN7100,1000.0,0.073,SSD,,M.2-2280,M.2 PCIe 4.0 X4,4234.0
Crucial P3,1000.0,0.069,SSD,,M.2-2280,M.2 PCIe 3.0 X4,4024.04
Patriot Burst Elite,120.0,0.104,SSD,,2.5,SATA 6.0 Gb/s,724.42
Acer Predator GM7000,2000.0,0.062,SSD,2048.0,M.2-2280,M.2 PCIe 4.0 X4,7249.42
Western Digital Blue,2000.0,0.032,7200,256.0,3.5,SATA 6.0 Gb/s,3768.84
Kingston Fury Renegade,2000.0,0.077,SSD,,M.2-2280,M.2 PCIe 4.0 X4,8932.0
Seagate BarraCuda,1000.0,0.055,7200,64.0,3.5,SATA 6.0 Gb/s,3166.2200000000003
Crucial BX500,1000.0,0.067,SSD,,2.5,SATA 6.0 Gb/s,3884.84
Western Digital WD_BLACK SN8100,4000.0,0.116,SSD,4096.0,M.2-2280,M.2 PCIe 5.0 X4,26969.420000000002
Western Digital WD Green SN3000,1000.0,0.068,SSD,,M.2-2280,M.2 PCIe 4.0 X4,3943.4199999999996
TEAMGROUP T-FORCE G50,1000.0,0.058,SSD,,M.2-2280,M.2 PCIe 4.0 X4,3363.42
Samsung 970 Evo Plus,2000.0,0.095,SSD,1024.0,M.2-2280,M.2 PCIe 3.0 X4,11017.099999999999
Samsung 990 Pro w/Heatsink,2000.0,0.08,SSD,2048.0,M.2-2280,M.2 PCIe 4.0 X4,9279.42
Lexar NM790,1000.0,0.068,SSD,,M.2-2280,M.2 PCIe 4.0 X4,3943.4199999999996
Samsung 990 EVO,2000.0,0.065,SSD,,M.2-2280,M.2 PCIe 5.0 X2,7539.42
Western Digital WD_BLACK SN8100,2000.0,0.112,SSD,2048.0,M.2-2280,M.2 PCIe 5.0 X4,13049.42
Samsung 980,1000.0,0.107,SSD,,M.2-2280,M.2 PCIe 3.0 X4,6200.200000000001
Crucial T705,4000.0,0.097,SSD,,M.2-2280,M.2 PCIe 5.0 X4,22619.420000000002
Crucial T500,1000.0,0.075,SSD,,M.2-2280,M.2 PCIe 4.0 X4,4361.0199999999995
Patriot P300,256.0,0.092,SSD,,M.2-2280,M.2 PCIe 3.0 X4,1362.4199999999998
Patriot Viper VP4300 Lite,2000.0,0.052,SSD,,M.2-2280,M.2 PCIe 4.0 X4,6030.84
Kingston A400,240.0,0.104,SSD,,2.5,SATA 6.0 Gb/s,1449.4199999999998
TEAMGROUP MP33,512.0,0.068,SSD,,M.2-2280,M.2 PCIe 3.0 X4,2029.42
TEAMGROUP T-FORCE G50,2000.0,0.052,SSD,,M.2-2280,M.2 PCIe 4.0 X4,6089.42
Samsung 990 EVO,1000.0,0.075,SSD,,M.2-2280,M.2 PCIe 5.0 X2,4348.84
Silicon Power A60,1000.0,0.055,SSD,,M.2-2280,M.2 PCIe 3.0 X4,3188.2599999999998
MSI SPATIUM M480 PRO,2000.0,0.06,SSD,2048.0,M.2-2280,M.2 PCIe 4.0 X4,6959.42
Samsung 990 Pro w/Heatsink,4000.0,0.079,SSD,4096.0,M.2-2280,M.2 PCIe 4.0 X4,18272.9
Samsung 9100 PRO w/Heatsink,4000.0,0.112,SSD,4096.0,M.2-2280,M.2 PCIe 5.0 X4,26099.420000000002
Crucial P510,1000.0,0.1,SSD,,M.2-2280,M.2 PCIe 5.0 X4,5799.42
TEAMGROUP MP44L,500.0,0.07,SSD,,M.2-2280,M.2 PCIe 4.0 X4,2029.42
Western Digital Green SN350,1000.0,0.056,SSD,,M.2-2280,M.2 PCIe 3.0 X4,3222.48
Klevv CRAS C910,4000.0,0.05,SSD,,M.2-2280,M.2 PCIe 4.0 X4,11599.42
Kingston KC3000,1024.0,0.098,SSD,,M.2-2280,M.2 PCIe 4.0 X4,5799.42
TEAMGROUP MP33 PRO,1000.0,0.055,SSD,,M.2-2280,M.2 PCIe 3.0 X4,3189.42
SK Hynix Platinum P41,1000.0,0.08,SSD,,M.2-2280,M.2 PCIe 4.0 X4,4638.84
Seagate IronWolf NAS,8000.0,0.021,7200,256.0,3.5,SATA 6.0 Gb/s,9894.22
Lexar NM790,4000.0,0.058,SSD,,M.2-2280,M.2 PCIe 4.0 X4,13340.0
Corsair MP700 Elite,2000.0,0.099,SSD,,M.2-2280,M.2 PCIe 5.0 X4,11541.42
Samsung 980,500.0,0.14,SSD,,M.2-2280,M.2 PCIe 3.0 X4,4059.4199999999996
Patriot P400 Lite,1000.0,0.055,SSD,,M.2-2280,M.2 PCIe 4.0 X4,3189.42
Western Digital Gold,24000.0,0.021,7200,512.0,3.5,SATA 6.0 Gb/s,28999.420000000002
Samsung 970 Evo,1000.0,0.146,SSD,1024.0,M.2-2280,M.2 PCIe 3.0 X4,8475.539999999999
Silicon Power UD90,4000.0,0.053,SSD,,M.2-2280,M.2 PCIe 4.0 X4,12353.42
TEAMGROUP T-Force Vulcan Z,1000.0,0.048,SSD,,2.5,SATA 6.0 Gb/s,2783.42
Seagate Exos X24,24000.0,0.02,7200,512.0,3.5,SATA 6.0 Gb/s,27839.420000000002
Kingston A400,480.0,0.077,SSD,,2.5,SATA 6.0 Gb/s,2145.42
Samsung 860 Evo,1000.0,0.142,SSD,1024.0,2.5,SATA 6.0 Gb/s,8243.539999999999
Kingston Fury Renegade,1000.0,0.118,SSD,,M.2-2280,M.2 PCIe 4.0 X4,6835.299999999999
Western Digital WD Red Pro,26000.0,0.018,7200,512.0,3.5,SATA 6.0 Gb/s,27839.420000000002
Sabrent Rocket 5,4000.0,0.182,SSD,,M.2-2280,M.2 PCIe 5.0 X4,42339.42
PNY CS1030,500.0,0.06,SSD,,M.2-2280,M.2 PCIe 3.0 X4,1739.4199999999998
Crucial T705,1000.0,0.143,SSD,,M.2-2280,M.2 PCIe 5.0 X4,8293.42
Lexar NM620,1000.0,0.058,SSD,,M.2-2280,M.2 PCIe 3.0 X4,3363.42
Crucial BX500,2000.0,0.054,SSD,,2.5,SATA 6.0 Gb/s,6321.42
Western Digital WD Blue SN5000,2000.0,0.057,SSD,,M.2-2280,M.2 PCIe 4.0 X4,6611.42
Silicon Power A55,1000.0,0.046,SSD,,2.5,SATA 6.0 Gb/s,2667.42
Seagate IronWolf NAS,4000.0,0.025,5400,256.0,3.5,SATA 6.0 Gb/s,5799.42
Patriot P300,1000.0,0.055,SSD,,M.2-2280,M.2 PCIe 3.0 X4,3189.42
Seagate BarraCuda,1000.0,0.038,7200,64.0,3.5,SATA 6.0 Gb/s,2216.7599999999998
Western Digital Black SN770,500.0,0.114,SSD,,M.2-2280,M.2 PCIe 4.0 X4,3305.42
MSI SPATIUM M480 PRO,1000.0,0.11,SSD,1024.0,M.2-2280,M.2 PCIe 4.0 X4,6360.86
Patriot P300,128.0,0.117,SSD,,M.2-2280,M.2 PCIe 3.0 X4,869.42
TEAMGROUP MP33,2000.0,0.052,SSD,,M.2-2280,M.2 PCIe 3.0 X4,6031.42
KIOXIA EXCERIA PLUS G3,1000.0,0.084,SSD,,M.2-2280,M.2 PCIe 4.0 X4,4859.24
Silicon Power P34A60,512.0,0.072,SSD,,M.2-2280,M.2 PCIe 3.0 X4,2144.2599999999998
Crucial T700,4000.0,0.095,SSD,,M.2-2280,M.2 PCIe 5.0 X4,22039.420000000002
Silicon Power A60,2000.0,0.048,SSD,,M.2-2280,M.2 PCIe 3.0 X4,5566.26
Seagate BarraCuda,2000.0,0.034,7200,64.0,3.5,SATA 6.0 Gb/s,3886.0
Samsung 990 Pro w/Heatsink,1000.0,0.11,SSD,1024.0,M.2-2280,M.2 PCIe 4.0 X4,6379.42
Kingston A400,960.0,0.06,SSD,,2.5,SATA 6.0 Gb/s,3363.42
Samsung 970 Evo Plus,250.0,0.279,SSD,512.0,M.2-2280,M.2 PCIe 3.0 X4,4047.82
Western Digital Blue SN580,500.0,0.09,SSD,,M.2-2280,M.2 PCIe 4.0 X4,2609.42
Corsair MP600 PRO XT,8000.0,0.114,SSD,,M.2-2280,M.2 PCIe 4.0 X4,52779.42
Crucial P5 Plus,1000.0,0.16,SSD,1024.0,M.2-2280,M.2 PCIe 4.0 X4,9279.42
Patriot P400 Lite,2000.0,0.052,SSD,,M.2-2280,M.2 PCIe 4.0 X4,6089.42
Western Digital Red Plus,4000.0,0.025,5400,256.0,3.5,SATA 6.0 Gb/s,5799.42
Crucial MX500,1000.0,0.15,SSD,1024.0,2.5,SATA 6.0 Gb/s,8699.42
Corsair MP700 PRO,2000.0,0.11,SSD,,M.2-2280,M.2 PCIe 5.0 X4,12759.42
Crucial T700,2000.0,0.11,SSD,,M.2-2280,M.2 PCIe 5.0 X4,12759.42
MSI SPATIUM M482,2000.0,0.055,SSD,,M.2-2280,M.2 PCIe 4.0 X4,6379.42
PNY CS1030,2000.0,0.046,SSD,,M.2-2280,M.2 PCIe 3.0 X4,5335.42
Western Digital WD_BLACK SN8100,1000.0,0.17,SSD,1024.0,M.2-2280,M.2 PCIe 5.0 X4,9859.42
TEAMGROUP T-FORCE G70 PRO Graphene,2000.0,0.061,SSD,,M.2-2280,M.2 PCIe 4.0 X4,7133.42
PNY CS2150,2000.0,0.085,SSD,,M.2-2280,M.2 PCIe 5.0 X4,9859.42
KIOXIA EXCERIA PLUS G3,2000.0,0.073,SSD,,M.2-2280,M.2 PCIe 4.0 X4,8485.98
Western Digital Red Plus,10000.0,0.018,7200,256.0,3.5,SATA 6.0 Gb/s,10439.42
Seagate Exos X24 SED,24000.0,0.024,7200,512.0,3.5,SATA 6.0 Gb/s,33152.22
Gigabyte AORUS Gen4 7300,1000.0,0.092,SSD,1024.0,M.2-2280,M.2 PCIe 4.0 X4,5335.42
Seagate Barracuda Compute,8000.0,0.016,5400,256.0,3.5,SATA 6.0 Gb/s,7249.42
TEAMGROUP QX,4000.0,0.046,SSD,,2.5,SATA 6.0 Gb/s,10613.42
Samsung 860 Evo,500.0,0.218,SSD,512.0,2.5,SATA 6.0 Gb/s,6322.0
Acer Predator GM7000,1000.0,0.078,SSD,1024.0,M.2-2280,M.2 PCIe 4.0 X4,4522.84
Seagate Surveillance HDD,2000.0,0.05,5400,64.0,3.5,SATA 6.0 Gb/s,5742.0
Crucial P3,500.0,0.088,SSD,,M.2-2280,M.2 PCIe 3.0 X4,2555.48
Seagate IronWolf Pro,4000.0,0.037,7200,256.0,3.5,SATA 6.0 Gb/s,8700.0
Silicon Power A55,2000.0,0.042,SSD,,2.5,SATA 6.0 Gb/s,4929.42
Kingston NV2,2000.0,0.059,SSD,,M.2-2280,M.2 PCIe 4.0 X4,6888.66
PNY CS2150,1000.0,0.09,SSD,,M.2-2280,M.2 PCIe 5.0 X4,5219.42
Corsair MP700 Elite,1000.0,0.135,SSD,,M.2-2280,M.2 PCIe 5.0 X4,7829.42
FanXiang S880,1000.0,0.06,SSD,,M.2-2280,M.2 PCIe 4.0 X4,3479.42
Mushkin Gamma,8000.0,0.134,SSD,,M.2-2280,M.2 PCIe 4.0 X4,61952.12
Intel D3-S4610,7680.0,0.193,SSD,,2.5,SATA 6.0 Gb/s,86130.0
Crucial BX500,4000.0,0.057,SSD,,2.5,SATA 6.0 Gb/s,13281.42
Seagate IronWolf Pro NAS,12000.0,0.021,7200,256.0,3.5,SATA 6.0 Gb/s,14499.42
Kingston NV3,4000.0,0.06,SSD,,M.2-2280,M.2 PCIe 4.0 X4,13860.84
Patriot P210,512.0,0.058,SSD,,2.5,SATA 6.0 Gb/s,1727.82
Samsung 9100 PRO w/Heatsink,2000.0,0.125,SSD,2048.0,M.2-2280,M.2 PCIe 5.0 X4,14499.42
Kingston FURY Renegade G5,4096.0,0.112,SSD,,M.2-2280,M.2 PCIe 5.0 X4,26590.68
Toshiba HDKBB96,1000.0,0.03,5400,8.0,2.5,SATA 6.0 Gb/s,1737.1
PNY CS900,1000.0,0.05,SSD,,2.5,SATA 6.0 Gb/s,2899.42
Kingston Fury Renegade,4000.0,0.077,SSD,,M.2-2280,M.2 PCIe 4.0 X4,17977.1
Western Digital Blue,1000.0,0.141,SSD,,2.5,SATA 6.0 Gb/s,8205.26
Crucial T705 W/Heatsink,4000.0,0.092,SSD,,M.2-2280,M.2 PCIe 5.0 X4,21459.420000000002
Western Digital Red Plus,8000.0,0.02,5640,256.0,3.5,SATA 6.0 Gb/s,9213.3
Western Digital Blue,4000.0,0.018,5400,256.0,3.5,SATA 6.0 Gb/s,4233.42
Crucial T500,4000.0,0.075,SSD,,M.2-2280,M.2 PCIe 4.0 X4,17400.0
Western Digital WD_BLACK SN7100,4000.0,0.06,SSD,,M.2-2280,M.2 PCIe 4.0 X4,13919.42
KingSpec XG7000,2000.0,0.049,SSD,,M.2-2280,M.2 PCIe 4.0 X4,5683.42
Crucial CT1000E100SSD8,1000.0,0.072,SSD,,M.2-2280,M.2 PCIe 4.0 X4,4147.0
Crucial P3,2000.0,0.06,SSD,,M.2-2280,M.2 PCIe 3.0 X4,6959.42
Lexar NM620,2000.0,0.07,SSD,,M.2-2280,M.2 PCIe 3.0 X4,8151.900000000001
Samsung 970 Evo,500.0,0.212,SSD,512.0,M.2-2280,M.2 PCIe 3.0 X4,6155.54
Western Digital Blue SN570,1000.0,0.123,SSD,,M.2-2280,M.2 PCIe 3.0 X4,7121.820000000001
Crucial P5 Plus,2000.0,0.114,SSD,2048.0,M.2-2280,M.2 PCIe 4.0 X4,13270.400000000001
Western Digital WD_Black SN850X w/Heatsink,8000.0,0.08,SSD,,M.2-2280,M.2 PCIe 4.0 X4,37119.42
Kingston NV2,500.0,0.092,SSD,,M.2-2280,M.2 PCIe 4.0 X4,2654.6600000000003
Western Digital WD Green SN3000,2000.0,0.06,SSD,,M.2-2280,M.2 PCIe 4.0 X4,6959.42
Western Digital Caviar Blue,500.0,0.06,7200,16.0,3.5,SATA 6.0 Gb/s,1739.4199999999998
TEAMGROUP MP33,256.0,0.094,SSD,,M.2-2280,M.2 PCIe 3.0 X4,1391.4199999999998
Seagate IronWolf Pro NAS,20000.0,0.021,7200,256.0,3.5,SATA 6.0 Gb/s,24359.420000000002
ADATA XPG GAMMIX S70 Blade,1000.0,0.076,SSD,,M.2-2280,M.2 PCIe 4.0 X4,4406.84
Kingston KC3000,512.0,0.133,SSD,,M.2-2280,M.2 PCIe 4.0 X4,3943.4199999999996
Western Digital Blue SN550,1000.0,0.105,SSD,,M.2-2280,M.2 PCIe 3.0 X4,6081.299999999999
Acer Predator GM7,2000.0,0.062,SSD,,M.2-2280,M.2 PCIe 4.0 X4,7249.42
TEAMGROUP T-Force Vulcan Z,2000.0,0.046,SSD,,2.5,SATA 6.0 Gb/s,5335.42
TEAMGROUP T-Force Delta Max RGB Lite,1000.0,0.059,SSD,,2.5,SATA 6.0 Gb/s,3421.42
Silicon Power A55,512.0,0.055,SSD,,2.5,SATA 6.0 Gb/s,1623.4199999999998
Seagate Barracuda Compute,2000.0,0.032,7200,256.0,3.5,SATA 6.0 Gb/s,3768.84
Corsair MP600 PRO NH,8000.0,0.106,SSD,,M.2-2280,M.2 PCIe 4.0 X4,49242.0
Lexar NQ790,2000.0,0.073,SSD,,M.2-2280,M.2 PCIe 4.0 X4,8513.82
PNY XLR8 CS3040,4000.0,0.125,SSD,,M.2-2280,M.2 PCIe 4.0 X4,28999.420000000002
MSI SPATIUM M371,1000.0,,SSD,,M.2-2280,M.2 PCIe 3.0 X4,2899.42
Crucial P510,2000.0,0.09,SSD,,M.2-2280,M.2 PCIe 5.0 X4,10439.42
Crucial MX500,500.0,0.264,SSD,512.0,2.5,SATA 6.0 Gb/s,7656.0
TEAMGROUP QX,2000.0,0.043,SSD,,2.5,SATA 6.0 Gb/s,4987.42
Patriot Viper VP4300 Lite,1000.0,0.065,SSD,,M.2-2280,M.2 PCIe 4.0 X4,3768.84
Samsung 980 Pro w/Heatsink,1000.0,0.151,SSD,1024.0,M.2-2280,M.2 PCIe 4.0 X4,8757.42
Crucial BX500,240.0,0.098,SSD,,2.5,SATA 6.0 Gb/s,1362.4199999999998
Western Digital WD_Black SN850X w/Heatsink,2000.0,0.087,SSD,,M.2-2280,M.2 PCIe 4.0 X4,10149.42
Western Digital WD_BLACK,4000.0,0.045,7200,256.0,3.5,SATA 6.0 Gb/s,10433.619999999999
Gigabyte AORUS Gen4 7300,2000.0,0.074,SSD,2048.0,M.2-2280,M.2 PCIe 4.0 X4,8583.42
Crucial P310,500.0,0.1,SSD,,M.2-2280,M.2 PCIe 4.0 X4,2898.8399999999997
Western Digital Blue,500.0,0.14,SSD,,2.5,SATA 6.0 Gb/s,4058.84
Seagate IronWolf Pro,16000.0,0.02,7200,256.0,3.5,SATA 6.0 Gb/s,18287.98
Crucial T700,1000.0,0.14,SSD,,M.2-2280,M.2 PCIe 5.0 X4,8119.42
ADATA LEGEND 860,1000.0,0.077,SSD,,M.2-2280,M.2 PCIe 4.0 X4,4494.42
Western Digital WD Blue SN5000,4000.0,0.058,SSD,,M.2-2280,M.2 PCIe 4.0 X4,13362.619999999999
Lexar NM620,512.0,0.078,SSD,,M.2-2280,M.2 PCIe 3.0 X4,2319.42
Silicon Power US75,2000.0,0.055,SSD,,M.2-2280,M.2 PCIe 4.0 X4,6378.26
Toshiba MG04ACA600E,6000.0,0.025,7200,128.0,3.5,SATA 6.0 Gb/s,8700.0
Corsair MP700 PRO SE,4000.0,0.137,SSD,,M.2-2280,M.2 PCIe 5.0 X4,31899.420000000002
Western Digital WD_BLACK,10000.0,0.026,7200,512.0,3.5,SATA 6.0 Gb/s,15370.0
TEAMGROUP MS30,512.0,0.061,SSD,,M.2-2280,M.2 SATA,1797.4199999999998
Western Digital Black SN750,1000.0,0.119,SSD,,M.2-2280,M.2 PCIe 3.0 X4,6902.0
Patriot P320,512.0,0.064,SSD,,M.2-2280,M.2 PCIe 3.0 X4,1913.42
Corsair MP600 CORE XT,1000.0,0.07,SSD,,M.2-2280,M.2 PCIe 4.0 X4,4058.84
Western Digital Blue SA510,2000.0,0.058,SSD,,2.5,SATA 6.0 Gb/s,6681.0199999999995
Patriot P400 Lite,500.0,0.072,SSD,,M.2-2280,M.2 PCIe 4.0 X4,2087.42
Seagate Exos X20,20000.0,0.017,7200,256.0,3.5,SATA 6.0 Gb/s,20299.420000000002
TEAMGROUP T-Force Vulcan Z,512.0,0.062,SSD,,2.5,SATA 6.0 Gb/s,1855.4199999999998
TEAMGROUP MP44Q,1000.0,0.06,SSD,,M.2-2280,M.2 PCIe 4.0 X4,3479.42
Patriot P210,256.0,0.074,SSD,,2.5,SATA 6.0 Gb/s,1100.84
Patriot P320,1000.0,0.053,SSD,,M.2-2280,M.2 PCIe 3.0 X4,3073.42
Western Digital WD Blue SN5000,500.0,0.089,SSD,,M.2-2280,M.2 PCIe 4.0 X4,2595.5
Kingston FURY Renegade G5,2048.0,0.118,SSD,,M.2-2280,M.2 PCIe 5.0 X4,14053.98
Western Digital WD_Black SN850X w/Heatsink,1000.0,0.103,SSD,,M.2-2280,M.2 PCIe 4.0 X4,5974.0
Western Digital Red Plus,12000.0,0.022,7200,256.0,3.5,SATA 6.0 Gb/s,15659.42
Timetec 35TTFP6PCIE,1000.0,0.053,SSD,,M.2-2280,M.2 PCIe 3.0 X4,3073.42
ADATA XPG GAMMIX S70 Blade,2000.0,0.085,SSD,,M.2-2280,M.2 PCIe 4.0 X4,9857.099999999999
Timetec 35TTQNM2SATA,1000.0,0.049,SSD,,M.2-2280,M.2 SATA,2841.42
PNY CS900,500.0,0.062,SSD,,2.5,SATA 6.0 Gb/s,1797.4199999999998
Western Digital Blue SN580,250.0,0.22,SSD,,M.2-2280,M.2 PCIe 4.0 X4,3189.42
TEAMGROUP MS30,1000.0,0.051,SSD,,M.2-2280,M.2 SATA,2957.42
Western Digital WD_BLACK,8000.0,0.025,7200,256.0,3.5,SATA 6.0 Gb/s,11535.039999999999
Corsair MP600 ELITE,2000.0,0.075,SSD,,M.2-2280,M.2 PCIe 4.0 X4,8699.42
Western Digital Red Plus,6000.0,0.017,5400,256.0,3.5,SATA 6.0 Gb/s,6089.42
TEAMGROUP T-FORCE G50,4000.0,0.055,SSD,,M.2-2280,M.2 PCIe 4.0 X4,12701.42
Western Digital WD Red Pro,24000.0,0.019,7200,512.0,3.5,SATA 6.0 Gb/s,26099.420000000002
Western Digital WD_BLACK,2000.0,0.039,7200,64.0,3.5,SATA 6.0 Gb/s,4524.58
PNY CS2241,2000.0,0.05,SSD,,M.2-2280,M.2 PCIe 4.0 X4,5799.42
Leven JS600,512.0,0.051,SSD,,2.5,SATA 6.0 Gb/s,1507.4199999999998
Sabrent Rocket 4 Plus,2000.0,0.11,SSD,,M.2-2280,M.2 PCIe 4.0 X4,12759.42
Intel 660p,1020.0,0.074,SSD,,M.2-2280,M.2 PCIe 3.0 X4,4350.0
TEAMGROUP MP44,4000.0,0.06,SSD,,M.2-2280,M.2 PCIe 4.0 X4,13977.42
Crucial T500 W/Heatsink,2000.0,0.082,SSD,,M.2-2280,M.2 PCIe 4.0 X4,9569.42
Western Digital WD_BLACK SN7100,500.0,0.1,SSD,,M.2-2280,M.2 PCIe 4.0 X4,2899.42
Lexar NM710,1000.0,0.089,SSD,,M.2-2280,M.2 PCIe 4.0 X4,5146.92
Samsung 870 QVO,1000.0,0.114,SSD,,2.5,SATA 6.0 Gb/s,6641.0
Western Digital Blue,3000.0,0.02,5400,256.0,3.5,SATA 6.0 Gb/s,3479.42
KingSpec XG7000,4000.0,0.049,SSD,,M.2-2280,M.2 PCIe 4.0 X4,11483.42
TEAMGROUP MS30,2000.0,0.044,SSD,,M.2-2280,M.2 SATA,5161.42
Inland Performance Plus,1000.0,0.077,SSD,,M.2-2280,M.2 PCIe 4.0 X4,4464.84
Samsung 980,250.0,0.222,SSD,,M.2-2280,M.2 PCIe 3.0 X4,3213.2
FanXiang S880,2000.0,0.06,SSD,,M.2-2280,M.2 PCIe 4.0 X4,6959.42
TEAMGROUP MP44Q,2000.0,0.054,SSD,,M.2-2280,M.2 PCIe 4.0 X4,6321.42
MSI SPATIUM M480 PRO,4000.0,0.072,SSD,2048.0,M.2-2280,M.2 PCIe 4.0 X4,16819.420000000002
Crucial BX500,480.0,0.128,SSD,,2.5,SATA 6.0 Gb/s,3550.7599999999998
Seagate IronWolf Pro NAS,4000.0,0.032,7200,256.0,3.5,SATA 6.0 Gb/s,7539.42
Klevv CRAS C910,500.0,0.07,SSD,,M.2-2280,M.2 PCIe 4.0 X4,2029.42
Patriot Viper VP4300 Lite,4000.0,0.052,SSD,,M.2-2280,M.2 PCIe 4.0 X4,12179.42
TEAMGROUP T-FORCE GA PRO,1000.0,0.09,SSD,,M.2-2280,M.2 PCIe 5.0 X4,5219.42
Samsung 860 Evo,250.0,0.265,SSD,512.0,2.5,SATA 6.0 Gb/s,3835.54
Western Digital WD Blue,8000.0,0.016,5640,256.0,3.5,SATA 6.0 Gb/s,7627.58
Seagate IronWolf Pro NAS,8000.0,0.025,7200,256.0,3.5,SATA 6.0 Gb/s,11599.42
Corsair MP600 ELITE,1000.0,0.085,SSD,,M.2-2280,M.2 PCIe 4.0 X4,4929.42
Kingston KC3000,4096.0,0.081,SSD,,M.2-2280,M.2 PCIe 4.0 X4,19139.420000000002
Timetec 35TTFP6PCIE,512.0,0.064,SSD,,M.2-2280,M.2 PCIe 3.0 X4,1913.42
Silicon Power P34A60,1000.0,0.055,SSD,,M.2-2280,M.2 PCIe 3.0 X4,3188.2599999999998
Crucial P1,1000.0,0.135,SSD,,M.2-2280,M.2 PCIe 3.0 X4,7830.0
Samsung 9100 PRO w/Heatsink,1000.0,0.165,SSD,1024.0,M.2-2280,M.2 PCIe 5.0 X4,9569.42
Inland Performance Plus,2000.0,0.066,SSD,,M.2-2280,M.2 PCIe 4.0 X4,7655.42
TEAMGROUP MP44,2000.0,0.06,SSD,,M.2-2280,M.2 PCIe 4.0 X4,7017.42
Seagate Barracuda Compute,4000.0,0.019,5400,256.0,3.5,SATA 6.0 Gb/s,4348.84
Lexar NM710,2000.0,0.073,SSD,,M.2-2280,M.2 PCIe 4.0 X4,8485.98
Samsung 870 QVO,2000.0,0.107,SSD,,2.5,SATA 6.0 Gb/s,12470.0
Seagate Exos X18,18000.0,0.024,7200,256.0,3.5,SATA 6.0 Gb/s,24906.36
Patriot P310,480.0,0.075,SSD,,M.2-2280,M.2 PCIe 3.0 X4,2086.8399999999997
Kingston A400,120.0,0.398,SSD,,2.5,SATA 6.0 Gb/s,2767.18
Orico Y-20,128.0,0.086,SSD,,2.5,SATA 6.0 Gb/s,637.42
Toshiba MG10 512e,20000.0,0.017,7200,512.0,3.5,SATA 6.0 Gb/s,20299.420000000002
KingSpec P3,1000.0,0.046,SSD,,2.5,SATA 6.0 Gb/s,2667.42
Corsair MP700 PRO,4000.0,0.125,SSD,,M.2-2280,M.2 PCIe 5.0 X4,28999.420000000002
Leven JPS600,2000.0,0.046,SSD,,M.2-2280,M.2 PCIe 3.0 X4,5335.42
Patriot P220,128.0,0.105,SSD,,2.5,SATA 6.0 Gb/s,782.42
Patriot P310,960.0,0.054,SSD,,M.2-2280,M.2 PCIe 3.0 X4,3015.42
Western Digital Green SN350,2000.0,0.052,SSD,,M.2-2280,M.2 PCIe 3.0 X4,6060.42
Sabrent Rocket 4 Plus,1000.0,0.12,SSD,,M.2-2280,M.2 PCIe 4.0 X4,6959.42
Western Digital WD Red Pro,20000.0,0.021,7200,512.0,3.5,SATA 6.0 Gb/s,24347.82
Kingston KC600,256.0,0.139,SSD,,2.5,SATA 6.0 Gb/s,2058.42
Seagate FireCuda 530R,2000.0,0.085,SSD,,M.2-2280,M.2 PCIe 4.0 X4,9859.42
Kingston FURY Renegade G5,1024.0,0.168,SSD,,M.2-2280,M.2 PCIe 5.0 X4,9975.42
ADATA SU630,240.0,0.111,SSD,,2.5,SATA 6.0 Gb/s,1543.3799999999999
ADATA Legend 800,2000.0,0.06,SSD,,M.2-2280,M.2 PCIe 4.0 X4,6959.42
Seagate IronWolf NAS,8000.0,0.031,7200,256.0,3.5,SATA 6.0 Gb/s,14371.82
Samsung 870 Evo,250.0,0.22,SSD,512.0,2.5,SATA 6.0 Gb/s,3189.42
Toshiba MG09 512e,18000.0,0.015,7200,512.0,3.5,SATA 6.0 Gb/s,15950.0
MSI SPATIUM M450,500.0,0.1,SSD,,M.2-2280,M.2 PCIe 4.0 X4,2897.1000000000004
Western Digital WD_Black SN850X w/Heatsink,4000.0,0.077,SSD,,M.2-2280,M.2 PCIe 4.0 X4,17979.420000000002
Patriot Burst Elite,480.0,0.056,SSD,,2.5,SATA 6.0 Gb/s,1565.4199999999998
Seagate BarraCuda,2000.0,0.043,5400,128.0,2.5,SATA 6.0 Gb/s,4987.42
Western Digital Green,1000.0,0.061,SSD,,2.5,SATA 6.0 Gb/s,3543.2200000000003
ADATA LEGEND 860,2000.0,0.066,SSD,,M.2-2280,M.2 PCIe 4.0 X4,7620.619999999999
Western Digital Blue,1000.0,0.07,5400,64.0,3.5,SATA 6.0 Gb/s,4058.84
Western Digital Blue SA510,1000.0,0.065,SSD,,2.5,SATA 6.0 Gb/s,3764.2000000000003
Western Digital Blue SN570,500.0,0.22,SSD,,M.2-2280,M.2 PCIe 3.0 X4,6379.42
PNY CS2241,1000.0,0.058,SSD,,M.2-2280,M.2 PCIe 4.0 X4,3363.42
Orico O7000,2000.0,0.052,SSD,,M.2-2280,M.2 PCIe 4.0 X4,6028.5199999999995
Samsung 960 Evo,250.0,0.352,SSD,512.0,M.2-2280,M.2 PCIe 3.0 X4,5101.1
Patriot P320,256.0,0.092,SSD,,M.2-2280,M.2 PCIe 3.0 X4,1362.4199999999998
Western Digital Purple Pro,24000.0,0.021,7200,512.0,3.5,SATA 6.0 Gb/s,28999.420000000002
Western Digital Blue SN550,500.0,0.318,SSD,,M.2-2280,M.2 PCIe 3.0 X4,9220.26
Corsair MP700 PRO,1000.0,0.14,SSD,,M.2-2280,M.2 PCIe 5.0 X4,8119.42
Crucial P3,4000.0,0.08,SSD,,M.2-2280,M.2 PCIe 3.0 X4,18444.0
Seagate IronWolf Pro,14000.0,0.017,7200,256.0,3.5,SATA 6.0 Gb/s,13772.099999999999
Western Digital Ultrastar DC HC520,12000.0,0.016,7200,,3.5,SATA 6.0 Gb/s,11310.0
Corsair MP600 PRO LPX,2000.0,0.08,SSD,,M.2-2280,M.2 PCIe 4.0 X4,9279.42
SK Hynix Platinum P51,2000.0,0.135,SSD,,M.2-2280,M.2 PCIe 5.0 X4,15659.42
SanDisk SSD PLUS,1000.0,0.063,SSD,,M.2-2280,M.2 PCIe 3.0 X4,3653.42
Corsair MP700 PRO SE with Air Cooler,4000.0,0.14,SSD,,M.2-2280,M.2 PCIe 5.0 X4,32479.420000000002
TEAMGROUP Cardea A440,2000.0,0.064,SSD,,M.2-2280,M.2 PCIe 4.0 X4,7481.42
TEAMGROUP T-Force Vulcan Z,2000.0,0.045,SSD,,2.5,SATA 6.0 Gb/s,5219.42
Patriot P310,240.0,0.108,SSD,,M.2-2280,M.2 PCIe 3.0 X4,1506.84
Seagate IronWolf Pro NAS,22000.0,0.027,7200,512.0,3.5,SATA 6.0 Gb/s,34531.46
Corsair MP600 CORE XT,4000.0,0.07,SSD,,M.2-2280,M.2 PCIe 4.0 X4,16239.42
KingSpec XG7000,1000.0,0.058,SSD,,M.2-2280,M.2 PCIe 4.0 X4,3363.42
Crucial T500,500.0,0.146,SSD,,M.2-2280,M.2 PCIe 4.0 X4,4232.84
Samsung 970 Pro,512.0,0.469,SSD,512.0,M.2-2280,M.2 PCIe 3.0 X4,13919.42
Acer Predator GM7000,512.0,0.103,SSD,512.0,M.2-2280,M.2 PCIe 4.0 X4,3073.42
FanXiang S101,128.0,0.125,SSD,,2.5,SATA 6.0 Gb/s,927.42
Samsung 980 Pro w/Heatsink,2000.0,0.117,SSD,2048.0,M.2-2280,M.2 PCIe 4.0 X4,13630.0
Western Digital AV-GP,2000.0,0.02,5400,64.0,3.5,SATA 6.0 Gb/s,2354.2200000000003
Seagate Exos X18,14000.0,0.016,7200,256.0,3.5,SATA 6.0 Gb/s,13339.42
Seagate BarraCuda Pro,10000.0,0.024,7200,256.0,3.5,SATA 6.0 Gb/s,13733.24
Patriot P300,2000.0,0.051,SSD,,M.2-2280,M.2 PCIe 3.0 X4,5973.42
SanDisk SSD PLUS,240.0,0.117,SSD,,2.5,SATA 6.0 Gb/s,1623.4199999999998
Patriot Burst Elite,240.0,0.073,SSD,,2.5,SATA 6.0 Gb/s,1013.84
Lexar NM790,8000.0,0.079,SSD,,M.2-2280,M.2 PCIe 4.0 X4,36510.42
FanXiang S500 Pro,512.0,0.078,SSD,,M.2-2280,M.2 PCIe 3.0 X4,2319.42
Western Digital Green,240.0,0.217,SSD,,2.5,SATA 6.0 Gb/s,3016.0
Sabrent Rocket 5,2000.0,0.17,SSD,,M.2-2280,M.2 PCIe 5.0 X4,19719.420000000002
Silicon Power US75,1000.0,0.063,SSD,,M.2-2280,M.2 PCIe 4.0 X4,3653.42
PNY CS900,250.0,0.08,SSD,,2.5,SATA 6.0 Gb/s,1158.84
Gigabyte AORUS Gen5 14000,2000.0,0.18,SSD,2048.0,M.2-2280,M.2 PCIe 5.0 X4,20911.32
TEAMGROUP MP33 PRO,2000.0,0.054,SSD,,M.2-2280,M.2 PCIe 3.0 X4,6321.42
Patriot P400 Lite,250.0,0.108,SSD,,M.2-2280,M.2 PCIe 4.0 X4,1565.4199999999998
Orico D10,128.0,0.117,SSD,,M.2-2280,M.2 PCIe 3.0 X4,869.42
TEAMGROUP T-Force Vulcan Z,256.0,0.078,SSD,,2.5,SATA 6.0 Gb/s,1158.84
Western Digital Black SN850,1000.0,0.12,SSD,,M.2-2280,M.2 PCIe 4.0 X4,6959.42
KingSpec XF,2000.0,0.046,SSD,,M.2-2280,M.2 PCIe 4.0 X4,5393.42
Inland QN450,1000.0,0.065,SSD,,M.2-2280,M.2 PCIe 4.0 X4,3768.84
Seagate IronWolf Pro NAS,16000.0,0.021,7200,256.0,3.5,SATA 6.0 Gb/s,19139.420000000002
Crucial T500 W/Heatsink,1000.0,0.106,SSD,,M.2-2280,M.2 PCIe 4.0 X4,6165.9800000000005
Seagate BarraCuda,5000.0,0.035,5400,128.0,2.5,SATA 6.0 Gb/s,10150.0
Western Digital WD Green SN3000,500.0,0.09,SSD,,M.2-2280,M.2 PCIe 4.0 X4,2609.42
Samsung 870 QVO,4000.0,0.085,SSD,,2.5,SATA 6.0 Gb/s,19720.0
Seagate ST500LM021,500.0,0.04,7200,32.0,2.5,SATA 6.0 Gb/s,1160.0
TEAMGROUP T-FORCE G70 PRO Graphene,1000.0,0.075,SSD,,M.2-2280,M.2 PCIe 4.0 X4,4348.84
Western Digital WD_BLACK,6000.0,0.022,7200,256.0,3.5,SATA 6.0 Gb/s,7539.42
Western Digital Blue SA510,4000.0,0.06,SSD,,2.5,SATA 6.0 Gb/s,13919.42
Western Digital Black SN750,500.0,0.231,SSD,,M.2-2280,M.2 PCIe 3.0 X4,6710.6
Western Digital WD Blue,4000.0,0.02,5400,256.0,3.5,SATA 3.0 Gb/s,4682.34
TEAMGROUP T-Force GC PRO,2000.0,0.1,SSD,,M.2-2280,M.2 PCIe 5.0 X4,11599.42
Seagate Enterprise Capacity,8000.0,0.017,7200,256.0,3.5,SATA 6.0 Gb/s,7772.0
Patriot P210,2000.0,0.047,SSD,,2.5,SATA 6.0 Gb/s,5451.42
Seagate Exos X14,12000.0,0.021,7200,256.0,3.5,SATA 6.0 Gb/s,14500.0
Toshiba MQ01ABD050,500.0,0.036,5400,8.0,2.5,SATA 3.0 Gb/s,1055.02
Western Digital Black SN770,250.0,0.218,SSD,,M.2-2280,M.2 PCIe 4.0 X4,3154.62
Western Digital WD Red Pro,16000.0,0.02,7200,256.0,3.5,SATA 6.0 Gb/s,18177.780000000002
Western Digital Blue,1000.0,0.04,7200,64.0,3.5,SATA 6.0 Gb/s,2319.42
TEAMGROUP MP44Q,4000.0,0.055,SSD,,M.2-2280,M.2 PCIe 4.0 X4,12759.42
Western Digital WD Red Pro,4000.0,0.035,7200,256.0,3.5,SATA 6.0 Gb/s,8061.42
Crucial T705 W/Heatsink,2000.0,0.11,SSD,,M.2-2280,M.2 PCIe 5.0 X4,12759.42
Seagate FireCuda,2000.0,0.079,,,2.5,SATA 6.0 Gb/s,9163.42
TEAMGROUP MP44,1000.0,0.07,SSD,,M.2-2280,M.2 PCIe 4.0 X4,4059.4199999999996
ADATA LEGEND 900,1000.0,0.08,SSD,,M.2-2280,M.2 PCIe 4.0 X4,4638.84
Seagate ST500LM000,500.0,0.078,,64.0,2.5,SATA 6.0 Gb/s,2262.0
TEAMGROUP T-Force Vulcan Z,4000.0,0.047,SSD,,2.5,SATA 6.0 Gb/s,11019.42
Lexar NM620,256.0,0.272,SSD,,M.2-2280,M.2 PCIe 3.0 X4,4034.48
Gigabyte AORUS Gen5 14000,1000.0,0.166,SSD,2048.0,M.2-2280,M.2 PCIe 5.0 X4,9655.26
Samsung 860 QVO,1000.0,0.11,SSD,,2.5,SATA 6.0 Gb/s,6379.42
TEAMGROUP CX2,2000.0,0.045,SSD,,2.5,SATA 6.0 Gb/s,5277.42
Western Digital DC HC530,14000.0,0.016,7200,512.0,3.5,SATA 6.0 Gb/s,12759.42
Samsung Spinpoint M8,1000.0,0.029,5400,8.0,2.5,SATA 3.0 Gb/s,1710.4199999999998
Samsung 860 Pro,4000.0,0.231,SSD,4096.0,2.5,SATA 6.0 Gb/s,53649.42
Western Digital WD Blue,2000.0,0.03,5400,64.0,3.5,SATA 6.0 Gb/s,3479.42
Samsung 850 Evo,1000.0,0.196,SSD,,2.5,SATA 6.0 Gb/s,11367.42
ADATA MARS 980 BLADE,4000.0,0.084,SSD,,M.2-2280,M.2 PCIe 5.0 X4,19429.420000000002
Crucial T700 W/Heatsink,4000.0,0.095,SSD,,M.2-2280,M.2 PCIe 5.0 X4,22037.1
Toshiba MQ01ABD032,320.0,0.044,5400,8.0,2.5,SATA 3.0 Gb/s,811.42
Kingston Fury Renegade,500.0,0.126,SSD,,M.2-2280,M.2 PCIe 4.0 X4,3653.42
Verbatim Vi5000,2000.0,0.064,SSD,,M.2-2280,M.2 PCIe 4.0 X4,7400.22
Intel 660p,512.0,0.141,SSD,,M.2-2280,M.2 PCIe 3.0 X4,4174.84
Crucial T710,4000.0,0.107,SSD,,M.2-2280,M.2 PCIe 5.0 X4,24939.420000000002
Intel 670p,1000.0,0.092,SSD,,M.2-2280,M.2 PCIe 3.0 X4,5330.200000000001
Sabrent Rocket 4,1000.0,0.1,SSD,,M.2-2280,M.2 PCIe 4.0 X4,5799.42
Western Digital WD Red Pro,18000.0,0.018,7200,512.0,3.5,SATA 6.0 Gb/s,18559.420000000002
Silicon Power P34A60,256.0,0.106,SSD,,M.2-2280,M.2 PCIe 3.0 X4,1574.6999999999998
Patriot Viper VP4300,2000.0,0.062,SSD,,M.2-2280,M.2 PCIe 4.0 X4,7191.42
Corsair MP600 CORE XT,2000.0,0.072,SSD,,M.2-2280,M.2 PCIe 4.0 X4,8297.48
PNY CS900,2000.0,0.05,SSD,,2.5,SATA 6.0 Gb/s,5799.42
Seagate Exos X18,16000.0,0.019,7200,256.0,3.5,SATA 6.0 Gb/s,17342.0
Samsung 860 Evo,2000.0,0.124,SSD,2048.0,2.5,SATA 6.0 Gb/s,14442.0
Western Digital Black,4000.0,0.028,7200,64.0,3.5,SATA 6.0 Gb/s,6553.42
Samsung 970 Pro,1000.0,0.4,SSD,1024.0,M.2-2280,M.2 PCIe 3.0 X4,23199.420000000002
Samsung 960 Pro,2000.0,0.345,SSD,2048.0,M.2-2280,M.2 PCIe 3.0 X4,40017.100000000006
Silicon Power A55,256.0,0.086,SSD,,2.5,SATA 6.0 Gb/s,1275.4199999999998
Western Digital WD Blue,1000.0,0.045,5400,64.0,3.5,SATA 6.0 Gb/s,2609.42
ADATA MARS 980 BLADE,2000.0,0.089,SSD,,M.2-2280,M.2 PCIe 5.0 X4,10323.42
Sabrent Rocket 4 Plus,4000.0,0.125,SSD,,M.2-2280,M.2 PCIe 4.0 X4,28999.420000000002
Seagate Surveillance HDD,8000.0,0.036,7200,256.0,3.5,SATA 6.0 Gb/s,16854.800000000003
FanXiang S500 Pro,1000.0,0.06,SSD,,M.2-2280,M.2 PCIe 3.0 X4,3470.7200000000003
ADATA Legend 710,1000.0,0.075,SSD,,M.2-2280,M.2 PCIe 3.0 X4,4348.84
KingSpec NX-2280,2000.0,0.047,SSD,,M.2-2280,M.2 PCIe 3.0 X4,5451.42
Seagate SkyHawk AI,24000.0,0.018,7200,512.0,3.5,SATA 6.0 Gb/s,25519.420000000002
ADATA LEGEND 900,2000.0,0.07,SSD,,M.2-2280,M.2 PCIe 4.0 X4,8119.42
Inland QN450,2000.0,0.06,SSD,,M.2-2280,M.2 PCIe 4.0 X4,6959.42
KIOXIA EXCERIA G2,2000.0,0.072,SSD,,M.2-2280,M.2 PCIe 3.0 X4,8296.900000000001
Samsung 970 Evo,2000.0,0.13,SSD,2048.0,M.2-2280,M.2 PCIe 3.0 X4,15022.0
Western Digital Blue,250.0,0.196,SSD,,2.5,SATA 6.0 Gb/s,2842.0
Crucial P5 Plus,500.0,0.208,SSD,1024.0,M.2-2280,M.2 PCIe 4.0 X4,6027.36
Acer FA100,1000.0,0.06,SSD,,M.2-2280,M.2 PCIe 3.0 X4,3479.42
TEAMGROUP MP33 PRO,512.0,0.08,SSD,,M.2-2280,M.2 PCIe 3.0 X4,2377.42
SanDisk SSD PLUS,2000.0,0.06,SSD,,2.5,SATA 6.0 Gb/s,6959.42
Western Digital VelociRaptor,1000.0,0.049,10000,64.0,2.5,SATA 6.0 Gb/s,2840.2599999999998
Seagate BarraCuda,500.0,0.06,7200,16.0,3.5,SATA 6.0 Gb/s,1740.0
Lexar NQ780,1000.0,0.061,SSD,,M.2-2280,M.2 PCIe 4.0 X4,3566.42
Gigabyte AORUS Gen4,1000.0,0.15,SSD,2048.0,M.2-2280,M.2 PCIe 4.0 X4,8699.42
Klevv CRAS C930,2000.0,0.061,SSD,,M.2-2280,M.2 PCIe 4.0 X4,7075.42
Toshiba MG08,16000.0,0.019,7200,512.0,3.5,SATA 6.0 Gb/s,17342.0
Seagate FireCuda 530,1000.0,,SSD,,M.2-2280,M.2 PCIe 4.0 X4,8119.42
Western Digital Blue,1000.0,0.036,5400,16.0,2.5,SATA 6.0 Gb/s,2087.42
Samsung PM893,7680.0,0.117,SSD,,2.5,SATA 6.0 Gb/s,52199.42
Corsair MP600 CORE XT R2,2000.0,0.065,SSD,,M.2-2280,M.2 PCIe 4.0 X4,7539.42
Samsung 850 Pro,256.0,0.664,SSD,,2.5,SATA 6.0 Gb/s,9859.42
Samsung 960 Evo,500.0,0.292,SSD,512.0,M.2-2280,M.2 PCIe 3.0 X4,8469.74
Seagate BarraCuda,1000.0,0.067,5400,128.0,2.5,SATA 6.0 Gb/s,3896.4400000000005
Seagate BarraCuda,6000.0,0.02,5400,256.0,3.5,SATA 6.0 Gb/s,6959.42
MSI SPATIUM M580 FROZR,4000.0,,SSD,8192.0,M.2-2280,M.2 PCIe 5.0 X4,31899.420000000002
Inland TN320,512.0,0.07,SSD,,M.2-2280,M.2 PCIe 3.0 X4,2087.42
PNY CS2230,1000.0,0.055,SSD,,M.2-2280,M.2 PCIe 3.0 X4,3189.42
Intel Optane 905P,1500.0,3.0,SSD,,2.5,U.2,261000.0
KIOXIA EXCERIA PRO,1000.0,0.104,SSD,,M.2-2280,M.2 PCIe 4.0 X4,6014.0199999999995
Seagate IronWolf NAS,10000.0,0.027,7200,256.0,3.5,SATA 6.0 Gb/s,15891.42
Seagate EXOS Enterprise,4000.0,0.023,7200,128.0,3.5,SATA 6.0 Gb/s,5278.0
Kingston NV2,4000.0,0.057,SSD,,M.2-2280,M.2 PCIe 4.0 X4,13326.66
Seagate FireCuda 530R,1000.0,0.08,SSD,,M.2-2280,M.2 PCIe 4.0 X4,4639.42
Corsair MP600 PRO LPX,1000.0,0.095,SSD,,M.2-2280,M.2 PCIe 4.0 X4,5509.42
KIOXIA EXCERIA PRO,2000.0,0.085,SSD,,M.2-2280,M.2 PCIe 4.0 X4,9819.98
SanDisk SSD PLUS,480.0,0.082,SSD,,2.5,SATA 6.0 Gb/s,2291.0
Solidigm P44 Pro,2000.0,0.126,SSD,,M.2-2280,M.2 PCIe 4.0 X4,14616.0
Intel 750,1200.0,2.074,SSD,,PCIe,PCIe x4,144354.46
Western Digital WD Blue,6000.0,0.017,5400,256.0,3.5,SATA 3.0 Gb/s,6089.42
Corsair MP600 PRO LPX,8000.0,0.114,SSD,,M.2-2280,M.2 PCIe 4.0 X4,52779.42
Gigabyte Gen3 2500E,500.0,0.131,SSD,,M.2-2280,M.2 PCIe 3.0 X4,3790.88
Crucial P310 w/Heatsink,1000.0,0.079,SSD,,M.2-2280,M.2 PCIe 4.0 X4,4580.84
SK Hynix Platinum P41,500.0,0.116,SSD,,M.2-2280,M.2 PCIe 4.0 X4,3369.2200000000003
Western Digital Green,120.0,0.375,SSD,,2.5,SATA 6.0 Gb/s,2609.42
Orico O7000,1000.0,0.059,SSD,,M.2-2280,M.2 PCIe 4.0 X4,3450.42
Seagate Exos X16,16000.0,0.024,7200,256.0,3.5,SATA 6.0 Gb/s,22562.0
Patriot P210,1000.0,0.053,SSD,,2.5,SATA 6.0 Gb/s,3073.42
Lexar Professional NM1090 PRO,1000.0,0.155,SSD,,M.2-2280,M.2 PCIe 5.0 X4,8961.58
Silicon Power US75,4000.0,0.055,SSD,,M.2-2280,M.2 PCIe 4.0 X4,12759.42
Sabrent Rocket 5,1000.0,0.19,SSD,,M.2-2280,M.2 PCIe 5.0 X4,11019.42
TEAMGROUP GX2,512.0,0.064,SSD,,2.5,SATA 6.0 Gb/s,1913.42
Kingston KC600,512.0,0.121,SSD,,2.5,SATA 6.0 Gb/s,3588.46
Seagate Exos X22,22000.0,0.047,7200,512.0,3.5,SATA 6.0 Gb/s,60013.18
Seagate IronWolf NAS,12000.0,0.02,7200,256.0,3.5,SATA 6.0 Gb/s,13647.98
Patriot P320,128.0,0.125,SSD,,M.2-2280,M.2 PCIe 3.0 X4,927.42
Patriot Viper VP4300,1000.0,0.095,SSD,,M.2-2280,M.2 PCIe 4.0 X4,5509.42
Inland TN450,1000.0,0.063,SSD,,M.2-2280,M.2 PCIe 4.0 X4,3653.42
TEAMGROUP T-FORCE G70 PRO Graphene,4000.0,0.07,SSD,,M.2-2280,M.2 PCIe 4.0 X4,16239.42
Western Digital SN530,512.0,0.098,SSD,,M.2-2280,M.2 PCIe 3.0 X4,2897.1000000000004
Western Digital Red Plus,2000.0,0.04,5400,64.0,3.5,SATA 6.0 Gb/s,4638.84
Samsung 840 Evo,250.0,0.606,SSD,,2.5,SATA 6.0 Gb/s,8783.52
Toshiba S300,4000.0,0.029,5400,256.0,3.5,SATA 6.0 Gb/s,6703.0599999999995
PNY CS2230,500.0,0.09,SSD,,M.2-2280,M.2 PCIe 3.0 X4,2609.42
Western Digital Black SN750 SE,500.0,0.124,SSD,,M.2-2280,M.2 PCIe 4.0 X4,3594.2599999999998
FanXiang S880,4000.0,0.061,SSD,,M.2-2280,M.2 PCIe 4.0 X4,14266.84
Crucial T710,2000.0,0.115,SSD,,M.2-2280,M.2 PCIe 5.0 X4,13339.42
TEAMGROUP T-Force Delta Max White RGB Lite,1000.0,0.059,SSD,,2.5,SATA 6.0 Gb/s,3421.42
Western Digital Gold,22000.0,0.02,7200,512.0,3.5,SATA 6.0 Gb/s,26099.420000000002
Lexar Professional NM1090 PRO,2000.0,0.107,SSD,,M.2-2280,M.2 PCIe 5.0 X4,12440.42
Western Digital Blue,8000.0,0.019,5640,128.0,3.5,SATA 6.0 Gb/s,8699.42
Crucial T705 W/Heatsink,1000.0,0.153,SSD,,M.2-2280,M.2 PCIe 5.0 X4,8873.42
TEAMGROUP MS30,256.0,0.086,SSD,,M.2-2280,M.2 SATA,1275.4199999999998
Silicon Power P34A60,128.0,0.172,SSD,,M.2-2280,M.2 PCIe 3.0 X4,1275.4199999999998
TEAMGROUP T-Force GC PRO,4000.0,0.095,SSD,,M.2-2280,M.2 PCIe 5.0 X4,22039.420000000002
Corsair MP600 CORE XT R2,1000.0,0.068,SSD,,M.2-2280,M.2 PCIe 4.0 X4,3973.0
FanXiang S660,2000.0,0.061,SSD,,M.2-2280,M.2 PCIe 4.0 X4,7107.320000000001
Crucial P310 w/Heatsink,2000.0,0.072,SSD,,M.2-2280,M.2 PCIe 4.0 X4,8409.42
ADATA Ultimate SU650,240.0,0.102,SSD,,2.5,SATA 6.0 Gb/s,1415.78
Seagate BarraCuda Q5,1000.0,0.07,SSD,,M.2-2280,M.2 PCIe 3.0 X4,4058.84
Patriot P220,256.0,0.074,SSD,,2.5,SATA 6.0 Gb/s,1100.84
SK Hynix Gold P31,2000.0,0.115,SSD,,M.2-2280,M.2 PCIe 3.0 X4,13338.84
ADATA SU800,512.0,0.113,SSD,,2.5,SATA 6.0 Gb/s,3356.46
SanDisk SSD PLUS,500.0,0.09,SSD,,M.2-2280,M.2 PCIe 3.0 X4,2609.42
Kingston SSDNow V300,120.0,0.635,SSD,,2.5,SATA 6.0 Gb/s,4417.86
Solidigm P44 Pro,1000.0,0.15,SSD,,M.2-2280,M.2 PCIe 4.0 X4,8691.3
Western Digital Purple,4000.0,0.022,5400,256.0,3.5,SATA 6.0 Gb/s,5045.42
Western Digital Ultrastar DC HC560,22000.0,0.022,7200,512.0,3.5,SATA 6.0 Gb/s,27819.699999999997
Seagate IronWolf NAS,14000.0,0.018,7200,256.0,3.5,SATA 6.0 Gb/s,14499.42
Corsair MP700 Elite w/Heatsink,2000.0,0.103,SSD,,M.2-2280,M.2 PCIe 5.0 X4,11997.3
Sabrent Rocket Q,1000.0,0.125,SSD,,M.2-2280,M.2 PCIe 3.0 X4,7249.42
Corsair MP600 PRO NH,2000.0,0.07,SSD,,M.2-2280,M.2 PCIe 4.0 X4,8103.76
Crucial T700 W/Heatsink,1000.0,0.139,SSD,,M.2-2280,M.2 PCIe 5.0 X4,8062.0
Silicon Power A55,512.0,0.064,SSD,,M.2-2280,M.2 SATA,1912.26
Seagate BarraCuda,500.0,0.08,5400,32.0,3.5,SATA 6.0 Gb/s,2320.0
Western Digital Blue SA510,500.0,0.086,SSD,,2.5,SATA 6.0 Gb/s,2493.42
TEAMGROUP Z440 Lite,1000.0,0.062,SSD,,M.2-2280,M.2 PCIe 4.0 X4,3595.42
Lexar NS100,256.0,,SSD,,2.5,SATA 6.0 Gb/s,1390.84
Kingston Fury Renegade with Heat Sink,2000.0,0.087,SSD,,M.2-2280,M.2 PCIe 4.0 X4,10130.28
MSI SPATIUM M570 HS,2000.0,0.203,SSD,4096.0,M.2-2280,M.2 PCIe 5.0 X4,23504.5
Seagate Exos X24,20000.0,0.02,7200,512.0,3.5,SATA 6.0 Gb/s,23199.420000000002
Intel 670p,512.0,0.103,SSD,,M.2-2280,M.2 PCIe 3.0 X4,3067.62
ADATA XPG SPECTRIX S40G RGB,512.0,0.096,SSD,,M.2-2280,M.2 PCIe 3.0 X4,2842.0
Western Digital Caviar Green,1000.0,0.055,5400,64.0,3.5,SATA 6.0 Gb/s,3189.42
Corsair MP600 PRO XT,2000.0,0.087,SSD,,M.2-2280,M.2 PCIe 4.0 X4,10149.42
Samsung 960 Evo,1000.0,0.206,SSD,1024.0,M.2-2280,M.2 PCIe 3.0 X4,11954.380000000001
Acer Predator GM7,4000.0,0.059,SSD,,M.2-2280,M.2 PCIe 4.0 X4,13629.42
Crucial P510 W/Heatsink,1000.0,0.11,SSD,,M.2-2280,M.2 PCIe 5.0 X4,6379.42
Silicon Power UD90,500.0,0.103,SSD,,M.2-2280,M.2 PCIe 4.0 X4,2977.7200000000003
Solidigm P41 Plus,1000.0,0.12,SSD,,M.2-2280,M.2 PCIe 4.0 X4,6957.1
TEAMGROUP AX2,1000.0,0.049,SSD,,2.5,SATA 6.0 Gb/s,2841.42
SanDisk SSD PLUS,2000.0,0.057,SSD,,M.2-2280,M.2 PCIe 3.0 X4,6669.42
Netac NV7000-t,2000.0,0.081,SSD,,M.2-2280,M.2 PCIe 4.0 X4,9453.42
Solidigm P41 Plus,2000.0,0.071,SSD,,M.2-2280,M.2 PCIe 4.0 X4,8232.52
Western Digital WD_BLACK,10000.0,0.03,7200,256.0,3.5,SATA 6.0 Gb/s,17432.48
Seagate Barracuda Compute,2000.0,0.046,5400,128.0,2.5,SATA 6.0 Gb/s,5365.0
Seagate ST1000LM035,1000.0,0.044,5400,128.0,2.5,SATA 6.0 Gb/s,2552.0
PNY CS1030,250.0,0.131,SSD,,M.2-2280,M.2 PCIe 3.0 X4,1899.5
PNY CS2241,500.0,0.076,SSD,,M.2-2280,M.2 PCIe 4.0 X4,2203.42
Crucial T700 W/Heatsink,2000.0,0.125,SSD,,M.2-2280,M.2 PCIe 5.0 X4,14499.42
Seagate BarraCuda,4000.0,0.032,5400,128.0,2.5,SATA 6.0 Gb/s,7366.0
TEAMGROUP T-FORCE G70 PRO Aluminum,2000.0,0.062,SSD,,M.2-2280,M.2 PCIe 4.0 X4,7249.42
Inland TN470,1000.0,0.07,SSD,,M.2-2280,M.2 PCIe 4.0 X4,4058.84
ADATA SU630,480.0,0.069,SSD,,2.5,SATA 6.0 Gb/s,1913.42
Acer FA100,2000.0,0.05,SSD,,M.2-2280,M.2 PCIe 3.0 X4,5799.42
Western Digital Blue SN570,250.0,0.16,SSD,,M.2-2280,M.2 PCIe 3.0 X4,2319.42
Toshiba MK3276GSX,320.0,0.044,5400,8.0,2.5,SATA 3.0 Gb/s,810.84
Crucial P1,500.0,0.17,SSD,,M.2-2280,M.2 PCIe 3.0 X4,4929.42
Seagate IronWolf NAS,6000.0,0.025,5400,256.0,3.5,SATA 6.0 Gb/s,8699.42
ADATA XPG GAMMIX S11 Pro,1000.0,0.199,SSD,,M.2-2280,M.2 PCIe 3.0 X4,11536.2
Lexar Professional NM1090 PRO,4000.0,0.102,SSD,,M.2-2280,M.2 PCIe 5.0 X4,23692.420000000002
Western Digital Blue,1000.0,0.118,SSD,,M.2-2280,M.2 SATA,6844.0
Western Digital Gold,20000.0,0.029,7200,512.0,3.5,SATA 6.0 Gb/s,33639.42
Patriot P310,1920.0,0.059,SSD,,M.2-2280,M.2 PCIe 3.0 X4,6553.42
Western Digital WD Red Pro,10000.0,0.025,7200,512.0,3.5,SATA 6.0 Gb/s,14499.42
MSI SPATIUM M570 FROZR,2000.0,0.12,SSD,4096.0,M.2-2280,M.2 PCIe 5.0 X4,13919.42
TEAMGROUP GX2,1000.0,0.051,SSD,,2.5,SATA 6.0 Gb/s,2957.42
SK Hynix Platinum P51,1000.0,0.17,SSD,,M.2-2280,M.2 PCIe 5.0 X4,9859.42
Crucial P2,250.0,0.16,SSD,,M.2-2280,M.2 PCIe 3.0 X4,2319.42
SanDisk Extreme,1000.0,0.08,SSD,,M.2-2280,M.2 PCIe 4.0 X4,4638.84
Western Digital WD Red Pro,12000.0,0.022,7200,512.0,3.5,SATA 6.0 Gb/s,15615.34
SanDisk Extreme,2000.0,0.062,SSD,,M.2-2280,M.2 PCIe 4.0 X4,7249.42
Klevv CRAS C930,1000.0,0.076,SSD,,M.2-2280,M.2 PCIe 4.0 X4,4406.84
Seagate BarraCuda Pro Compute,1000.0,0.065,7200,128.0,2.5,SATA 6.0 Gb/s,3757.82
Crucial P5 Plus W/Heatsink,2000.0,0.089,SSD,,M.2-2280,M.2 PCIe 4.0 X4,10369.82
Western Digital Blue,500.0,0.194,SSD,,M.2-2280,M.2 SATA,5625.42
SanDisk SSD PLUS,250.0,0.12,SSD,,M.2-2280,M.2 PCIe 3.0 X4,1739.4199999999998
Samsung 860 Evo,1000.0,0.216,SSD,1024.0,M.2-2280,M.2 SATA,12535.539999999999
Seagate FireCuda 540,2000.0,0.189,SSD,,M.2-2280,M.2 PCIe 5.0 X4,21929.219999999998
Western Digital Blue,2000.0,0.105,SSD,,2.5,SATA 6.0 Gb/s,12180.0
ADATA Ultimate SU650,960.0,0.062,SSD,,2.5,SATA 6.0 Gb/s,3479.42
Patriot Burst Elite,1920.0,0.047,SSD,,2.5,SATA 6.0 Gb/s,5219.42
Western Digital SE,2000.0,0.021,7200,64.0,3.5,SATA 6.0 Gb/s,2463.8399999999997
TEAMGROUP AX2,2000.0,0.045,SSD,,2.5,SATA 6.0 Gb/s,5277.42
Western Digital Black SN850,500.0,0.22,SSD,,M.2-2280,M.2 PCIe 4.0 X4,6380.0
TEAMGROUP AX2,512.0,0.061,SSD,,2.5,SATA 6.0 Gb/s,1797.4199999999998
SK Hynix Gold P31,500.0,0.088,SSD,,M.2-2280,M.2 PCIe 3.0 X4,2557.2200000000003
Intenso Top Performance,512.0,0.07,SSD,,M.2-2280,M.2 SATA,2073.5
ADATA LEGEND 960 MAX,1000.0,0.09,SSD,,M.2-2280,M.2 PCIe 4.0 X4,5219.42
GOODRAM PX700,1024.0,0.105,SSD,,M.2-2280,M.2 PCIe 4.0 X4,6225.14
Kingston A2000,250.0,0.4,SSD,,M.2-2280,M.2 PCIe 3.0 X4,5799.42
KIOXIA EXCERIA,960.0,0.077,SSD,,2.5,SATA 6.0 Gb/s,4309.9800000000005
Corsair MP600 GS,500.0,0.14,SSD,,M.2-2280,M.2 PCIe 4.0 X4,4058.84
Addlink S70,512.0,0.064,SSD,,M.2-2280,M.2 PCIe 3.0 X4,1907.0400000000002
Corsair MP700 PRO w/Heatsink,4000.0,0.139,SSD,,M.2-2280,M.2 PCIe 5.0 X4,32189.420000000002
ADATA SU800,256.0,0.187,SSD,,2.5,SATA 6.0 Gb/s,2780.52
Corsair MP600 GS,1000.0,0.073,SSD,,M.2-2280,M.2 PCIe 4.0 X4,4227.04
Kingston Fury Renegade with Heat Sink,1000.0,0.11,SSD,,M.2-2280,M.2 PCIe 4.0 X4,6379.42
TEAMGROUP T-Force Cardea Z540,1000.0,0.14,SSD,,M.2-2280,M.2 PCIe 5.0 X4,8119.42
Corsair MP700 PRO SE with Air Cooler,2000.0,0.142,SSD,,M.2-2280,M.2 PCIe 5.0 X4,16471.420000000002
MSI SPATIUM M470,1000.0,0.15,SSD,,M.2-2280,M.2 PCIe 4.0 X4,8699.42
Samsung MZVPV512HDGL-00000,512.0,0.135,SSD,,M.2-2280,M.2 PCIe 3.0 X4,4002.0
Samsung 850 Pro,512.0,0.392,SSD,,2.5,SATA 6.0 Gb/s,11650.460000000001
Western Digital WD Red Pro,8000.0,0.025,7200,256.0,3.5,SATA 6.0 Gb/s,11599.42
Western Digital Green,2000.0,0.05,SSD,,2.5,SATA 6.0 Gb/s,5799.42
Patriot Burst Elite,960.0,0.054,SSD,,2.5,SATA 6.0 Gb/s,3015.42
Transcend 110S,128.0,0.164,SSD,,M.2-2280,M.2 PCIe 3.0 X4,1217.4199999999998
Kingston KC600,1024.0,0.088,SSD,,2.5,SATA 6.0 Gb/s,5219.42
Western Digital WD_BLACK,4000.0,0.032,7200,256.0,3.5,SATA 6.0 Gb/s,7539.42
MSI SPATIUM S270,240.0,0.163,SSD,,2.5,SATA 6.0 Gb/s,2262.0
Western Digital Red,4000.0,0.035,5400,256.0,3.5,SATA 6.0 Gb/s,8232.52
Western Digital Red SN700,1000.0,0.1,SSD,,M.2-2280,M.2 PCIe 3.0 X4,5800.0
Western Digital Ultrastar DC HC550,16000.0,0.019,7200,512.0,3.5,SATA 6.0 Gb/s,18008.420000000002
TEAMGROUP CX2,1000.0,0.049,SSD,,2.5,SATA 6.0 Gb/s,2841.42
Western Digital Blue SN550,500.0,0.14,SSD,,M.2-2280,M.2 PCIe 3.0 X4,4059.4199999999996
Intel 660p,2048.0,0.097,SSD,,M.2-2280,M.2 PCIe 3.0 X4,11542.0
Western Digital Blue,2000.0,0.051,5400,256.0,3.5,SATA 6.0 Gb/s,5973.42
Western Digital Black AN1500,2000.0,0.444,SSD,,PCIe,PCIe x8,51487.18
Hitachi Ultrastar 7K6000,4000.0,0.019,7200,128.0,3.5,SATA 6.0 Gb/s,4386.54
Seagate IronWolf Pro,8000.0,0.032,7200,256.0,3.5,SATA 6.0 Gb/s,14790.0
Western Digital Black SN850,2000.0,0.111,SSD,,M.2-2280,M.2 PCIe 4.0 X4,12933.42
Seagate IronWolf NAS,6000.0,0.038,7200,256.0,3.5,SATA 6.0 Gb/s,13340.0
TEAMGROUP T-Force Cardea Z540,2000.0,0.11,SSD,,M.2-2280,M.2 PCIe 5.0 X4,12759.42
Intenso High Performance,120.0,0.175,SSD,,2.5,SATA 6.0 Gb/s,1215.1
Hitachi 0F23663,6000.0,0.174,7200,128.0,3.5,SATA 6.0 Gb/s,60610.0
Orico D10,2000.0,0.06,SSD,,M.2-2280,M.2 PCIe 3.0 X4,6959.42
Western Digital Green,240.0,0.204,SSD,,M.2-2280,M.2 SATA,2842.0
SanDisk Ultra 3D,500.0,0.226,SSD,,2.5,SATA 6.0 Gb/s,6562.700000000001
Crucial P510 W/Heatsink,2000.0,0.095,SSD,,M.2-2280,M.2 PCIe 5.0 X4,11019.42
Seagate Exos X14,14000.0,0.018,7200,256.0,3.5,SATA 6.0 Gb/s,14499.42
Lexar NM790 w/Heatsink,1000.0,0.071,SSD,,M.2-2280,M.2 PCIe 4.0 X4,4145.84
PNY CS3140,1000.0,0.075,SSD,,M.2-2280,M.2 PCIe 4.0 X4,4349.42
Samsung 960 Pro,512.0,0.383,SSD,512.0,M.2-2280,M.2 PCIe 3.0 X4,11359.880000000001
Lexar NS100,1000.0,0.055,SSD,,2.5,SATA 6.0 Gb/s,3189.42
FanXiang S101,1000.0,0.057,SSD,,2.5,SATA 6.0 Gb/s,3305.42
Intel 670p,2000.0,0.084,SSD,,M.2-2280,M.2 PCIe 3.0 X4,9744.0
Kingston Fury Renegade with Heat Sink,4000.0,0.08,SSD,,M.2-2280,M.2 PCIe 4.0 X4,18502.0
Mushkin Vortex Redline,1000.0,0.093,SSD,1024.0,M.2-2280,M.2 PCIe 4.0 X4,5393.42
Gigabyte AORUS Gen4,1000.0,0.155,SSD,,M.2-2280,M.2 PCIe 4.0 X4,8971.44
Western Digital Blue,4000.0,0.021,5400,64.0,3.5,SATA 6.0 Gb/s,4929.42
Sabrent Rocket 4,2000.0,0.1,SSD,,M.2-2280,M.2 PCIe 4.0 X4,11599.42
MSI SPATIUM M580 FROZR,2000.0,0.161,SSD,4096.0,M.2-2280,M.2 PCIe 5.0 X4,18733.420000000002
Samsung 860 Evo,4000.0,0.093,SSD,4096.0,2.5,SATA 6.0 Gb/s,21594.56
Corsair MP600 PRO XT,4000.0,0.092,SSD,,M.2-2280,M.2 PCIe 4.0 X4,21459.420000000002
Intel 660p,1000.0,0.149,SSD,,M.2-2280,M.2 PCIe 3.0 X4,8642.0
HP EX920,512.0,0.133,SSD,512.0,M.2-2280,M.2 PCIe 3.0 X4,3942.84
Corsair MP600 PRO NH,1000.0,0.1,SSD,,M.2-2280,M.2 PCIe 4.0 X4,5799.42
Western Digital Blue,1000.0,0.038,5400,8.0,2.5,SATA 6.0 Gb/s,2203.42
Seagate FireCuda 520,1000.0,0.1,SSD,,M.2-2280,M.2 PCIe 4.0 X4,5794.200000000001
PNY CS3140,2000.0,0.07,SSD,,M.2-2280,M.2 PCIe 4.0 X4,8119.42
Intel DC P4511,1000.0,0.159,SSD,,M.2-22110,M.2 PCIe 3.0 X4,9222.0
Crucial P2,2000.0,0.125,SSD,,M.2-2280,M.2 PCIe 3.0 X4,14499.42
Crucial P5,1000.0,0.433,SSD,,M.2-2280,M.2 PCIe 3.0 X4,25115.739999999998
MSI SPATIUM M461,4000.0,0.062,SSD,,M.2-2280,M.2 PCIe 4.0 X4,14499.42
Lexar NS100,512.0,0.141,SSD,,2.5,SATA 6.0 Gb/s,4185.86
Western Digital Green SN350,480.0,0.366,SSD,,M.2-2280,M.2 PCIe 3.0 X4,10180.74
Seagate Archive HDD v2,5000.0,0.028,5900,128.0,3.5,SATA 6.0 Gb/s,8098.54
Western Digital Red,3000.0,0.035,5400,64.0,3.5,SATA 6.0 Gb/s,6032.0
Toshiba DT01ACA050,500.0,0.068,7200,32.0,3.5,SATA 6.0 Gb/s,1970.26
Western Digital Blue SN570,2000.0,0.12,SSD,,M.2-2280,M.2 PCIe 3.0 X4,13919.42
TEAMGROUP Cardea A440,1000.0,0.08,SSD,,M.2-2280,M.2 PCIe 4.0 X4,4638.84
Lexar NM790 w/Heatsink,4000.0,0.06,SSD,,M.2-2280,M.2 PCIe 4.0 X4,13890.42
Seagate FireCuda 530R,4000.0,0.086,SSD,,M.2-2280,M.2 PCIe 4.0 X4,20009.420000000002
Toshiba X300 Pro,18000.0,0.02,7200,512.0,3.5,SATA 6.0 Gb/s,20821.420000000002
TEAMGROUP MP44,8000.0,0.091,SSD,,M.2-2280,M.2 PCIe 4.0 X4,42049.42
Seagate IronWolf Pro,12000.0,0.021,7200,256.0,3.5,SATA 6.0 Gb/s,14499.42
KIOXIA EXCERIA,480.0,0.083,SSD,,2.5,SATA 6.0 Gb/s,2301.44
Seagate IronWolf Pro NAS,2000.0,0.047,7200,256.0,3.5,SATA 6.0 Gb/s,5509.42
Gigabyte GP-GSTFS31240GNTD,240.0,0.303,SSD,,2.5,SATA 6.0 Gb/s,4216.0199999999995
Western Digital AV-GP,320.0,0.044,5400,8.0,3.5,SATA 3.0 Gb/s,824.1800000000001
Western Digital Black SN750,2000.0,0.12,SSD,,M.2-2280,M.2 PCIe 3.0 X4,13891.0
Western Digital Blue,4000.0,0.025,5400,64.0,3.5,SATA 6.0 Gb/s,5858.0
Lexar NQ780,4000.0,0.055,SSD,,M.2-2280,M.2 PCIe 4.0 X4,12730.42
ADATA XPG GAMMIX S70 Blade,4000.0,0.069,SSD,,M.2-2280,M.2 PCIe 4.0 X4,15949.42
Inland TN320,1000.0,0.065,SSD,,M.2-2280,M.2 PCIe 3.0 X4,3768.84
Addlink S91,2000.0,0.072,SSD,,M.2-2230,M.2 PCIe 4.0 X4,8352.0
Seagate Exos 7E10 512e/4Kn,8000.0,0.027,7200,256.0,3.5,SATA 6.0 Gb/s,12667.78
Seagate IronWolf NAS,12000.0,0.021,7200,256.0,3.5,SATA 6.0 Gb/s,14499.42
Crucial T500 W/Heatsink,4000.0,0.077,SSD,,M.2-2280,M.2 PCIe 4.0 X4,17979.420000000002
Seagate Barracuda Compute,3000.0,0.032,5400,256.0,3.5,SATA 6.0 Gb/s,5506.5199999999995
Patriot P220,512.0,0.061,SSD,,2.5,SATA 6.0 Gb/s,1797.4199999999998
Silicon Power XS70,2000.0,0.109,SSD,,M.2-2280,M.2 PCIe 4.0 X4,12660.24
Addlink S70,1000.0,0.058,SSD,,M.2-2280,M.2 PCIe 3.0 X4,3357.04
Transcend TS32GSSD370S,32.0,1.062,SSD,,2.5,SATA 6.0 Gb/s,1970.26
Intenso Top Performance,128.0,0.234,SSD,,M.2-2280,M.2 SATA,1737.68
Samsung 860 Evo,500.0,0.38,SSD,512.0,M.2-2280,M.2 SATA,11019.42
Corsair MP600 GS,2000.0,0.082,SSD,,M.2-2280,M.2 PCIe 4.0 X4,9569.42
Samsung 840 Pro,256.0,0.938,SSD,,2.5,SATA 6.0 Gb/s,13929.28
Lexar Professional NM800PRO w/Heatsink,1000.0,0.083,SSD,,M.2-2280,M.2 PCIe 4.0 X4,4813.42
ADATA LEGEND 860,500.0,0.108,SSD,,M.2-2280,M.2 PCIe 4.0 X4,3129.1000000000004
Western Digital Green,480.0,0.087,SSD,,2.5,SATA 6.0 Gb/s,2436.0
Seagate Momentus Thin,500.0,0.113,5400,16.0,2.5,SATA 3.0 Gb/s,3271.2
Seagate Game Drive,4000.0,0.269,SSD,,M.2-2280,M.2 PCIe 4.0 X4,62318.68
Inland Platinum,2000.0,0.055,SSD,,2.5,SATA 6.0 Gb/s,6379.42
Seagate IronWolf NAS,4000.0,0.039,5900,64.0,3.5,SATA 6.0 Gb/s,8990.0
Western Digital WD Red Pro,22000.0,0.02,7200,512.0,3.5,SATA 6.0 Gb/s,26042.0
FanXiang S500 Pro,256.0,0.102,SSD,,M.2-2280,M.2 PCIe 3.0 X4,1507.4199999999998
Western Digital Blue,4000.0,0.077,SSD,,2.5,SATA 6.0 Gb/s,17979.420000000002
PNY CS900,120.0,0.213,SSD,,2.5,SATA 6.0 Gb/s,1484.22
Seagate Exos X22,22000.0,0.02,7200,512.0,3.5,SATA 6.0 Gb/s,26099.420000000002
Seagate Enterprise Capacity,3000.0,0.023,7200,128.0,3.5,SATA 6.0 Gb/s,4058.84
Seagate FireCuda 530,2000.0,0.142,SSD,,M.2-2280,M.2 PCIe 4.0 X4,16529.420000000002
TEAMGROUP AX2,256.0,0.074,SSD,,2.5,SATA 6.0 Gb/s,1100.84
Seagate BarraCuda Q5,500.0,0.084,SSD,,M.2-2280,M.2 PCIe 3.0 X4,2435.42
Hitachi Ultrastar SN260,1600.0,0.202,SSD,,PCIe,PCIe x8,18734.0
XOC Nitro,512.0,0.053,SSD,,2.5,SATA 6.0 Gb/s,1585.1399999999999
Corsair MP700 Elite w/Heatsink,1000.0,0.125,SSD,,M.2-2280,M.2 PCIe 5.0 X4,7249.42
Inland Professional,120.0,0.166,SSD,,2.5,SATA 6.0 Gb/s,1158.84
Netac NV7000-t,1000.0,0.07,SSD,,M.2-2280,M.2 PCIe 4.0 X4,4047.2400000000002
Corsair MP510,480.0,0.198,SSD,,M.2-2280,M.2 PCIe 3.0 X4,5515.799999999999
Corsair MP600 PRO LPX,1000.0,0.1,SSD,,M.2-2280,M.2 PCIe 4.0 X4,5799.42
Toshiba MQ01ABD-V,1000.0,0.034,5400,,2.5,SATA 6.0 Gb/s,1963.8799999999999
Toshiba N300,4000.0,0.036,7200,256.0,3.5,SATA 6.0 Gb/s,8277.18
Inland TN320,256.0,0.105,SSD,,M.2-2280,M.2 PCIe 3.0 X4,1565.4199999999998
Patriot P320,2000.0,0.052,SSD,,M.2-2280,M.2 PCIe 3.0 X4,6089.42
Western Digital Black,1000.0,0.05,7200,64.0,2.5,SATA 6.0 Gb/s,2899.42
Seagate BarraCuda,1000.0,0.058,7200,32.0,3.5,SATA 3.0 Gb/s,3364.0
Western Digital Blue SN550,250.0,0.18,SSD,,M.2-2280,M.2 PCIe 3.0 X4,2609.42
Corsair MP600 ELITE w/Heatsink,1000.0,0.095,SSD,,M.2-2280,M.2 PCIe 4.0 X4,5509.42
Seagate IronWolf Pro NAS,14000.0,0.019,7200,256.0,3.5,SATA 6.0 Gb/s,15659.42
Western Digital Red Plus,3000.0,0.03,5400,256.0,3.5,SATA 6.0 Gb/s,5219.42
Apacer AS2280P4,512.0,0.103,SSD,,M.2-2280,M.2 PCIe 3.0 X4,3068.2
Lexar NM1090 w/ Heatsink,2000.0,0.154,SSD,,M.2-2280,M.2 PCIe 5.0 X4,17832.1
MSI SPATIUM M470,2000.0,0.369,SSD,,M.2-2280,M.2 PCIe 4.0 X4,42768.04
ADATA SU800,1000.0,0.096,SSD,,2.5,SATA 6.0 Gb/s,5584.820000000001
Western Digital PC SN730,256.0,0.186,SSD,,M.2-2280,M.2 PCIe 3.0 X4,2755.0
Western Digital Gold,20000.0,0.02,7200,512.0,3.5,SATA 6.0 Gb/s,23199.420000000002
Western Digital Red SA500,4000.0,0.079,SSD,,2.5,SATA 6.0 Gb/s,18269.420000000002
Inland TN470,2000.0,0.065,SSD,,M.2-2280,M.2 PCIe 4.0 X4,7539.42
Corsair MP600 PRO XT,1000.0,0.105,SSD,,M.2-2280,M.2 PCIe 4.0 X4,6089.42
ADATA XPG SX6000 Pro,512.0,0.107,SSD,,M.2-2280,M.2 PCIe 3.0 X4,3189.42
Silicon Power A55,128.0,0.233,SSD,,2.5,SATA 6.0 Gb/s,1726.0800000000002
Western Digital Gold,10000.0,0.025,7200,256.0,3.5,SATA 6.0 Gb/s,14499.42
Western Digital Blue Mobile,2000.0,0.036,5400,128.0,2.5,SATA 6.0 Gb/s,4131.34
Crucial T710,1000.0,0.155,SSD,,M.2-2280,M.2 PCIe 5.0 X4,8989.42
Corsair MP600 PRO LPX,4000.0,0.077,SSD,,M.2-2280,M.2 PCIe 4.0 X4,17979.420000000002
TEAMGROUP CX2,512.0,0.061,SSD,,2.5,SATA 6.0 Gb/s,1797.4199999999998
Western Digital Red,14000.0,0.034,5400,,3.5,SATA 6.0 Gb/s,27259.420000000002
MSI SPATIUM M390,1000.0,0.08,SSD,,M.2-2280,M.2 PCIe 3.0 X4,4637.1
Seagate SkyHawk Surveillance +Rescue,4000.0,0.03,5400,256.0,3.5,SATA 6.0 Gb/s,7029.6
Western Digital Ultrastar DC HC550,18000.0,0.026,7200,512.0,3.5,SATA 6.0 Gb/s,27259.420000000002
Netac NV7000,2000.0,0.066,SSD,,M.2-2280,M.2 PCIe 4.0 X4,7658.32
Western Digital Red SA500,1000.0,0.103,SSD,,2.5,SATA 6.0 Gb/s,5951.96
Seagate IronWolf Pro,10000.0,0.023,7200,256.0,3.5,SATA 6.0 Gb/s,13598.099999999999
MSI SPATIUM S270,480.0,0.073,SSD,,2.5,SATA 6.0 Gb/s,2028.26
TEAMGROUP T-Create Classic C47,2000.0,0.06,SSD,,M.2-2280,M.2 PCIe 4.0 X4,6959.42
Corsair MP600 ELITE,4000.0,0.077,SSD,,M.2-2280,M.2 PCIe 4.0 X4,17979.420000000002
Western Digital WD Red Pro,2000.0,0.05,7200,64.0,3.5,SATA 6.0 Gb/s,5799.42
ADATA LEGEND 700,1000.0,0.08,SSD,,M.2-2280,M.2 PCIe 3.0 X4,4638.84
ADATA LEGEND 850 LITE,1000.0,0.073,SSD,,M.2-2280,M.2 PCIe 4.0 X4,4232.84
Western Digital Gold,18000.0,0.018,7200,512.0,3.5,SATA 6.0 Gb/s,18559.420000000002
Nextorage NEM-PAB,2000.0,0.062,SSD,,M.2-2280,M.2 PCIe 4.0 X4,7249.42
TEAMGROUP QX,1000.0,0.048,SSD,,2.5,SATA 6.0 Gb/s,2812.42
Western Digital AV-GP,1000.0,0.035,5400,64.0,3.5,SATA 6.0 Gb/s,2029.42
Seagate ST1000LM014,1000.0,0.052,,64.0,2.5,SATA 6.0 Gb/s,3015.42
Corsair MP600 PRO NH,4000.0,0.091,SSD,,M.2-2280,M.2 PCIe 4.0 X4,21169.420000000002
Samsung 860 QVO,2000.0,0.128,SSD,,2.5,SATA 6.0 Gb/s,14790.0
Seagate IronWolf NAS,2000.0,0.063,5400,256.0,3.5,SATA 6.0 Gb/s,7356.72
PNY CS900,240.0,0.204,SSD,,2.5,SATA 6.0 Gb/s,2842.0
Western Digital Red SN700,4000.0,0.092,SSD,,M.2-2280,M.2 PCIe 3.0 X4,21459.420000000002
Gigabyte GP-GSTFS31480GNTD,480.0,0.097,SSD,,2.5,SATA 6.0 Gb/s,2702.8
TEAMGROUP T-FORCE G50,512.0,0.098,SSD,,M.2-2280,M.2 PCIe 4.0 X4,2899.42
ADATA MARS 980 BLADE,1000.0,0.121,SSD,,M.2-2280,M.2 PCIe 5.0 X4,7017.42
Lexar NS100,128.0,0.148,SSD,,2.5,SATA 6.0 Gb/s,1100.84
Seagate EXOS Enterprise,4000.0,0.04,7200,256.0,3.5,SATA 6.0 Gb/s,9222.0
Oyen Digital E18-8TBICS5,8000.0,0.109,SSD,,M.2-2280,M.2 PCIe 4.0 X4,50402.0
Western Digital Green SN350,240.0,0.602,SSD,,M.2-2280,M.2 PCIe 3.0 X4,8382.74
Inland Professional,512.0,0.068,SSD,,2.5,SATA 6.0 Gb/s,2029.42
Seagate SkyHawk AI,20000.0,0.017,7200,256.0,3.5,SATA 6.0 Gb/s,20299.420000000002
Samsung 860 Evo,250.0,0.425,SSD,512.0,M.2-2280,M.2 SATA,6157.86
Seagate IronWolf Pro NAS,10000.0,0.025,7200,256.0,3.5,SATA 6.0 Gb/s,14499.42
ADATA LEGEND 960 MAX,2000.0,0.142,SSD,,M.2-2280,M.2 PCIe 4.0 X4,16516.66
Seagate FireCuda 530R w/Heatsink,2000.0,0.09,SSD,,M.2-2280,M.2 PCIe 4.0 X4,10439.42
Kingston SSDNow V300,240.0,0.523,SSD,,2.5,SATA 6.0 Gb/s,7285.96
Timetec 30TT253X2,512.0,0.055,SSD,,2.5,SATA 6.0 Gb/s,1623.4199999999998
Kingston KC600,2048.0,0.09,SSD,,2.5,SATA 6.0 Gb/s,10735.22
Gigabyte GP-GSM2NE3256GNTD,256.0,0.753,SSD,,M.2-2280,M.2 PCIe 3.0 X4,11178.92
FanXiang S101,512.0,0.066,SSD,,2.5,SATA 6.0 Gb/s,1971.42
Kingston SSDNow V200,128.0,0.625,SSD,,2.5,SATA 6.0 Gb/s,4638.84
Silicon Power A58,2000.0,0.046,SSD,,2.5,SATA 6.0 Gb/s,5393.42
Seagate IronWolf NAS,16000.0,0.027,7200,256.0,3.5,SATA 6.0 Gb/s,25119.800000000003
Western Digital WD_BLACK,8000.0,0.043,7200,128.0,3.5,SATA 6.0 Gb/s,19978.1
Patriot P400,1000.0,0.065,SSD,,M.2-2280,M.2 PCIe 4.0 X4,3768.84
Micron 7400 PRO,3840.0,,SSD,,M.2-22110,M.2 PCIe 4.0 X4,43499.42
ADATA XPG GAMMIX S70 Blade,512.0,0.139,SSD,,M.2-2280,M.2 PCIe 4.0 X4,4128.4400000000005
Acer FA100,512.0,0.074,SSD,,M.2-2280,M.2 PCIe 3.0 X4,2203.42
ADATA Ultimate SU650,480.0,0.079,SSD,,2.5,SATA 6.0 Gb/s,2212.7
Western Digital WD Red Pro,14000.0,0.022,7200,512.0,3.5,SATA 6.0 Gb/s,18269.420000000002
Western Digital Blue,2000.0,0.108,SSD,,M.2-2280,M.2 SATA,12585.42
Timetec PINNACLE SD1-INDEX,1000.0,0.066,SSD,,M.2-2280,M.2 PCIe 4.0 X4,3827.4199999999996
TEAMGROUP CX2,256.0,0.078,SSD,,2.5,SATA 6.0 Gb/s,1159.4199999999998
PNY CS2241,4000.0,0.057,SSD,,M.2-2280,M.2 PCIe 4.0 X4,13339.42
Hitachi HDS723030ALA640,3000.0,0.023,7200,64.0,3.5,SATA 6.0 Gb/s,4058.84
Kingston Q500,960.0,0.07,SSD,,2.5,SATA 6.0 Gb/s,3910.9400000000005
Western Digital WD_BLACK,6000.0,0.037,7200,256.0,3.5,SATA 6.0 Gb/s,12759.42
Toshiba X300,4000.0,0.037,7200,128.0,3.5,SATA 6.0 Gb/s,8642.0
Western Digital Blue,2000.0,0.055,5400,64.0,3.5,SATA 6.0 Gb/s,6379.42
Western Digital WD_BLACK SN770M,2000.0,0.085,SSD,,M.2-2230,M.2 PCIe 4.0 X4,9859.42
PNY CS2140,500.0,0.096,SSD,,M.2-2280,M.2 PCIe 4.0 X4,2778.7799999999997
HP EX920,1000.0,0.111,SSD,1024.0,M.2-2280,M.2 PCIe 3.0 X4,6456.5599999999995
Lexar NS100,2000.0,0.055,SSD,,2.5,SATA 6.0 Gb/s,6379.42
Samsung 960 Pro,1000.0,0.4,SSD,1024.0,M.2-2280,M.2 PCIe 3.0 X4,23199.420000000002
Sabrent Rocket Q,2000.0,0.215,SSD,,M.2-2280,M.2 PCIe 3.0 X4,24989.300000000003
Western Digital Gold,16000.0,0.022,7200,512.0,3.5,SATA 6.0 Gb/s,20299.420000000002
Seagate Exos X24,16000.0,0.021,7200,512.0,3.5,SATA 6.0 Gb/s,19108.1
Seagate Exos X24,24000.0,0.021,7200,512.0,3.5,SAS 12.0 Gb/s,29579.420000000002
Corsair Force MP500,120.0,1.079,SSD,,M.2-2280,M.2 PCIe 3.0 X4,7509.26
Seagate FireCuda 530R w/Heatsink,4000.0,0.089,SSD,,M.2-2280,M.2 PCIe 4.0 X4,20589.420000000002
Western Digital Red SA500,2000.0,0.113,SSD,,2.5,SATA 6.0 Gb/s,13160.2
Western Digital WD Red Pro,6000.0,0.033,7200,256.0,3.5,SATA 6.0 Gb/s,11599.42
Seagate BarraCuda Pro,12000.0,0.027,7200,256.0,3.5,SATA 6.0 Gb/s,18818.1
Western Digital WD_BLACK SN770M,1000.0,0.09,SSD,,M.2-2230,M.2 PCIe 4.0 X4,5192.16
Seagate Constellation ES.3,1000.0,0.048,7200,128.0,3.5,SATA 6.0 Gb/s,2784.0
Lexar NM790 w/Heatsink,2000.0,0.065,SSD,,M.2-2280,M.2 PCIe 4.0 X4,7505.200000000001
Western Digital Blue,1000.0,0.108,SSD,,2.5,SATA 6.0 Gb/s,6263.42
Sabrent Rocket 4,4000.0,0.085,SSD,,M.2-2280,M.2 PCIe 4.0 X4,19785.54
Corsair MP700 PRO w/Heatsink,1000.0,0.162,SSD,,M.2-2280,M.2 PCIe 5.0 X4,9395.42
Mushkin Helix-L,512.0,0.074,SSD,,M.2-2280,M.2 PCIe 4.0 X4,2203.42
Western Digital Blue Mobile,500.0,0.057,5400,16.0,2.5,SATA 6.0 Gb/s,1653.0
Seagate FireCuda 530R w/Heatsink,1000.0,0.085,SSD,,M.2-2280,M.2 PCIe 4.0 X4,4927.1
Seagate Barracuda Compute,1000.0,0.057,5400,64.0,3.5,SATA 6.0 Gb/s,3305.42
Micron 3400,1000.0,0.15,SSD,,M.2-2280,M.2 PCIe 4.0 X4,8699.42
Toshiba MG08ADA800E,8000.0,0.031,7200,256.0,3.5,SATA 6.0 Gb/s,14422.28
KingSpec NXM,512.0,0.072,SSD,,M.2-2242,M.2 PCIe 3.0 X4,2145.42
Solidigm P41 Plus,500.0,0.162,SSD,,M.2-2280,M.2 PCIe 4.0 X4,4707.86
Corsair MP600 ELITE w/Heatsink,2000.0,0.078,SSD,,M.2-2280,M.2 PCIe 4.0 X4,9105.42
Orico Y-20,512.0,0.05,SSD,,2.5,SATA 6.0 Gb/s,1478.4199999999998
PNY CS3150 RGB,2000.0,0.11,SSD,,M.2-2280,M.2 PCIe 5.0 X4,12759.42
Inland Professional,240.0,0.096,SSD,,2.5,SATA 6.0 Gb/s,1333.4199999999998
Toshiba MG03SCA,1000.0,0.03,7200,64.0,3.5,SAS 6.0 Gb/s,1740.0
Seagate ST1000DX001,1000.0,0.08,,64.0,3.5,SATA 6.0 Gb/s,4640.0
Samsung 850 Pro,1000.0,0.22,SSD,,2.5,SATA 6.0 Gb/s,12759.42
ADATA LEGEND 900,512.0,0.139,SSD,,M.2-2280,M.2 PCIe 4.0 X4,4132.5
FanXiang S660,1000.0,0.069,SSD,,M.2-2280,M.2 PCIe 4.0 X4,4021.7200000000003
Western Digital Blue Mobile,1000.0,0.05,5400,128.0,2.5,SATA 6.0 Gb/s,2871.0
Western Digital Blue,500.0,0.07,7200,32.0,3.5,SATA 6.0 Gb/s,2029.42
OWC Aura Ultra IV,8000.0,0.144,SSD,,M.2-2280,M.2 PCIe 4.0 X4,66699.42
Oyen Digital Dash Pro w/Heat Sink,8000.0,0.106,SSD,,M.2-2280,M.2 PCIe 4.0 X4,49242.0
ADATA Legend 960,1000.0,0.109,SSD,,M.2-2280,M.2 PCIe 4.0 X4,6311.5599999999995
PNY CS900,4000.0,0.055,SSD,,2.5,SATA 6.0 Gb/s,12759.42
Seagate BarraCuda Pro,10000.0,0.029,7200,256.0,3.5,SATA 6.0 Gb/s,16703.420000000002
Western Digital Purple Surveillance,6000.0,0.021,5400,256.0,3.5,SATA 6.0 Gb/s,7414.14
Western Digital Black SN850,500.0,0.253,SSD,,M.2-2280,M.2 PCIe 4.0 X4,7346.28
Western Digital Green,240.0,0.095,SSD,,2.5,SATA 6.0 Gb/s,1322.4
Crucial MX300,275.0,0.509,SSD,,2.5,SATA 6.0 Gb/s,8119.42
Gigabyte GP-GSTFS31100TNTD,1000.0,0.083,SSD,,2.5,SATA 6.0 Gb/s,4803.5599999999995
Seagate Constellation ES.2,3000.0,0.016,7200,64.0,3.5,SAS 6.0 Gb/s,2726.0
TEAMGROUP A440 Lite,2000.0,0.057,SSD,,M.2-2280,M.2 PCIe 4.0 X4,6669.42
Western Digital WD_BLACK,6000.0,0.025,7200,128.0,3.5,SATA 6.0 Gb/s,8699.42
Verbatim Vi550,512.0,0.074,SSD,,2.5,SATA 6.0 Gb/s,2203.42
Corsair MP700 PRO w/Heatsink,2000.0,0.128,SSD,,M.2-2280,M.2 PCIe 5.0 X4,14905.42
Inland Professional,1000.0,0.057,SSD,,2.5,SATA 6.0 Gb/s,3305.42
Lenovo S4520,480.0,0.323,SSD,,3.5,SATA 6.0 Gb/s,9002.18
PNY XLR8 CS3030,1000.0,0.18,SSD,,M.2-2280,M.2 PCIe 3.0 X4,10439.42
Patriot P220,1000.0,0.054,SSD,,2.5,SATA 6.0 Gb/s,3131.42
Seagate IronWolf Pro NAS,6000.0,0.032,7200,256.0,3.5,SATA 6.0 Gb/s,11136.0
Western Digital Caviar Blue,500.0,0.046,5400,8.0,2.5,SATA 6.0 Gb/s,1334.0
Western Digital Red,12000.0,0.025,5400,256.0,3.5,SATA 6.0 Gb/s,17342.0
Seagate Momentus 5400.6,500.0,0.057,5400,8.0,2.5,SATA 3.0 Gb/s,1664.02
Western Digital Black PCIe,256.0,1.082,SSD,,M.2-2280,M.2 PCIe 3.0 X4,16068.320000000002
Patriot P220,2000.0,0.047,SSD,,2.5,SATA 6.0 Gb/s,5509.42
Corsair MP600 MICRO,1000.0,0.095,SSD,,M.2-2242,M.2 PCIe 4.0 X4,5509.42
Western Digital WD_BLACK,500.0,0.094,7200,64.0,3.5,SATA 6.0 Gb/s,2725.42
FanXiang S500 Pro,2000.0,0.055,SSD,,M.2-2280,M.2 PCIe 3.0 X4,6362.0199999999995
Patriot Viper PV553,1000.0,0.11,SSD,,M.2-2280,M.2 PCIe 5.0 X4,6379.42
Intel 710,200.0,4.53,SSD,,2.5,SATA 3.0 Gb/s,52545.100000000006
Seagate ST6000NM0024,6000.0,0.025,7200,128.0,3.5,SATA 6.0 Gb/s,8584.0
Crucial P5,2000.0,0.116,SSD,,M.2-2280,M.2 PCIe 3.0 X4,13513.42
Western Digital Red SN700,2000.0,0.085,SSD,,M.2-2280,M.2 PCIe 3.0 X4,9859.42
Seagate IronWolf NAS,10000.0,0.026,7200,,3.5,SATA 6.0 Gb/s,15250.52
SanDisk Extreme,500.0,0.1,SSD,,M.2-2280,M.2 PCIe 4.0 X4,2899.42
Seagate FireCuda 540,1000.0,0.175,SSD,,M.2-2280,M.2 PCIe 5.0 X4,10149.42
Western Digital Green,120.0,0.392,SSD,,M.2-2280,M.2 SATA,2726.0
Intenso 3812450,512.0,0.086,SSD,,2.5,SATA 6.0 Gb/s,2550.2599999999998
Seagate IronWolf Pro,6000.0,0.038,7200,256.0,3.5,SATA 6.0 Gb/s,13308.099999999999
Seagate Exos X16,14000.0,0.021,7200,256.0,3.5,SATA 6.0 Gb/s,17110.0
Western Digital WD_BLACK SN850P for PS5,1000.0,0.104,SSD,,M.2-2280,M.2 PCIe 4.0 X4,6047.66
Inland Professional,256.0,0.09,SSD,,2.5,SATA 6.0 Gb/s,1333.4199999999998
Western Digital Blue,500.0,0.071,5400,64.0,3.5,SATA 6.0 Gb/s,2057.8399999999997
Kingston NV1,250.0,0.236,SSD,,M.2-2280,M.2 PCIe 3.0 X4,3428.96
KingSpec XG7000,512.0,0.086,SSD,,M.2-2280,M.2 PCIe 4.0 X4,2551.42
Western Digital Blue SA510,500.0,0.086,SSD,,M.2-2280,M.2 SATA,2493.42
Seagate FireCuda,1000.0,0.084,,,2.5,SATA 6.0 Gb/s,4872.0
Lexar NM710,500.0,0.14,SSD,,M.2-2280,M.2 PCIe 4.0 X4,4058.84
Inland TN450,500.0,0.088,SSD,,M.2-2280,M.2 PCIe 4.0 X4,2551.42
Western Digital Ultrastar DC HC330,10000.0,0.027,7200,256.0,3.5,SATA 6.0 Gb/s,15659.42
Samsung 850 Evo,2000.0,0.15,SSD,,2.5,SATA 6.0 Gb/s,17399.420000000002
Western Digital Black,512.0,0.391,SSD,,M.2-2280,M.2 PCIe 3.0 X4,11597.099999999999
Western Digital Caviar Blue,250.0,0.14,7200,16.0,3.5,SATA 6.0 Gb/s,2030.0
Western Digital Red SN700,500.0,0.129,SSD,,M.2-2280,M.2 PCIe 3.0 X4,3746.2200000000003
Inland Performance Plus,8000.0,0.099,SSD,,M.2-2280,M.2 PCIe 4.0 X4,45819.42
ADATA XPG SPECTRIX S20G,1000.0,0.135,SSD,,M.2-2280,M.2 PCIe 3.0 X4,7809.119999999999
Seagate SkyHawk Surveillance,2000.0,0.093,7200,256.0,3.5,SATA 6.0 Gb/s,10787.42
HP S700,500.0,0.14,SSD,,2.5,SATA 6.0 Gb/s,4058.84
FanXiang S101,4000.0,0.055,SSD,,2.5,SATA 6.0 Gb/s,12758.84
KingSpec XG7000 PRO,2000.0,0.06,SSD,,M.2-2280,M.2 PCIe 4.0 X4,7017.42
Orico J-10,2000.0,0.05,SSD,,M.2-2280,M.2 PCIe 3.0 X4,5799.42
Verbatim Vi3000,1000.0,0.071,SSD,,M.2-2280,M.2 PCIe 3.0 X4,4117.42
Kingston Q500,480.0,0.087,SSD,,2.5,SATA 6.0 Gb/s,2418.02
Lexar Professional NM800PRO w/Heatsink,512.0,0.117,SSD,,M.2-2280,M.2 PCIe 4.0 X4,3479.42
Intenso Top Performance,256.0,0.162,SSD,,M.2-2280,M.2 SATA,2404.68
Crucial BX100,250.0,0.304,SSD,,2.5,SATA 6.0 Gb/s,4414.38
Seagate IronWolf NAS,8000.0,0.029,7200,256.0,3.5,SATA 6.0 Gb/s,13310.42
Addlink S91,1000.0,0.076,SSD,,M.2-2230,M.2 PCIe 4.0 X4,4433.5199999999995
Seagate SkyHawk Surveillance +Rescue,2000.0,0.035,5400,256.0,3.5,SATA 6.0 Gb/s,4005.48
Western Digital Blue,6000.0,0.024,5400,256.0,3.5,SATA 6.0 Gb/s,8294.0
Lexar NQ100,240.0,0.077,SSD,,2.5,SATA 6.0 Gb/s,1071.84
Toshiba P300,4000.0,0.03,5400,128.0,3.5,SATA 6.0 Gb/s,6977.4
Silicon Power XS70,1000.0,0.107,SSD,,M.2-2280,M.2 PCIe 4.0 X4,6217.6
PNY XLR8 CS3030,2000.0,0.115,SSD,,M.2-2280,M.2 PCIe 3.0 X4,13339.42
Verbatim Vi3000,2000.0,0.058,SSD,,M.2-2280,M.2 PCIe 3.0 X4,6774.9800000000005
Samsung 860 Pro,1000.0,0.3,SSD,1024.0,2.5,SATA 6.0 Gb/s,17399.420000000002
ADATA Ultimate SU750,1000.0,0.08,SSD,,2.5,SATA 6.0 Gb/s,4640.0
Corsair MP600 MICRO,2000.0,0.087,SSD,,M.2-2242,M.2 PCIe 4.0 X4,10149.42
Lenovo S4520,240.0,1.939,SSD,,2.5,SATA 6.0 Gb/s,26992.04
Western Digital Red SN700,250.0,0.212,SSD,,M.2-2280,M.2 PCIe 3.0 X4,3073.42
Toshiba X300,4000.0,0.05,7200,256.0,3.5,SATA 6.0 Gb/s,11599.42
PNY CS2140,1000.0,0.119,SSD,,M.2-2280,M.2 PCIe 4.0 X4,6877.0599999999995
Samsung 860 Pro,2000.0,0.215,SSD,2048.0,2.5,SATA 6.0 Gb/s,24940.0
Gigabyte GP-GSM2NE3512GNTD,512.0,0.279,SSD,,M.2-2280,M.2 PCIe 3.0 X4,8294.0
TEAMGROUP T-Force GE PRO AirFlow,4000.0,0.1,SSD,,M.2-2280,M.2 PCIe 5.0 X4,23199.420000000002
Western Digital Red,8000.0,0.034,5400,128.0,3.5,SATA 6.0 Gb/s,15573.0
Corsair MP600 ELITE PS5,1000.0,0.09,SSD,,M.2-2280,M.2 PCIe 4.0 X4,5219.42
Western Digital Purple,2000.0,0.038,5400,256.0,3.5,SATA 6.0 Gb/s,4462.5199999999995
Seagate SkyHawk AI,16000.0,0.019,7200,256.0,3.5,SATA 6.0 Gb/s,17399.420000000002
MSI SPATIUM M480 PRO PLAY,2000.0,0.072,SSD,2048.0,M.2-2280,M.2 PCIe 4.0 X4,8348.52
Seagate Exos X20,18000.0,0.021,7200,256.0,3.5,SATA 6.0 Gb/s,22030.14
Mushkin Tempest,1000.0,0.112,SSD,,M.2-2280,M.2 PCIe 3.0 X4,6475.700000000001
Lexar NQ780,1000.0,0.114,SSD,,M.2-2280,M.2 PCIe 4.0 X4,6640.42
FanXiang S101,2000.0,0.055,SSD,,2.5,SATA 6.0 Gb/s,6379.42
Toshiba P300,3000.0,0.053,7200,64.0,3.5,SATA 6.0 Gb/s,9149.5
Western Digital Blue,3000.0,0.038,5400,64.0,3.5,SATA 6.0 Gb/s,6553.42
Hitachi Ultrastar He12,12000.0,0.021,7200,256.0,3.5,SATA 6.0 Gb/s,14790.0
Western Digital Black SN850 w/Heatsink,2000.0,0.117,SSD,,M.2-2280,M.2 PCIe 4.0 X4,13571.42
KIOXIA EXCERIA,500.0,0.159,SSD,,M.2-2280,M.2 PCIe 3.0 X4,4611.0
Western Digital WD_BLACK SN850P for PS5,2000.0,0.1,SSD,,M.2-2280,M.2 PCIe 4.0 X4,11599.42
Seagate Barracuda Compute,6000.0,0.02,5400,256.0,3.5,SATA 6.0 Gb/s,6959.42
Seagate Pulsar.2,800.0,,SSD,,2.5,SAS 6.0 Gb/s,277114.14
Western Digital Gold,12000.0,0.023,7200,256.0,3.5,SATA 6.0 Gb/s,16239.42
ADATA SU630,960.0,0.072,SSD,,2.5,SATA 6.0 Gb/s,4001.4199999999996
Seagate Barracuda Compute,2000.0,0.045,5400,256.0,3.5,SATA 6.0 Gb/s,5162.0
Toshiba HDKCC00,500.0,0.05,7200,16.0,2.5,SATA 6.0 Gb/s,1450.0
Western Digital VelociRaptor,600.0,0.333,10000,32.0,3.5,SATA 6.0 Gb/s,11599.42
Western Digital Gold,8000.0,0.036,7200,256.0,3.5,SATA 6.0 Gb/s,16819.420000000002
Intel 760p,256.0,0.312,SSD,,M.2-2280,M.2 PCIe 3.0 X4,4638.84
Seagate Exos 7E10 512e/4Kn,10000.0,0.023,7200,256.0,3.5,SATA 6.0 Gb/s,13571.42
Seagate IronWolf Pro,10000.0,0.027,7200,256.0,3.5,SATA 6.0 Gb/s,15891.42
PNY XLR8 CS3140 w/Heatsink,2000.0,0.306,SSD,,M.2-2280,M.2 PCIe 4.0 X4,35447.86
Sabrent Rocket Q4,1000.0,0.15,SSD,,M.2-2280,M.2 PCIe 4.0 X4,8702.900000000001
Western Digital Red SA500,500.0,0.146,SSD,,2.5,SATA 6.0 Gb/s,4232.84
Western Digital Blue SA510,250.0,0.12,SSD,,2.5,SATA 6.0 Gb/s,1739.4199999999998
Seagate IronWolf Pro,4000.0,0.039,7200,128.0,3.5,SATA 6.0 Gb/s,8990.0
Western Digital Green,1000.0,0.091,SSD,,2.5,SATA 6.0 Gb/s,5306.42
Orico O7000,512.0,0.074,SSD,,M.2-2280,M.2 PCIe 4.0 X4,2203.42
Western Digital Ultrastar,8000.0,0.03,7200,,3.5,SATA 6.0 Gb/s,13919.42
Toshiba MG04ACA400N,4000.0,0.028,7200,128.0,3.5,SATA 6.0 Gb/s,6380.0
TEAMGROUP T-Create Classic DL,1000.0,0.07,SSD,,M.2-2280,M.2 PCIe 4.0 X4,4058.84
Seagate ST2000NX0253,2000.0,0.073,7200,128.0,2.5,SATA 6.0 Gb/s,8493.52
Samsung 860 Pro,512.0,0.465,SSD,512.0,2.5,SATA 6.0 Gb/s,13803.42
Western Digital Red,10000.0,0.027,5400,256.0,3.5,SATA 6.0 Gb/s,15915.78
TEAMGROUP A440 Lite,1000.0,0.071,SSD,,M.2-2280,M.2 PCIe 4.0 X4,4116.84
Lexar PLAY,8000.0,0.095,SSD,,M.2-2280,M.2 PCIe 4.0 X4,43885.7
Western Digital Blue,250.0,0.184,SSD,,M.2-2280,M.2 SATA,2668.0
Verbatim Vi550,256.0,0.082,SSD,,2.5,SATA 6.0 Gb/s,1217.4199999999998
Seagate EXOS Enterprise,8000.0,0.027,7200,256.0,3.5,SATA 6.0 Gb/s,12562.22
Transcend MTS800,32.0,1.583,SSD,,M.2-2280,M.2 SATA,2938.86
Toshiba N300 NAS,4000.0,0.031,7200,512.0,3.5,SATA 6.0 Gb/s,7249.42
Western Digital Caviar Blue,500.0,0.158,7200,16.0,3.5,SATA 3.0 Gb/s,4579.1
Seagate EE25.2,40.0,0.55,5400,8.0,2.5,SATA 3.0 Gb/s,1276.0
Lexar NM610,250.0,0.148,SSD,,M.2-2280,M.2 PCIe 3.0 X4,2145.42
Western Digital Red,2000.0,0.06,5400,64.0,3.5,SATA 6.0 Gb/s,6902.0
Seagate FireCuda 520,500.0,0.321,SSD,,M.2-2280,M.2 PCIe 4.0 X4,9302.039999999999
Patriot P400 Lite,4000.0,0.053,SSD,,M.2-2280,M.2 PCIe 4.0 X4,12353.42
Toshiba S300,2000.0,0.042,5400,128.0,3.5,SATA 6.0 Gb/s,4843.58
ADATA LEGEND 970,1000.0,0.205,SSD,,M.2-2280,M.2 PCIe 5.0 X4,11909.72
Toshiba MQ04ABF100,1000.0,0.049,5400,128.0,2.5,SATA 6.0 Gb/s,2842.0
Western Digital Ultrastar DC HC550,14000.0,0.028,7200,512.0,3.5,SATA 6.0 Gb/s,22367.699999999997
Corsair MP700,2000.0,0.145,SSD,,M.2-2280,M.2 PCIe 5.0 X4,16819.420000000002
Seagate BarraCuda 120,500.0,0.26,SSD,,2.5,SATA 6.0 Gb/s,7539.42
Kingston A400,1920.0,0.177,SSD,,2.5,SATA 6.0 Gb/s,19662.0
KIOXIA EXCERIA w/Heatsink,4000.0,0.062,SSD,,M.2-2280,M.2 PCIe 4.0 X4,14499.42
Toshiba S300,6000.0,0.028,5400,256.0,3.5,SATA 6.0 Gb/s,9759.08
Lexar NQ100,480.0,0.098,SSD,,2.5,SATA 6.0 Gb/s,2738.18
Acer FA100,256.0,0.109,SSD,,M.2-2280,M.2 PCIe 3.0 X4,1623.4199999999998
Western Digital Black,500.0,0.12,7200,32.0,2.5,SATA 6.0 Gb/s,3479.42
Inland Platinum,1024.0,0.053,SSD,,2.5,SATA 6.0 Gb/s,3131.42
Intel 545s,256.0,0.646,SSD,,2.5,SATA 6.0 Gb/s,9588.56
Western Digital Purple,8000.0,0.028,7200,256.0,3.5,SATA 6.0 Gb/s,13049.42
Lexar NS100,512.0,0.068,SSD,,2.5,SATA 6.0 Gb/s,2028.84
Western Digital Purple,1000.0,0.06,5400,64.0,3.5,SATA 6.0 Gb/s,3461.44
Samsung 860 QVO,4000.0,0.125,SSD,,2.5,SATA 6.0 Gb/s,28999.420000000002
Western Digital Gold,4000.0,0.064,7200,256.0,3.5,SATA 6.0 Gb/s,14932.099999999999
Intenso 3812430,128.0,0.164,SSD,,2.5,SATA 6.0 Gb/s,1215.68
Seagate FireCuda 520,2000.0,0.244,SSD,,M.2-2280,M.2 PCIe 4.0 X4,28287.18
Samsung 850 Pro,2000.0,0.152,SSD,,2.5,SATA 6.0 Gb/s,17689.420000000002
SK Hynix SL308,250.0,0.26,SSD,,2.5,SATA 6.0 Gb/s,3770.0
Western Digital PC SN730,512.0,0.185,SSD,,M.2-2280,M.2 PCIe 3.0 X4,5504.200000000001
Western Digital AV-25,1000.0,0.035,5400,16.0,2.5,SATA 3.0 Gb/s,2029.42
TEAMGROUP T-Force Cardea Z540,4000.0,0.111,SSD,,M.2-2280,M.2 PCIe 5.0 X4,25751.420000000002
ADATA Legend 960,2000.0,0.103,SSD,,M.2-2280,M.2 PCIe 4.0 X4,11992.66
Western Digital Gold,2000.0,0.049,7200,128.0,3.5,SATA 6.0 Gb/s,5666.0199999999995
Seagate Exos X18,12000.0,0.03,7200,256.0,3.5,SATA 6.0 Gb/s,21086.48
Transcend 110S,256.0,0.11,SSD,,M.2-2280,M.2 PCIe 3.0 X4,1634.44
Western Digital Red Plus,14000.0,0.033,7200,512.0,3.5,SATA 6.0 Gb/s,26679.420000000002
Verbatim Vi7000G,2000.0,0.074,SSD,,M.2-2280,M.2 PCIe 4.0 X4,8641.42
Samsung MZ-75E4T0B,4000.0,0.125,SSD,4096.0,2.5,SATA 6.0 Gb/s,28999.420000000002
Seagate IronWolf,1000.0,0.091,5400,256.0,3.5,SATA 6.0 Gb/s,5285.54
Corsair MP600 ELITE w/Heatsink,4000.0,0.077,SSD,,M.2-2280,M.2 PCIe 4.0 X4,17979.420000000002
Samsung 860 Pro,256.0,0.879,SSD,512.0,2.5,SATA 6.0 Gb/s,13050.0
Western Digital Caviar Black,2000.0,0.076,7200,64.0,3.5,SATA 6.0 Gb/s,8784.68
Samsung 860 Evo,2000.0,0.203,SSD,2048.0,M.2-2280,M.2 SATA,23554.38
FanXiang S770,4000.0,0.072,SSD,,M.2-2280,M.2 PCIe 4.0 X4,16819.420000000002
TEAMGROUP T-FORCE G70 PRO Aluminum,4000.0,0.071,SSD,,M.2-2280,M.2 PCIe 4.0 X4,16529.420000000002
Orico D10,1000.0,0.06,SSD,,M.2-2280,M.2 PCIe 3.0 X4,3479.42
Seagate SkyHawk,2000.0,0.038,5900,64.0,3.5,SATA 6.0 Gb/s,4406.84
ADATA XPG GAMMIX S50 Lite,1000.0,0.205,SSD,,M.2-2280,M.2 PCIe 4.0 X4,11900.44
KingSpec NXM,1000.0,0.055,SSD,,M.2-2242,M.2 PCIe 3.0 X4,3189.42
Seagate SkyHawk AI,8000.0,0.025,7200,256.0,3.5,SATA 6.0 Gb/s,11425.42
Western Digital Red Plus,8000.0,0.033,7200,256.0,3.5,SATA 6.0 Gb/s,15080.0
Western Digital Purple Surveillance,3000.0,0.03,5400,256.0,3.5,SATA 6.0 Gb/s,5219.42
Orico Y-20,1000.0,0.047,SSD,,2.5,SATA 6.0 Gb/s,2713.2400000000002
Timetec 30TT253X2,1000.0,0.047,SSD,,2.5,SATA 6.0 Gb/s,2725.42
OCZ Agility 3,60.0,2.5,SSD,,2.5,SATA 6.0 Gb/s,8699.42
ADATA XPG SPECTRIX S20G,500.0,0.132,SSD,,M.2-2280,M.2 PCIe 3.0 X4,3831.48
Gigabyte GP-GSTFS31256GTND,256.0,0.12,SSD,,2.5,SATA 6.0 Gb/s,1784.0800000000002
Verbatim Vi3000,256.0,,SSD,,M.2-2280,M.2 PCIe 3.0 X4,1623.4199999999998
TEAMGROUP T-Create Classic DL,2000.0,0.06,SSD,,M.2-2280,M.2 PCIe 4.0 X4,6959.42
Kingston KC600,1024.0,0.101,SSD,,mSATA,mSATA,5971.1
TEAMGROUP T-Create Classic C47,4000.0,0.065,SSD,,M.2-2280,M.2 PCIe 4.0 X4,15079.42
Western Digital WD Red Pro,10000.0,0.031,7200,256.0,3.5,SATA 6.0 Gb/s,17980.0
Toshiba OCZ TR200,240.0,0.108,SSD,,2.5,SATA 6.0 Gb/s,1507.4199999999998
Micron 5200 Ion,7680.0,0.143,SSD,,2.5,SATA 6.0 Gb/s,63742.0
Inland QN322,1000.0,0.06,SSD,,M.2-2280,M.2 PCIe 3.0 X4,3479.42
Seagate EXOS Enterprise,4000.0,0.04,7200,256.0,3.5,SATA 6.0 Gb/s,9279.42
Western Digital Red Plus,4000.0,0.034,5400,128.0,3.5,SATA 6.0 Gb/s,7830.0
Corsair MP600 PRO LPX,4000.0,0.086,SSD,,M.2-2280,M.2 PCIe 4.0 X4,20009.420000000002
PNY CS2130,500.0,,SSD,,M.2-2280,M.2 PCIe 3.0 X4,2608.8399999999997
Seagate Barracuda Green,2000.0,0.045,5900,64.0,3.5,SATA 6.0 Gb/s,5258.86
Corsair MP600,2000.0,0.162,SSD,,M.2-2280,M.2 PCIe 4.0 X4,18849.420000000002
TEAMGROUP T-FORCE G70 PRO Aluminum,1000.0,0.08,SSD,,M.2-2280,M.2 PCIe 4.0 X4,4638.84
Micron 9300 Pro,7680.0,0.125,SSD,,2.5,U.2,55622.0
Seagate IronWolf NAS,10000.0,0.026,7200,256.0,3.5,SATA 6.0 Gb/s,14932.099999999999
Toshiba P300,2000.0,0.043,5400,128.0,3.5,SATA 6.0 Gb/s,4940.4400000000005
Transcend 250S,2000.0,0.094,SSD,,M.2-2280,M.2 PCIe 4.0 X4,10899.359999999999
Western Digital Black,6000.0,0.048,7200,128.0,3.5,SATA 6.0 Gb/s,16645.420000000002
Corsair MP510,960.0,0.181,SSD,,M.2-2280,M.2 PCIe 3.0 X4,10065.900000000001
Western Digital Green,480.0,0.24,SSD,,M.2-2280,M.2 SATA,6670.0
Seagate BarraCuda Pro Compute,500.0,,7200,128.0,2.5,SATA 6.0 Gb/s,3305.42
Western Digital Purple,2000.0,0.04,5400,,3.5,SATA 6.0 Gb/s,4638.84
Western Digital Red,8000.0,0.032,5400,256.0,3.5,SATA 6.0 Gb/s,14906.0
Intenso High Performance,960.0,0.068,SSD,,2.5,SATA 6.0 Gb/s,3793.7799999999997
Toshiba P300,2000.0,0.043,5400,256.0,3.5,SATA 6.0 Gb/s,4977.5599999999995
Western Digital VelociRaptor,300.0,0.633,10000,16.0,3.5,SATA 3.0 Gb/s,11017.099999999999
Western Digital Black,1000.0,0.065,7200,32.0,2.5,SATA 6.0 Gb/s,3769.4199999999996
Western Digital Caviar Blue,640.0,0.092,7200,16.0,3.5,SATA 3.0 Gb/s,3421.42
SanDisk Ultra II,480.0,0.417,SSD,,2.5,SATA 6.0 Gb/s,11599.42
Intel 600p,512.0,0.203,SSD,,M.2-2280,M.2 PCIe 3.0 X4,6032.0
Gigabyte GP-GSTFS31120GNTD,120.0,0.203,SSD,,2.5,SATA 6.0 Gb/s,1412.3000000000002
Nextorage NEM-PAC,4000.0,0.059,SSD,,M.2-2280,M.2 PCIe 4.0 X4,13629.42
Verbatim Vi5000,512.0,0.098,SSD,,M.2-2280,M.2 PCIe 4.0 X4,2899.42
TEAMGROUP T-Create Classic C47,1000.0,0.075,SSD,,M.2-2280,M.2 PCIe 4.0 X4,4348.84
Seagate SkyHawk Surveillance +Rescue,8000.0,0.024,5400,256.0,3.5,SATA 6.0 Gb/s,11134.84
Verbatim Vi550,128.0,0.117,SSD,,2.5,SATA 6.0 Gb/s,869.42
Inland Performance Plus,4000.0,0.075,SSD,,M.2-2280,M.2 PCIe 4.0 X4,17399.420000000002
Western Digital Black SN750,4000.0,0.115,SSD,,M.2-2280,M.2 PCIe 3.0 X4,26679.420000000002
Seagate Exos 7E8 512e,8000.0,0.033,7200,256.0,3.5,SATA 6.0 Gb/s,15502.820000000002
Hitachi Ultrastar He10,10000.0,0.027,7200,256.0,3.5,SATA 6.0 Gb/s,15547.48
Crucial P310,1000.0,0.08,SSD,,M.2-2230,M.2 PCIe 4.0 X4,4639.42
Corsair MP600 ELITE PS5,2000.0,0.08,SSD,,M.2-2280,M.2 PCIe 4.0 X4,9279.42
Timetec PINNACLE SD1-INDEX,2000.0,0.062,SSD,,M.2-2280,M.2 PCIe 4.0 X4,7249.42
Seagate EXOS Enterprise,14000.0,,7200,256.0,3.5,SATA 6.0 Gb/s,22619.420000000002
Inland QN322,2000.0,,SSD,,M.2-2280,M.2 PCIe 3.0 X4,6379.42
Seagate Enterprise,8000.0,0.031,7200,256.0,3.5,SATA 6.0 Gb/s,14383.42
Silicon Power UD90,250.0,0.163,SSD,,M.2-2280,M.2 PCIe 4.0 X4,2366.3999999999996
Western Digital Gold,6000.0,0.048,7200,256.0,3.5,SATA 6.0 Gb/s,16871.62
ADATA XPG GAMMIX S50 Lite,2000.0,0.169,SSD,,M.2-2280,M.2 PCIe 4.0 X4,19626.04
Crucial M500,240.0,0.437,SSD,,2.5,SATA 6.0 Gb/s,6089.42
Silicon Power Silm S55,120.0,0.14,SSD,,2.5,SATA 6.0 Gb/s,972.08
Lexar NM610,500.0,0.12,SSD,,M.2-2280,M.2 PCIe 3.0 X4,3479.42
Western Digital VelociRaptor,150.0,1.313,10000,16.0,3.5,SATA 3.0 Gb/s,11426.0
HP EX950,1000.0,0.115,SSD,,M.2-2280,M.2 PCIe 3.0 X4,6645.64
Seagate BarraCuda 510,1000.0,0.14,SSD,,M.2-2280,M.2 PCIe 3.0 X4,8119.42
Toshiba N300 Pro,18000.0,0.019,7200,512.0,3.5,SATA 6.0 Gb/s,20241.420000000002
Western Digital Blue SA510,1000.0,0.07,SSD,,M.2-2280,M.2 SATA,4059.4199999999996
KingSpec NXM,256.0,0.098,SSD,,M.2-2242,M.2 PCIe 3.0 X4,1449.4199999999998
Kingston Q500,240.0,0.135,SSD,,2.5,SATA 6.0 Gb/s,1873.98
Hitachi Ultrastar 7K3000,2000.0,0.076,7200,64.0,3.5,SATA 6.0 Gb/s,8783.52
Seagate Momentus 5400.6,250.0,0.18,5400,8.0,2.5,SATA 3.0 Gb/s,2609.42
Toshiba N300 Pro,16000.0,0.018,7200,512.0,3.5,SATA 6.0 Gb/s,17109.420000000002
Toshiba N300,18000.0,0.018,7200,,3.5,SATA 6.0 Gb/s,18849.420000000002
Western Digital RE4,1000.0,0.065,7200,64.0,3.5,SATA 3.0 Gb/s,3770.0
Western Digital Blue SA510,250.0,0.12,SSD,,M.2-2280,M.2 SATA,1739.4199999999998
Toshiba N300 NAS,8000.0,0.022,7200,512.0,3.5,SATA 6.0 Gb/s,10033.42
Western Digital Gold,1000.0,0.092,7200,128.0,3.5,SATA 6.0 Gb/s,5323.820000000001
Toshiba N300 NAS,10000.0,0.019,7200,512.0,3.5,SATA 6.0 Gb/s,11309.42
Seagate Exos X14,10000.0,0.025,7200,256.0,3.5,SATA 6.0 Gb/s,14210.0
Verbatim Vi3000,512.0,0.112,SSD,,M.2-2280,M.2 PCIe 3.0 X4,3322.2400000000002
Seagate FireCuda 530 w/Heatsink,1000.0,0.18,SSD,,M.2-2280,M.2 PCIe 4.0 X4,10439.42
Western Digital Red Plus,8000.0,0.034,5640,128.0,3.5,SATA 6.0 Gb/s,15602.0
Timetec 30TTQNS3SATA-1TB,1000.0,0.048,SSD,,2.5,SATA 6.0 Gb/s,2783.42
Lexar Professional NM800PRO,512.0,0.133,SSD,,M.2-2280,M.2 PCIe 4.0 X4,3942.84
Seagate Nytro Enterprise,1920.0,0.521,SSD,,2.5,SATA 6.0 Gb/s,57997.100000000006
Seagate Constellation ES.3,4000.0,0.019,7200,128.0,3.5,SAS 6.0 Gb/s,4466.0
KIOXIA BG4,256.0,0.097,SSD,,M.2-2230,M.2 PCIe 3.0 X4,1447.1
TEAMGROUP GX2,2000.0,0.049,SSD,,2.5,SATA 6.0 Gb/s,5683.42
Mushkin Helix-L,2000.0,0.05,SSD,,M.2-2280,M.2 PCIe 3.0 X4,5856.84
PNY CS3150 RGB,1000.0,0.14,SSD,,M.2-2280,M.2 PCIe 5.0 X4,8119.42
Toshiba P300,500.0,0.137,7200,64.0,3.5,SATA 6.0 Gb/s,3961.98
PNY CS3140,4000.0,0.07,SSD,,M.2-2280,M.2 PCIe 4.0 X4,16239.42
Intenso 3812440,256.0,0.106,SSD,,2.5,SATA 6.0 Gb/s,1567.74
Lexar Professional NM800PRO,1000.0,0.094,SSD,,M.2-2280,M.2 PCIe 4.0 X4,5449.1
Western Digital AV-GP,1500.0,0.033,5400,32.0,3.5,SATA 3.0 Gb/s,2842.0
Intel 660p,2000.0,0.2,SSD,,M.2-2280,M.2 PCIe 3.0 X4,23209.86
Gigabyte Gen3 2500E,2000.0,0.117,SSD,,M.2-2280,M.2 PCIe 3.0 X4,13589.400000000001
Intel P3700,1600.0,1.156,SSD,,PCIe,PCIe x4,107300.0
Crucial MX300,1050.0,0.286,SSD,,2.5,SATA 6.0 Gb/s,17399.420000000002
Kingston NV3,1000.0,0.077,SSD,,M.2-2230,M.2 PCIe 4.0 X4,4469.4800000000005
Toshiba MG07ACA12TE,12000.0,0.025,7200,256.0,3.5,SATA 6.0 Gb/s,17342.0
Seagate Exos X18,10000.0,0.027,7200,256.0,3.5,SATA 6.0 Gb/s,15744.099999999999
Silicon Power A55,128.0,,SSD,,M.2-2280,M.2 SATA,927.42
Intel DC P3600,400.0,0.88,SSD,,PCIe,PCIe x4,20416.0
Western Digital WDBSLA0010HNC-NRSN,1000.0,0.04,7200,,3.5,SATA 6.0 Gb/s,2319.42
Intel D3-S4510,7680.0,0.182,SSD,,2.5,SATA 6.0 Gb/s,80910.0
Western Digital WD_BLACK SN850P for PS5,4000.0,0.087,SSD,,M.2-2280,M.2 PCIe 4.0 X4,20299.420000000002
Western Digital VelociRaptor,500.0,0.157,10000,64.0,3.5,SATA 6.0 Gb/s,4556.4800000000005
Western Digital Purple Pro,12000.0,0.025,7200,256.0,3.5,SATA 6.0 Gb/s,17052.0
FanXiang S101,256.0,0.086,SSD,,2.5,SATA 6.0 Gb/s,1275.4199999999998
Western Digital Scorpio Blue,80.0,1.113,5400,8.0,2.5,SATA 1.5 Gb/s,5162.0
Western Digital Caviar Blue,750.0,0.105,7200,32.0,3.5,SATA 6.0 Gb/s,4582.0
Seagate Constellation ES,1000.0,0.04,7200,64.0,3.5,SATA 6.0 Gb/s,2343.2
SanDisk Ultra 3D,250.0,0.32,SSD,,2.5,SATA 6.0 Gb/s,4639.42
Oyen Digital E18-8TBICS6,8000.0,0.104,SSD,,M.2-2280,M.2 PCIe 4.0 X4,48082.0
Mushkin Vortex Redline,2000.0,0.085,SSD,1024.0,M.2-2280,M.2 PCIe 4.0 X4,9859.42
ADATA LEGEND 850 LITE,2000.0,0.06,SSD,,M.2-2280,M.2 PCIe 4.0 X4,7017.42
Seagate FireCuda 530,500.0,0.22,SSD,,M.2-2280,M.2 PCIe 4.0 X4,6365.5
Kingston KC600,256.0,0.134,SSD,,2.5,SATA 6.0 Gb/s,1992.3000000000002
Intel D3-S4520,7680.0,0.141,SSD,,2.5,SATA 6.0 Gb/s,62640.0
Seagate Exos X24,12000.0,,7200,512.0,3.5,SATA 6.0 Gb/s,17457.420000000002
Micron 1100,2000.0,0.149,SSD,,2.5,SATA 6.0 Gb/s,17342.0
Integral V Series 2,240.0,0.111,SSD,,2.5,SATA 6.0 Gb/s,1546.28
Seagate IronWolf NAS,3000.0,0.056,5400,256.0,3.5,SATA 6.0 Gb/s,9719.06
XOC G300,512.0,0.074,SSD,,M.2-2280,M.2 PCIe 3.0 X4,2191.82
Silicon Power XS70,4000.0,0.107,SSD,,M.2-2280,M.2 PCIe 4.0 X4,24754.4
Western Digital WDBSLA0040HNC-NRSN,4000.0,0.03,7200,64.0,3.5,SATA 6.0 Gb/s,6902.0
Western Digital Red,2000.0,0.064,5400,256.0,3.5,SATA 6.0 Gb/s,7366.0
ADATA LEGEND 850 LITE,500.0,0.1,SSD,,M.2-2280,M.2 PCIe 4.0 X4,2899.42
Western Digital Caviar Blue,1000.0,0.099,7200,32.0,3.5,SATA 6.0 Gb/s,5725.76
Western Digital Green,240.0,0.444,SSD,,M.2-2280,M.2 SATA,6178.74
ADATA XPG SX8100,512.0,0.166,SSD,,M.2-2280,M.2 PCIe 3.0 X4,4922.46
Western Digital Caviar Blue,250.0,0.302,7200,8.0,3.5,SATA 3.0 Gb/s,4384.799999999999
Western Digital Caviar Black,500.0,0.311,7200,32.0,3.5,SATA 6.0 Gb/s,9021.32
Silicon Power Slim S55,240.0,0.107,SSD,,2.5,SATA 6.0 Gb/s,1488.8600000000001
Orico Y-20,4000.0,0.052,SSD,,2.5,SATA 6.0 Gb/s,12179.42
Seagate Enterprise Capacity,10000.0,0.027,7200,256.0,3.5,SATA 6.0 Gb/s,15935.5
Western Digital Purple,2000.0,0.037,5400,64.0,3.5,SATA 6.0 Gb/s,4350.0
Transcend TS64GSSD370S,64.0,0.781,SSD,,2.5,SATA 6.0 Gb/s,2899.42
Seagate FireCuda 530 w/Heatsink,4000.0,0.125,SSD,,M.2-2280,M.2 PCIe 4.0 X4,29057.420000000002
Seagate FireCuda 530 w/Heatsink,500.0,0.2,SSD,,M.2-2280,M.2 PCIe 4.0 X4,5799.42
TEAMGROUP QX,512.0,0.064,SSD,,2.5,SATA 6.0 Gb/s,1913.42
Western Digital Caviar Green,1000.0,0.106,5400,32.0,3.5,SATA 3.0 Gb/s,6148.0
Intel 760p,512.0,0.251,SSD,,M.2-2280,M.2 PCIe 3.0 X4,7458.22
Lexar NQ100,960.0,0.072,SSD,,2.5,SATA 6.0 Gb/s,4000.84
TEAMGROUP MP44S,1000.0,0.07,SSD,,M.2-2230,M.2 PCIe 4.0 X4,4059.4199999999996
KIOXIA EXCERIA w/Heatsink,2000.0,0.06,SSD,,M.2-2280,M.2 PCIe 4.0 X4,7017.42
Western Digital Blue,2000.0,0.032,5400,64.0,3.5,SATA 6.0 Gb/s,3769.4199999999996
Lexar Professional NM800PRO,2000.0,0.072,SSD,,M.2-2280,M.2 PCIe 4.0 X4,8409.42
Toshiba MG09 512e,16000.0,0.02,7200,512.0,3.5,SATA 6.0 Gb/s,18385.420000000002
Western Digital WDS100T1XHE w/Heatsink,1000.0,0.139,SSD,,M.2-2280,M.2 PCIe 4.0 X4,8091.0
PNY CS1311,120.0,0.266,SSD,,2.5,SATA 6.0 Gb/s,1850.78
Intel 320,40.0,1.774,SSD,,2.5,SATA 3.0 Gb/s,4116.26
Western Digital RE,1000.0,0.057,7200,64.0,3.5,SATA 6.0 Gb/s,3334.42
Apacer AS2280Q4,1000.0,0.113,SSD,,M.2-2280,M.2 PCIe 4.0 X4,6582.42
Inland Gaming Performance Plus,2000.0,0.07,SSD,,M.2-2280,M.2 PCIe 4.0 X4,8119.42
Western Digital Blue,6000.0,0.026,5400,64.0,3.5,SATA 6.0 Gb/s,9193.0
Patriot P300,1000.0,0.107,SSD,,M.2-2280,M.2 PCIe 3.0 X4,6224.5599999999995
Samsung PM893,3840.0,0.13,SSD,,2.5,SATA 6.0 Gb/s,29000.0
Western Digital Red,10000.0,0.033,5400,256.0,3.5,SATA 6.0 Gb/s,19398.1
AGI AI298,1000.0,0.076,SSD,,M.2-2280,M.2 PCIe 3.0 X4,4421.34
Western Digital Black,4000.0,0.047,7200,64.0,3.5,SATA 6.0 Gb/s,10961.42
Seagate BarraCuda,4000.0,0.036,5900,64.0,3.5,SATA 6.0 Gb/s,8467.42
Toshiba X300 Pro,16000.0,0.02,7200,512.0,3.5,SATA 6.0 Gb/s,18817.52
Western Digital Purple,4000.0,0.024,5400,64.0,3.5,SATA 6.0 Gb/s,5567.42
TEAMGROUP T-Force GE PRO AirFlow,2000.0,0.109,SSD,,M.2-2280,M.2 PCIe 5.0 X4,12701.42
Seagate FireCuda 510,2000.0,0.198,SSD,,M.2-2280,M.2 PCIe 3.0 X4,22944.219999999998
Western Digital Blue,6000.0,0.017,5400,64.0,3.5,SATA 6.0 Gb/s,6089.42
HP FX900 Pro,2000.0,0.102,SSD,,M.2-2280,M.2 PCIe 4.0 X4,11828.52
Western Digital Caviar Green,2000.0,0.048,5400,64.0,3.5,SATA 3.0 Gb/s,5624.26
Hitachi 7K1000.C,1000.0,0.088,7200,32.0,3.5,SATA 3.0 Gb/s,5090.08
Hitachi A7K2000,500.0,0.058,7200,32.0,3.5,SATA 3.0 Gb/s,1681.4199999999998
Seagate BarraCuda,320.0,0.169,7200,16.0,3.5,SATA 6.0 Gb/s,3132.0
Samsung PM883,480.0,0.2,SSD,,2.5,SATA 6.0 Gb/s,5568.0
Hitachi Travelstar Z5K500,500.0,0.3,5400,8.0,2.5,SATA 3.0 Gb/s,8700.0
Seagate BarraCuda,3000.0,0.083,5400,128.0,2.5,SATA 6.0 Gb/s,14475.640000000001
Sabrent Rocket Q,4000.0,0.125,SSD,,M.2-2280,M.2 PCIe 3.0 X4,28999.420000000002
Lenovo S4520,1920.0,,SSD,,2.5,SATA 6.0 Gb/s,38279.42
Addlink S70,2000.0,0.053,SSD,,M.2-2280,M.2 PCIe 3.0 X4,6173.5199999999995
Seagate ST4000NM0024,4000.0,0.032,7200,128.0,3.5,SATA 6.0 Gb/s,7452.42
Toshiba MG04ACA200E,2000.0,0.074,7200,128.0,3.5,SATA 6.0 Gb/s,8569.5
Western Digital Gold,4000.0,0.037,7200,128.0,3.5,SATA 6.0 Gb/s,8583.42
Silicon Power A55,256.0,0.101,SSD,,M.2-2280,M.2 SATA,1506.26
PNY XLR8 CS3030,250.0,,SSD,,M.2-2280,M.2 PCIe 3.0 X4,3014.8399999999997
Samsung PM893,960.0,0.179,SSD,,2.5,SATA 6.0 Gb/s,9958.02
Western Digital Red,3000.0,0.048,5400,256.0,3.5,SATA 6.0 Gb/s,8410.0
Western Digital Caviar Green,2000.0,0.042,5400,64.0,3.5,SATA 6.0 Gb/s,4929.42
Western Digital Red,1000.0,0.125,5400,16.0,2.5,SATA 6.0 Gb/s,7237.820000000001
Western Digital WD Blue,500.0,0.12,SSD,,2.5,SATA 6.0 Gb/s,3479.42
Seagate BarraCuda,500.0,0.257,7200,32.0,3.5,SATA 3.0 Gb/s,7457.64
Transcend SSD230S,128.0,0.234,SSD,,2.5,SATA 6.0 Gb/s,1739.4199999999998
HP EX950,2000.0,0.087,SSD,,M.2-2280,M.2 PCIe 3.0 X4,10091.42
Seagate Enterprise Capacity,2000.0,0.062,7200,128.0,3.5,SATA 6.0 Gb/s,7250.0
TEAMGROUP GX2,256.0,0.243,SSD,,2.5,SATA 6.0 Gb/s,3608.7599999999998
Transcend 220S,1000.0,0.093,SSD,,M.2-2280,M.2 PCIe 3.0 X4,5375.4400000000005
Patriot VP4000 Mini,500.0,0.092,SSD,,M.2-2230,M.2 PCIe 4.0 X4,2667.42
Toshiba MQ04ABD200,2000.0,0.037,5400,128.0,2.5,SATA 6.0 Gb/s,4349.42
Intel DC P4510,2000.0,0.116,SSD,,2.5,U.2,13398.0
PNY CS900,1000.0,0.076,SSD,,M.2-2280,M.2 SATA,4416.700000000001
Seagate FireCuda,500.0,0.131,,,2.5,SATA 6.0 Gb/s,3784.5
Toshiba X300,8000.0,0.032,7200,128.0,3.5,SATA 6.0 Gb/s,14812.619999999999
Sabrent Rocket,512.0,0.137,SSD,,M.2-2242,M.2 PCIe 3.0 X4,4058.84
Seagate SkyHawk Surveillance,10000.0,0.025,7200,256.0,3.5,SATA 6.0 Gb/s,14499.42
XOC SP900,1000.0,0.071,SSD,,M.2-2280,M.2 PCIe 4.0 X4,4118.0
Crucial BX500,960.0,0.083,SSD,,2.5,SATA 6.0 Gb/s,4637.1
TEAMGROUP GX1,480.0,0.166,SSD,,2.5,SATA 6.0 Gb/s,4612.16
Western Digital Black SN750 Rev2,500.0,0.231,SSD,,M.2-2280,M.2 PCIe 3.0 X4,6710.6
Hitachi Travelstar 7K1000,1000.0,0.06,7200,,3.5,SATA 6.0 Gb/s,3452.1600000000003
Seagate BarraCuda,750.0,0.168,7200,32.0,3.5,SATA 3.0 Gb/s,7308.0
Intel 520,120.0,2.25,SSD,,2.5,SATA 6.0 Gb/s,15660.0
Western Digital Black,750.0,0.087,7200,16.0,2.5,SATA 6.0 Gb/s,3770.0
Crucial MX200,500.0,0.595,SSD,,2.5,SATA 6.0 Gb/s,17254.420000000002
Nextorage G-Series LE,2000.0,0.07,SSD,,M.2-2280,M.2 PCIe 4.0 X4,8119.42
Western Digital WD Red Pro,12000.0,0.022,7200,256.0,3.5,SATA 6.0 Gb/s,15630.42
Transcend MTE245S,1000.0,0.061,SSD,,M.2-2280,M.2 PCIe 4.0 X4,3558.88
Western Digital Purple Pro,10000.0,0.025,7200,256.0,3.5,SATA 6.0 Gb/s,14728.52
Toshiba XG6,512.0,0.078,SSD,,M.2-2280,M.2 PCIe 3.0 X4,2307.82
KingSpec NXM,128.0,0.148,SSD,,M.2-2242,M.2 PCIe 3.0 X4,1101.4199999999998
Western Digital Red,6000.0,0.03,5400,256.0,3.5,SATA 6.0 Gb/s,10382.0
Western Digital Red Plus,6000.0,0.028,5400,64.0,3.5,SATA 6.0 Gb/s,9760.82
Seagate IronWolf NAS,6000.0,0.033,5400,256.0,3.5,SATA 6.0 Gb/s,11599.42
Hitachi Deskstar 7K2000,2000.0,0.036,7200,32.0,3.5,SATA 3.0 Gb/s,4126.12
Western Digital Blue,500.0,0.188,SSD,,2.5,SATA 6.0 Gb/s,5450.84
Sabrent Rocket Q,500.0,0.175,SSD,,M.2-2280,M.2 PCIe 3.0 X4,5074.42
Western Digital Black2,1000.0,0.25,,,2.5,SATA 6.0 Gb/s,14499.42
Transcend 110S,512.0,0.098,SSD,,M.2-2280,M.2 PCIe 3.0 X4,2899.42
Crucial P310,2000.0,0.075,SSD,,M.2-2230,M.2 PCIe 4.0 X4,8699.42
Western Digital Purple Pro,18000.0,0.021,7200,512.0,3.5,SATA 6.0 Gb/s,21923.420000000002
Western Digital WDBMMA0030HNC-NRSN,3000.0,0.023,5400,64.0,3.5,SATA 6.0 Gb/s,4058.84
Seagate Exos X18,16000.0,0.025,7200,256.0,3.5,SAS 12.0 Gb/s,23320.06
Western Digital Gold,14000.0,0.021,7200,512.0,3.5,SATA 6.0 Gb/s,17399.420000000002
Nextorage G-Series,8000.0,0.1,SSD,,M.2-2280,M.2 PCIe 4.0 X4,46399.42
Integral MO-300,256.0,0.117,SSD,,mSATA,mSATA,1737.1
Toshiba MG07ACA14TE,14000.0,0.021,7200,256.0,3.5,SATA 6.0 Gb/s,17342.0
Verbatim Vi7000G,1000.0,0.105,SSD,,M.2-2280,M.2 PCIe 4.0 X4,6118.42
Western Digital Caviar Blue,1000.0,0.113,7200,32.0,3.5,SATA 3.0 Gb/s,6560.96
Samsung PM893,1920.0,0.151,SSD,,2.5,SATA 6.0 Gb/s,16842.04
Seagate Game Drive,1000.0,,SSD,,M.2-2280,M.2 PCIe 4.0 X4,7567.839999999999
Verbatim Vi5000,1000.0,,SSD,,M.2-2280,M.2 PCIe 4.0 X4,4784.42
Transcend SSD230S,1000.0,0.082,SSD,,2.5,SATA 6.0 Gb/s,4727.0
ADATA Premium For PS5,2000.0,0.07,SSD,,M.2-2280,M.2 PCIe 4.0 X4,8119.42
HP S700,250.0,0.235,SSD,,2.5,SATA 6.0 Gb/s,3413.88
Western Digital AV-GP,160.0,0.312,5400,8.0,3.5,SATA 3.0 Gb/s,2897.1000000000004
Seagate BarraCuda,500.0,0.148,7200,16.0,3.5,SATA 3.0 Gb/s,4292.0
Crucial MX300,2050.0,0.244,SSD,,2.5,SATA 6.0 Gb/s,28999.420000000002
Intel D3-S4510,960.0,0.177,SSD,,2.5,SATA 6.0 Gb/s,9860.0
Seagate BarraCuda Q1,480.0,0.208,SSD,,2.5,SATA 6.0 Gb/s,5797.1
ADATA Legend 850,512.0,0.107,SSD,,M.2-2280,M.2 PCIe 4.0 X4,3189.42
PNY XLR8 CS3140 w/Heatsink,1000.0,,SSD,,M.2-2280,M.2 PCIe 4.0 X4,11047.84
Samsung PM893,240.0,0.496,SSD,,2.5,SATA 6.0 Gb/s,6899.1
Toshiba N300,16000.0,0.031,7200,512.0,3.5,SATA 6.0 Gb/s,28419.420000000002
Seagate Lightsaber Collection FireCuda,1000.0,,SSD,,M.2-2280,M.2 PCIe 4.0 X4,8119.42
Silicon Power UD90,1000.0,0.075,SSD,,M.2-2230,M.2 PCIe 4.0 X4,4348.84
Lexar NQ100,1920.0,0.047,SSD,,2.5,SATA 6.0 Gb/s,5190.42
Toshiba N300 NAS,20000.0,0.017,7200,512.0,3.5,SATA 6.0 Gb/s,20242.0
Seagate SkyHawk AI,10000.0,0.024,7200,256.0,3.5,SATA 6.0 Gb/s,13919.42
Toshiba L200,2000.0,0.043,5400,128.0,2.5,SATA 6.0 Gb/s,4941.0199999999995
Western Digital Blue,250.0,0.239,SSD,,2.5,SATA 6.0 Gb/s,3471.3
Klevv CRAS C925,500.0,0.094,SSD,,M.2-2280,M.2 PCIe 4.0 X4,2725.42
KingSpec XG7000 PRO,1000.0,0.071,SSD,,M.2-2280,M.2 PCIe 4.0 X4,4117.42
Nextorage NN5PRO,2000.0,0.2,SSD,4096.0,M.2-2280,M.2 PCIe 4.0 X8,23199.420000000002
SanDisk SSD PLUS,480.0,0.102,SSD,,2.5,SATA 6.0 Gb/s,2847.8
PNY CS2130,1000.0,0.13,SSD,,M.2-2280,M.2 PCIe 3.0 X4,7539.42
GameStop 23VG-GSPL-GameStop NVMe SSD-Heatsink-2TB,2000.0,0.085,SSD,,M.2-2280,M.2 PCIe 4.0 X4,9859.42
Hitachi Ultrastar 7K6000,6000.0,0.108,7200,128.0,3.5,SATA 6.0 Gb/s,37499.32
Seagate Exos 7E8,4000.0,0.042,7200,256.0,3.5,SATA 6.0 Gb/s,9839.119999999999
Corsair MP600 PRO,4000.0,0.096,SSD,,M.2-2280,M.2 PCIe 4.0 X4,22352.62
Toshiba N300,8000.0,0.022,7200,256.0,3.5,SATA 6.0 Gb/s,10149.42
Mushkin Vortex-LX,1000.0,0.097,SSD,,M.2-2280,M.2 PCIe 4.0 X4,5620.200000000001
Crucial M4,256.0,0.781,SSD,,2.5,SATA 6.0 Gb/s,11599.42
Western Digital Green,240.0,0.258,SSD,,2.5,SATA 6.0 Gb/s,3596.0
Kingston UV500B,240.0,0.26,SSD,,M.2-2280,M.2 SATA,3624.42
Lenovo 4XB0W79582,1000.0,0.465,SSD,,M.2-2280,M.2 PCIe 3.0 X4,26970.0
Transcend 220S,256.0,0.145,SSD,,M.2-2280,M.2 PCIe 3.0 X4,2156.44
Western Digital Blue SN550,1000.0,,SSD,,M.2-2280,M.2 PCIe 3.0 X4,7539.42
Mushkin Tempest,256.0,0.189,SSD,,M.2-2280,M.2 PCIe 3.0 X4,2811.2599999999998
Seagate Enterprise,6000.0,0.032,7200,128.0,3.5,SAS 12.0 Gb/s,11192.26
Seagate Enterprise Capacity,8000.0,0.021,7200,256.0,3.5,SAS 6.0 Gb/s,9961.5
KingSpec XG7000,2000.0,0.066,SSD,,M.2-2242,M.2 PCIe 4.0 X4,7713.42
Seagate Exos 7E8,3000.0,0.03,7200,256.0,3.5,SATA 6.0 Gb/s,5275.679999999999
Western Digital Red Plus,6000.0,0.028,5640,128.0,3.5,SATA 6.0 Gb/s,9686.0
Seagate BarraCuda Pro,6000.0,0.031,7200,128.0,3.5,SATA 6.0 Gb/s,10730.0
Seagate Enterprise,12000.0,0.033,7200,256.0,3.5,SATA 6.0 Gb/s,23142.0
Addlink S20,512.0,0.062,SSD,,2.5,SATA 6.0 Gb/s,1855.4199999999998
Intel 730,480.0,1.14,SSD,,2.5,SATA 6.0 Gb/s,31725.420000000002
Western Digital Caviar Blue,320.0,0.265,7200,8.0,3.5,PATA 100,4927.1
ADATA XPG SX8100,4000.0,0.125,SSD,,M.2-2280,M.2 PCIe 3.0 X4,28999.420000000002
Seagate SkyHawk Surveillance,8000.0,0.027,7200,256.0,3.5,SATA 6.0 Gb/s,12504.22
Inland Gaming Performance Plus,1000.0,0.085,SSD,,M.2-2280,M.2 PCIe 4.0 X4,4929.42
ADATA LEGEND 960 MAX,4000.0,0.119,SSD,,M.2-2280,M.2 PCIe 4.0 X4,27576.68
Seagate BarraCuda,320.0,0.266,7200,16.0,3.5,SATA 3.0 Gb/s,4930.0
Western Digital Purple,3000.0,0.03,5400,64.0,3.5,SATA 6.0 Gb/s,5219.42
Hitachi Ultrastar He8,8000.0,0.041,7200,128.0,3.5,SATA 6.0 Gb/s,18850.0
Seagate Momentus 7200.4,500.0,0.09,7200,16.0,2.5,SATA 3.0 Gb/s,2610.0
ADATA Premier Pro SP900,256.0,1.172,SSD,,2.5,SATA 6.0 Gb/s,17397.1
Western Digital Green,2000.0,0.058,5900,8.0,2.5,SATA 6.0 Gb/s,6683.92
Transcend TS120GSSD220S,120.0,0.2,SSD,,2.5,SATA 6.0 Gb/s,1391.4199999999998
Western Digital Purple,4000.0,0.025,5400,64.0,3.5,SATA 6.0 Gb/s,5742.0
Seagate Exos X10,10000.0,0.101,7200,256.0,3.5,SAS 12.0 Gb/s,58522.0
Solidigm P44 Pro,512.0,,SSD,,M.2-2280,M.2 PCIe 4.0 X4,5886.42
Kingston Fury Renegade with Heat Sink,500.0,0.234,SSD,,M.2-2280,M.2 PCIe 4.0 X4,6784.84
Patriot VP4000 Mini,1000.0,0.072,SSD,,M.2-2230,M.2 PCIe 4.0 X4,4174.84
Western Digital Purple Pro,22000.0,0.02,7200,512.0,3.5,SATA 6.0 Gb/s,26099.420000000002
Western Digital SN530,256.0,0.152,SSD,,M.2-2230,M.2 PCIe 3.0 X4,2255.04
Hitachi 0F27406,8000.0,0.017,7200,256.0,3.5,SAS 12.0 Gb/s,8062.0
Micron 2400,512.0,0.115,SSD,,M.2-2230,M.2 PCIe 4.0 X4,3428.96
ADATA Premium For PS5,1000.0,0.076,SSD,,M.2-2280,M.2 PCIe 4.0 X4,4406.84
Western Digital Purple,12000.0,0.025,7200,256.0,3.5,SATA 6.0 Gb/s,17342.0
Integral V Series 2,250.0,0.122,SSD,,2.5,SATA 6.0 Gb/s,1765.52
Integral V Series Plus,512.0,0.07,SSD,,2.5,SATA 6.0 Gb/s,2078.14
Western Digital WD Red Pro,4000.0,0.035,7200,256.0,3.5,SATA 6.0 Gb/s,8119.42
Toshiba L200,1000.0,0.064,5400,128.0,2.5,SATA 6.0 Gb/s,3700.3999999999996
Seagate SkyHawk Surveillance +Rescue,6000.0,0.025,5400,256.0,3.5,SATA 6.0 Gb/s,8699.42
Addlink G55,2000.0,0.106,SSD,,M.2-2280,M.2 PCIe 5.0 X4,12295.42
Seagate BarraCuda,500.0,0.114,5400,128.0,2.5,SATA 6.0 Gb/s,3305.42
Micron 7400 PRO,1920.0,,SSD,,M.2-22110,M.2 PCIe 4.0 X4,20299.420000000002
OWC Mercury Electra 6G,2000.0,0.09,SSD,,2.5,SATA 6.0 Gb/s,10439.42
Intel 760p,1000.0,0.129,SSD,,M.2-2280,M.2 PCIe 3.0 X4,7482.0
Intel D3-S4510,3840.0,0.138,SSD,,2.5,SATA 6.0 Gb/s,30624.0
Addlink S20,1000.0,0.057,SSD,,2.5,SATA 6.0 Gb/s,3305.42
Nextorage NEM-PAB,1000.0,0.09,SSD,,M.2-2280,M.2 PCIe 4.0 X4,5219.42
PNY CS2340,1000.0,0.101,SSD,,M.2-2280,M.2 PCIe 4.0 X4,5847.5599999999995
Seagate Barracuda LP,2000.0,0.054,5900,32.0,3.5,SATA 3.0 Gb/s,6320.84
Seagate Momentus 7200.4,160.0,0.143,7200,16.0,2.5,SATA 3.0 Gb/s,1331.1
Seagate ST1000NX0313,1000.0,0.058,7200,128.0,2.5,SATA 6.0 Gb/s,3389.52
Transcend TS240GSSD220S,240.0,0.123,SSD,,2.5,SATA 6.0 Gb/s,1708.1
Patriot VP4000 Mini,2000.0,0.066,SSD,,M.2-2230,M.2 PCIe 4.0 X4,7713.42
Kingston NV3,2000.0,0.07,SSD,,M.2-2230,M.2 PCIe 4.0 X4,8116.5199999999995
Seagate ST4000LM016,4000.0,0.039,5400,128.0,2.5,SATA 6.0 Gb/s,8990.0
Toshiba N300 NAS,12000.0,0.018,7200,512.0,3.5,SATA 6.0 Gb/s,12701.42
Sabrent Rocket,2000.0,0.1,SSD,,M.2-2242,M.2 PCIe 3.0 X4,11599.42
Western Digital WD Green,480.0,0.09,SSD,,M.2-2280,M.2 SATA,2492.8399999999997
Hitachi Travelstar,1000.0,0.085,7200,32.0,2.5,SATA 6.0 Gb/s,4930.0
Western Digital Blue,3000.0,0.027,5400,256.0,3.5,SATA 6.0 Gb/s,4638.84
Seagate BarraCuda Pro,8000.0,0.03,7200,256.0,3.5,SATA 6.0 Gb/s,14006.42
Western Digital Purple,8000.0,0.026,5640,128.0,3.5,SATA 6.0 Gb/s,11942.2
Addlink A95,2000.0,0.073,SSD,,M.2-2280,M.2 PCIe 4.0 X4,8493.52
SanDisk EXTREME PRO,1000.0,0.179,SSD,,M.2-2280,M.2 PCIe 3.0 X4,10357.06
Nextorage G-Series,2000.0,0.4,SSD,,M.2-2280,M.2 PCIe 4.0 X4,46399.42
Transcend MTE245S,4000.0,0.075,SSD,,M.2-2280,M.2 PCIe 4.0 X4,17342.0
KIOXIA EXCERIA w/Heatsink,1000.0,0.082,SSD,,M.2-2280,M.2 PCIe 4.0 X4,4755.42
Western Digital WD Red Pro,8000.0,0.032,7200,256.0,3.5,SATA 6.0 Gb/s,14758.099999999999
Patriot P300,512.0,0.149,SSD,,M.2-2280,M.2 PCIe 3.0 X4,4434.1
Seagate Exos X18,18000.0,0.025,7200,256.0,3.5,SATA 6.0 Gb/s,26431.18
PNY CS2140,2000.0,,SSD,,M.2-2280,M.2 PCIe 4.0 X4,7393.84
Lexar Professional NM800PRO w/Heatsink,2000.0,0.075,SSD,,M.2-2280,M.2 PCIe 4.0 X4,8699.42
Western Digital Caviar Black,1000.0,0.079,7200,32.0,3.5,SATA 3.0 Gb/s,4579.1
Intel DC P3600,1200.0,1.25,SSD,,PCIe,PCIe x4,87000.0
Transcend 110S,1000.0,0.082,SSD,,M.2-2280,M.2 PCIe 3.0 X4,4769.34
Intenso High Performance,480.0,0.093,SSD,,2.5,SATA 6.0 Gb/s,2577.52
ADATA Falcon,1000.0,0.085,SSD,,M.2-2280,M.2 PCIe 3.0 X4,4928.26
PNY CS2130,2000.0,0.115,SSD,,M.2-2280,M.2 PCIe 3.0 X4,13339.42
Western Digital Red Plus,2000.0,0.053,5400,128.0,3.5,SATA 6.0 Gb/s,6148.0
Transcend MTE245S,500.0,0.12,SSD,,M.2-2280,M.2 PCIe 4.0 X4,3479.42
GameStop 23VG-GSPL-GameStop NVMe SSD-Heatsink-1TB,1000.0,0.11,SSD,,M.2-2280,M.2 PCIe 4.0 X4,6379.42
Western Digital WD Red Pro,24000.0,0.021,7200,512.0,3.5,SATA 6.0 Gb/s,28999.420000000002
Seagate Momentus 5400.6,320.0,0.103,5400,8.0,2.5,SATA 3.0 Gb/s,1914.0
Toshiba MK5061GSYN,500.0,0.116,7200,16.0,2.5,SATA 3.0 Gb/s,3364.0
Toshiba PH3500U-1I72,5000.0,0.036,7200,128.0,3.5,SATA 6.0 Gb/s,10382.0
Patriot VPN100,1000.0,0.317,SSD,512.0,M.2-2280,M.2 PCIe 3.0 X4,18397.6
Patriot VPN100,2000.0,0.173,SSD,512.0,M.2-2280,M.2 PCIe 3.0 X4,20079.02
Western Digital WD Red Pro,14000.0,0.022,7200,,3.5,SATA 6.0 Gb/s,17979.420000000002
Sabrent Rocket nano 2242,1000.0,0.12,SSD,,M.2-2242,M.2 PCIe 4.0 X4,6959.42
Orico Y-20,2000.0,0.042,SSD,,2.5,SATA 6.0 Gb/s,4929.42
Western Digital Purple,2000.0,0.034,5400,64.0,3.5,SATA 6.0 Gb/s,4000.84
Western Digital Scorpio Blue,250.0,0.077,5400,8.0,2.5,SATA 3.0 Gb/s,1120.56
Seagate Enterprise Capacity,4000.0,0.027,7200,128.0,3.5,SATA 6.0 Gb/s,6379.42
Toshiba N300 NAS,16000.0,0.018,7200,512.0,3.5,SATA 6.0 Gb/s,16529.420000000002
Sabrent Rocket 4.0,1000.0,0.1,SSD,,M.2-2230,M.2 PCIe 4.0 X4,5799.42
Transcend 830S,4000.0,0.081,SSD,,M.2-2280,M.2 SATA,18786.199999999997
Western Digital RE,3000.0,0.035,7200,64.0,3.5,SATA 6.0 Gb/s,6089.42
Transcend SSD230S,512.0,0.11,SSD,,2.5,SATA 6.0 Gb/s,3254.96
Western Digital Black SN750,2000.0,0.159,SSD,,M.2-2280,M.2 PCIe 3.0 X4,18443.420000000002
Western Digital Red SA500,500.0,0.146,SSD,,M.2-2280,M.2 SATA,4232.84
Toshiba P300,6000.0,0.029,5400,128.0,3.5,SATA 6.0 Gb/s,9970.2
Mushkin Vortex Redline,4000.0,0.077,SSD,,M.2-2280,M.2 PCIe 4.0 X4,17920.84
PNY CS2240,1000.0,0.08,SSD,,M.2-2280,M.2 PCIe 4.0 X4,4638.84
Seagate Constellation ES,1000.0,0.058,7200,32.0,3.5,SATA 3.0 Gb/s,3363.42
Seagate SkyHawk,4000.0,0.034,5900,64.0,3.5,SATA 6.0 Gb/s,7829.42
SanDisk EXTREME PRO,500.0,0.16,SSD,,M.2-2280,M.2 PCIe 3.0 X4,4638.84
Seagate Exos X14,12000.0,0.026,7200,256.0,3.5,SATA 6.0 Gb/s,17926.06
Intel DC S3610,1600.0,0.247,SSD,,2.5,SATA 6.0 Gb/s,22898.4
PNY XLR8 CS3040,2000.0,0.114,SSD,,M.2-2280,M.2 PCIe 4.0 X4,13223.42
Western Digital BLACK SN850 Call of Duty Edition,1000.0,0.217,SSD,,M.2-2280,M.2 PCIe 4.0 X4,12586.0
Mushkin Tempest,2000.0,0.059,SSD,,M.2-2280,M.2 PCIe 3.0 X4,6901.42
Nextorage G-Series LE,1000.0,0.085,SSD,,M.2-2280,M.2 PCIe 4.0 X4,4929.42
Western Digital VelociRaptor,300.0,0.496,10000,16.0,3.5,SATA 3.0 Gb/s,8638.52
Hitachi 7K1000.C,250.0,1.049,7200,8.0,3.5,SATA 3.0 Gb/s,15216.880000000001
Western Digital AV-GP,250.0,0.076,5400,16.0,3.5,SATA 3.0 Gb/s,1100.84
Western Digital RE,250.0,0.16,7200,64.0,3.5,SATA 6.0 Gb/s,2320.0
Western Digital SE,1000.0,0.103,7200,128.0,3.5,SATA 6.0 Gb/s,5974.0
Seagate Enterprise Capacity,6000.0,0.037,7200,256.0,3.5,SATA 6.0 Gb/s,12766.380000000001
Seagate Enterprise Capacity,8000.0,0.1,7200,256.0,3.5,SATA 6.0 Gb/s,46342.0
TEAMGROUP GX1,120.0,0.233,SSD,,2.5,SATA 6.0 Gb/s,1624.0
Kingston Q500,1920.0,0.138,SSD,,2.5,SATA 6.0 Gb/s,15407.699999999999
GOODRAM IRDM PRO SLIM,4000.0,0.123,SSD,,M.2-2280,M.2 PCIe 4.0 X4,28458.280000000002
Addlink S93,2000.0,0.075,SSD,,M.2-2280,M.2 PCIe 4.0 X4,8725.52
Transcend SSD230S,4000.0,0.085,SSD,,2.5,SATA 6.0 Gb/s,19719.420000000002
Lexar NQ710,500.0,0.125,SSD,,M.2-2280,M.2 PCIe 4.0 X4,3618.04
Kingston NV3,500.0,0.1,SSD,,M.2-2230,M.2 PCIe 4.0 X4,2906.38
Transcend 250S,1000.0,0.12,SSD,,M.2-2280,M.2 PCIe 4.0 X4,6959.42
Western Digital WD Green,240.0,0.117,SSD,,M.2-2280,M.2 SATA,1623.4199999999998
Seagate Exos 7E10 512e/4Kn,4000.0,0.044,7200,256.0,3.5,SATA 6.0 Gb/s,10209.16
Hitachi 0B36040,4000.0,0.038,7200,256.0,3.5,SATA 6.0 Gb/s,8863.56
Hitachi 0F14683,4000.0,0.034,7200,64.0,3.5,SATA 6.0 Gb/s,7870.0199999999995
Toshiba X300,6000.0,0.04,7200,256.0,3.5,SATA 6.0 Gb/s,13831.26
Lexar PLAY,2000.0,0.072,SSD,,M.2-2280,M.2 PCIe 4.0 X4,8322.42
Western Digital RE4,500.0,0.069,7200,64.0,3.5,SATA 3.0 Gb/s,1994.6200000000001
Western Digital Black,6000.0,0.045,7200,128.0,3.5,SATA 6.0 Gb/s,15659.42
Seagate SkyHawk,6000.0,0.037,5900,256.0,3.5,SATA 6.0 Gb/s,12867.3
Micron 1100,1000.0,0.2,SSD,,2.5,SATA 6.0 Gb/s,11599.42
Intel DC P4510,4000.0,0.438,SSD,,2.5,U.2,101500.0
Kingston KC600,512.0,0.115,SSD,,2.5,SATA 6.0 Gb/s,3421.42
Seagate FireCuda 510,250.0,0.403,SSD,,M.2-2280,M.2 PCIe 3.0 X4,5850.46
Inland Platinum,512.0,0.064,SSD,,2.5,SATA 6.0 Gb/s,1913.42
Inland Gaming Performance Plus,8000.0,0.102,SSD,,M.2-2280,M.2 PCIe 4.0 X4,47559.42
Addlink A93 PS5,4000.0,0.059,SSD,,M.2-2280,M.2 PCIe 4.0 X4,13597.52
Titanium Micro TH2000,512.0,0.07,SSD,,M.2-2280,M.2 PCIe 3.0 X4,2087.42
ADATA LEGEND 700 GOLD,2000.0,0.065,SSD,,M.2-2280,M.2 PCIe 3.0 X4,7539.42
Western Digital RE3,250.0,0.1,7200,16.0,3.5,SATA 3.0 Gb/s,1449.4199999999998
Intel DC S3700,400.0,0.366,SSD,,2.5,SATA 6.0 Gb/s,8493.52
Seagate Cheetah 15K.7,600.0,0.163,15000,16.0,3.5,SAS 6.0 Gb/s,5685.74
Seagate ST4000NC001,4000.0,0.032,5900,64.0,3.5,SATA 6.0 Gb/s,7360.78
Western Digital Blue,3000.0,0.025,5400,32.0,3.5,SATA 3.0 Gb/s,4334.34
Crucial BX200,240.0,0.463,SSD,,2.5,SATA 6.0 Gb/s,6438.0
Hitachi Deskstar NAS,8000.0,0.031,7200,128.0,3.5,SATA 6.0 Gb/s,14499.42
TEAMGROUP GX1,240.0,0.179,SSD,,2.5,SATA 6.0 Gb/s,2493.42
Toshiba X300,8000.0,0.066,7200,256.0,3.5,SATA 6.0 Gb/s,30702.88
Toshiba X300,16000.0,0.029,7200,512.0,3.5,SATA 6.0 Gb/s,26662.6
Seagate Barracuda ES.2,250.0,0.442,7200,32.0,3.5,SATA 3.0 Gb/s,6409.0
Addlink A93 PS5,2000.0,0.058,SSD,,M.2-2280,M.2 PCIe 4.0 X4,6727.42
Seagate Exos X18,10000.0,0.033,7200,512.0,3.5,SATA 6.0 Gb/s,19282.1
Seagate Exos X24,12000.0,0.029,7200,512.0,3.5,SAS 12.0 Gb/s,20242.0
Samsung Spinpoint F1 DT,640.0,0.114,7200,16.0,3.5,SATA 3.0 Gb/s,4219.5
Seagate SV35.5,500.0,0.18,5900,16.0,3.5,SATA 3.0 Gb/s,5217.1
Western Digital Caviar Green,3000.0,0.076,5400,64.0,3.5,SATA 3.0 Gb/s,13282.0
Intel 330,180.0,0.877,SSD,,2.5,SATA 6.0 Gb/s,9157.039999999999
Western Digital WDBSLA0020HNC-NRSN,2000.0,0.033,7200,64.0,3.5,SATA 6.0 Gb/s,3818.14
Intel 530,180.0,0.528,SSD,,2.5,SATA 6.0 Gb/s,5509.42
Crucial M500,480.0,0.793,SSD,,M.2-2280,M.2 SATA,22084.66
Corsair Force LE,480.0,0.427,SSD,,2.5,SATA 6.0 Gb/s,11895.22
Kingston A1000,120.0,1.041,SSD,,2.5,SATA 6.0 Gb/s,7242.46
Intel 660p,512.0,0.17,SSD,,M.2-2280,M.2 PCIe 3.0 X4,5045.42
Western Digital WD Blue,250.0,0.436,SSD,,2.5,SATA 6.0 Gb/s,6322.0
Seagate Exos 7E10 512n,2000.0,0.086,7200,256.0,3.5,SATA 6.0 Gb/s,9920.32
Western Digital Blue Mobile,500.0,0.094,5400,128.0,2.5,SATA 6.0 Gb/s,2725.42
AGI AI298,512.0,0.094,SSD,,M.2-2280,M.2 PCIe 3.0 X4,2781.1000000000004
Addlink G55H,2000.0,0.083,SSD,,M.2-2280,M.2 PCIe 5.0 X4,9627.42
Corsair MP600 MINI,2000.0,0.09,SSD,,M.2-2230,M.2 PCIe 4.0 X4,10439.42
KingSpec XF,1000.0,0.07,SSD,,M.2-2230,M.2 PCIe 4.0 X4,4059.4199999999996
Seagate SkyHawk AI,14000.0,0.018,7200,256.0,3.5,SATA 6.0 Gb/s,14497.099999999999
Verbatim Vi7000G,4000.0,,SSD,,M.2-2280,M.2 PCIe 4.0 X4,14441.42
Intel SSDSCKJW240H601,240.0,0.15,SSD,,M.2-2280,M.2 SATA,2086.8399999999997
KingSpec XG7000,1000.0,0.077,SSD,,M.2-2242,M.2 PCIe 4.0 X4,4465.42
Western Digital WD_BLACK SN770M,500.0,0.16,SSD,,M.2-2230,M.2 PCIe 4.0 X4,4638.84
KIOXIA BG4,512.0,0.098,SSD,,M.2-2230,M.2 PCIe 3.0 X4,2899.42
Seagate SkyHawk AI,10000.0,0.023,7200,256.0,3.5,SATA 6.0 Gb/s,13338.84
Addlink G55,1000.0,0.092,SSD,,M.2-2280,M.2 PCIe 5.0 X4,5335.42
Timetec 30TTQNS3SATA-2TB,2000.0,0.047,SSD,,2.5,SATA 6.0 Gb/s,5451.42
Western Digital WD Red Pro,4000.0,0.068,7200,128.0,3.5,SATA 6.0 Gb/s,15660.0
Addlink G55H,1000.0,0.123,SSD,,M.2-2280,M.2 PCIe 5.0 X4,7133.42
Western Digital Scorpio Blue,750.0,0.072,5400,8.0,2.5,SATA 3.0 Gb/s,3132.0
Samsung Spinpoint M8,1000.0,0.07,5400,8.0,2.5,SATA 3.0 Gb/s,4060.0
Seagate SkyHawk,10000.0,0.024,7200,256.0,3.5,SATA 6.0 Gb/s,13888.099999999999
Seagate SkyHawk AI,12000.0,0.022,7200,256.0,3.5,SATA 6.0 Gb/s,15659.42
Seagate Exos X18,16000.0,0.026,7200,256.0,3.5,SATA 6.0 Gb/s,23774.780000000002
Toshiba MG04ACA100N,1000.0,0.111,7200,128.0,3.5,SATA 6.0 Gb/s,6420.6
Kingston SSDNow KC300,240.0,0.276,SSD,,2.5,SATA 6.0 Gb/s,3836.7000000000003
Transcend MTS400,32.0,1.543,SSD,,M.2-2242,M.2 SATA,2864.04
Seagate IronWolf NAS,1000.0,0.216,5900,64.0,3.5,SATA 6.0 Gb/s,12534.380000000001
Western Digital Purple,3000.0,0.032,5400,64.0,3.5,SATA 6.0 Gb/s,5568.0
Kingston SSDNOW DC500R,3840.0,0.26,SSD,,2.5,SATA 6.0 Gb/s,57940.26
Western Digital Black SN750 Rev2,2000.0,0.12,SSD,,M.2-2280,M.2 PCIe 3.0 X4,13891.0
Kingston DC500M,3840.0,0.204,SSD,,2.5,SATA 6.0 Gb/s,45499.26
Western Digital Caviar Black,1500.0,0.098,7200,64.0,3.5,SATA 3.0 Gb/s,8483.66
Intel 320,40.0,2.475,SSD,,2.5,SATA 3.0 Gb/s,5742.0
OCZ Agility 3,240.0,0.366,SSD,,2.5,SATA 6.0 Gb/s,5101.1
Western Digital WDBMYH0010BNC-NRSN,1000.0,0.049,5400,8.0,2.5,SATA 3.0 Gb/s,2870.42
Transcend SSD230S,256.0,0.137,SSD,,2.5,SATA 6.0 Gb/s,2032.32
Crucial BX300,240.0,0.273,SSD,,2.5,SATA 6.0 Gb/s,3794.36
Intel 545s,512.0,0.363,SSD,,M.2-2280,M.2 SATA,10782.2
Western Digital Purple,18000.0,0.027,7200,512.0,3.5,SATA 6.0 Gb/s,28678.1
Toshiba X300 Pro,10000.0,0.036,7200,512.0,3.5,SATA 6.0 Gb/s,20607.4
Verbatim Vi560,512.0,0.123,SSD,,M.2-2280,M.2 SATA,3651.68
Addlink A95,8000.0,0.106,SSD,,M.2-2280,M.2 PCIe 4.0 X4,49035.520000000004
Corsair MP600 ELITE w/Heatsink,4000.0,0.083,SSD,,M.2-2280,M.2 PCIe 4.0 X4,19371.420000000002
XOC Nitro,1000.0,0.057,SSD,,2.5,SATA 6.0 Gb/s,3304.2599999999998
Western Digital WD Red Pro,20000.0,0.021,7200,512.0,3.5,SATA 6.0 Gb/s,24359.420000000002
Seagate Exos X18,18000.0,0.02,7200,256.0,3.5,SAS 12.0 Gb/s,20879.420000000002
Corsair MP600 MINI,1000.0,0.083,SSD,,M.2-2230,M.2 PCIe 4.0 X4,4813.42
Toshiba X300 Pro,14000.0,0.021,7200,512.0,3.5,SATA 6.0 Gb/s,17109.420000000002
Western Digital SN530,512.0,0.135,SSD,,M.2-2230,M.2 PCIe 3.0 X4,4002.0
Inland TD510,2000.0,0.1,SSD,,M.2-2280,M.2 PCIe 5.0 X4,11599.42
TEAMGROUP A440 Lite,512.0,0.098,SSD,,M.2-2280,M.2 PCIe 4.0 X4,2899.42
Western Digital Purple Pro,8000.0,0.03,7200,256.0,3.5,SATA 6.0 Gb/s,13918.84
Toshiba MG09 512e,12000.0,0.024,7200,512.0,3.5,SATA 6.0 Gb/s,16819.420000000002
Toshiba N300,8000.0,0.036,7200,256.0,3.5,SATA 6.0 Gb/s,16819.420000000002
Samsung PM893,480.0,0.373,SSD,,2.5,SATA 6.0 Gb/s,10382.0
Western Digital Black,500.0,0.1,7200,64.0,3.5,SATA 6.0 Gb/s,2899.42
Seagate Exos X18,12000.0,0.029,7200,512.0,3.5,SATA 6.0 Gb/s,20263.46
Integral V Series Plus,256.0,0.123,SSD,,2.5,SATA 6.0 Gb/s,1820.6200000000001
Western Digital Purple,6000.0,0.023,5400,64.0,3.5,SATA 6.0 Gb/s,8119.42
Silicon Power Silm S55,480.0,0.078,SSD,,2.5,SATA 6.0 Gb/s,2163.98
Intel 760p,2000.0,0.127,SSD,,M.2-2280,M.2 PCIe 3.0 X4,14726.78
Seagate SkyHawk AI,10000.0,0.024,7200,256.0,3.5,SATA 6.0 Gb/s,14021.5
Transcend 220S,512.0,0.111,SSD,,M.2-2280,M.2 PCIe 3.0 X4,3289.7599999999998
Western Digital Caviar Green,1500.0,0.12,5400,64.0,3.5,SATA 3.0 Gb/s,10437.099999999999
Western Digital Scorpio Blue,160.0,0.289,5400,8.0,2.5,SATA 1.5 Gb/s,2684.82
Seagate BarraCuda,160.0,0.35,7200,8.0,3.5,SATA 3.0 Gb/s,3245.1000000000004
Seagate Barracuda LP,1000.0,0.135,5900,32.0,3.5,SATA 3.0 Gb/s,7855.5199999999995
Hitachi 0J11561,500.0,0.078,5400,8.0,2.5,SATA 3.0 Gb/s,2273.6000000000004
Western Digital AV-25,320.0,0.07,5400,16.0,2.5,SATA 3.0 Gb/s,1299.1999999999998
Intel 320,600.0,0.625,SSD,,2.5,SATA 3.0 Gb/s,21750.0
Western Digital AV-GP,160.0,0.163,5400,16.0,3.5,SATA 3.0 Gb/s,1508.0
Intel DC S3700,800.0,0.42,SSD,,2.5,SATA 6.0 Gb/s,19488.0
Intel 530,120.0,1.667,SSD,,2.5,SATA 6.0 Gb/s,11600.0
SanDisk EXTREME PRO,480.0,0.417,SSD,,2.5,SATA 6.0 Gb/s,11599.42
SanDisk EXTREME PRO,960.0,0.312,SSD,,2.5,SATA 6.0 Gb/s,17399.420000000002
Toshiba PH3400U-1I72,4000.0,0.04,7200,128.0,3.5,SATA 6.0 Gb/s,9222.0
Intel 600p,1000.0,0.189,SSD,,M.2-2280,M.2 PCIe 3.0 X4,10962.0
Seagate SkyHawk,8000.0,0.025,5900,256.0,3.5,SATA 6.0 Gb/s,11600.0
Western Digital Purple,8000.0,0.028,5400,128.0,3.5,SATA 6.0 Gb/s,12985.619999999999
ADATA Ultimate SU650,960.0,0.208,SSD,,2.5,SATA 6.0 Gb/s,11600.0
Western Digital Purple,8000.0,0.027,5400,256.0,3.5,SATA 6.0 Gb/s,12707.8
Intel 545s,128.0,0.435,SSD,,2.5,SATA 6.0 Gb/s,3227.12
Hitachi Ultrastar,2000.0,0.07,7200,,3.5,SATA 6.0 Gb/s,8082.299999999999
Seagate FireCuda,1000.0,0.363,SSD,,M.2-2280,M.2 PCIe 3.0 X4,21026.739999999998
Pioneer APS-SE20G-1T,1000.0,0.127,SSD,,M.2-2280,M.2 PCIe 3.0 X4,7370.0599999999995
Toshiba N300,6000.0,0.034,7200,256.0,3.5,SATA 6.0 Gb/s,11912.039999999999
Addlink A95,4000.0,0.063,SSD,,M.2-2280,M.2 PCIe 4.0 X4,14615.42
Western Digital Blue SN550,2000.0,0.125,SSD,,M.2-2280,M.2 PCIe 3.0 X4,14499.42
TEAMGROUP CX1,240.0,0.092,SSD,,2.5,SATA 6.0 Gb/s,1275.4199999999998
TEAMGROUP CX1,480.0,0.069,SSD,,2.5,SATA 6.0 Gb/s,1913.42
Intel D3-S4610,960.0,0.192,SSD,,2.5,SATA 6.0 Gb/s,10714.92
NEMIX RAM NEMESIS,4000.0,0.08,SSD,,M.2-2280,M.2 PCIe 4.0 X4,18501.420000000002
Transcend 830S,128.0,0.195,SSD,,M.2-2280,M.2 SATA,1449.4199999999998
OWC Mercury Electra 6G,1000.0,0.1,SSD,,2.5,SATA 6.0 Gb/s,5793.04
Toshiba N300 Pro,12000.0,0.022,7200,512.0,3.5,SATA 6.0 Gb/s,15601.42
Western Digital RE,2000.0,0.036,7200,128.0,3.5,SATA 6.0 Gb/s,4139.46
Addlink A93 PS5,1000.0,0.07,SSD,,M.2-2280,M.2 PCIe 4.0 X4,4085.52
TEAMGROUP Z440 Lite,500.0,0.092,SSD,,M.2-2280,M.2 PCIe 4.0 X4,2667.42
Seagate SkyHawk AI,16000.0,0.02,7200,256.0,3.5,SATA 6.0 Gb/s,18559.420000000002
Western Digital Purple Pro,14000.0,0.023,7200,512.0,3.5,SATA 6.0 Gb/s,18847.1
Toshiba X300 Pro,12000.0,0.023,7200,512.0,3.5,SATA 6.0 Gb/s,15949.42
Seagate SkyHawk Surveillance +Rescue,3000.0,0.04,5400,256.0,3.5,SATA 6.0 Gb/s,6873.58
Micron 2400,1000.0,0.09,SSD,,M.2-2230,M.2 PCIe 4.0 X4,5211.299999999999
Western Digital Scorpio Black,320.0,0.127,7200,16.0,2.5,SATA 3.0 Gb/s,2363.5
SanDisk X400,512.0,0.449,SSD,,M.2-2280,M.2 SATA,13339.42
Seagate Exos X18,14000.0,0.031,7200,256.0,3.5,SATA 6.0 Gb/s,25243.920000000002
Hitachi A7K1000-1000,1000.0,0.061,7200,32.0,3.5,SATA 3.0 Gb/s,3523.5
Seagate ST1000NX0373,1000.0,0.066,7200,128.0,2.5,SAS 12.0 Gb/s,3828.0
Seagate Enterprise Performance,1200.0,0.072,10000,128.0,3.5,SAS 12.0 Gb/s,5044.84
Transcend 250H,2000.0,0.1,SSD,,M.2-2280,M.2 PCIe 4.0 X4,11599.42
Addlink S93,4000.0,0.068,SSD,,M.2-2280,M.2 PCIe 4.0 X4,15801.52
Intel X25-M,120.0,2.916,SSD,,2.5,SATA 3.0 Gb/s,20297.1
Toshiba MK2576GSX,250.0,0.103,5400,8.0,2.5,SATA 3.0 Gb/s,1492.9199999999998
Toshiba MK7559GSXP,750.0,0.083,5400,8.0,2.5,SATA 3.0 Gb/s,3625.0
Western Digital RE,500.0,0.078,7200,64.0,3.5,SATA 6.0 Gb/s,2262.0
Intel DC P3600,800.0,2.312,SSD,,PCIe,PCIe x4,107300.0
Crucial MX200,500.0,0.796,SSD,,M.2-2260,M.2 SATA,23070.66
Intel 750,400.0,1.248,SSD,,PCIe,PCIe x4,28942.0
Western Digital RE,5000.0,0.029,7200,128.0,3.5,SATA 6.0 Gb/s,8410.0
Seagate FireCuda,2000.0,0.198,SSD,,M.2-2280,M.2 PCIe 3.0 X4,22944.219999999998
Transcend 250S,4000.0,0.089,SSD,,M.2-2280,M.2 PCIe 4.0 X4,20593.48
Western Digital Scorpio Blue,160.0,0.369,5400,8.0,2.5,SATA 3.0 Gb/s,3422.0
Seagate Barracuda ES,1000.0,0.128,7200,32.0,3.5,SATA 3.0 Gb/s,7395.0
Intel X25-M,80.0,1.938,SSD,,2.5,SATA 3.0 Gb/s,8990.0
Seagate SV35.5,2000.0,0.08,7200,64.0,3.5,SATA 6.0 Gb/s,9237.08
Western Digital AV-GP,320.0,0.061,5400,16.0,3.5,SATA 3.0 Gb/s,1140.8600000000001
Intel DC S3500,480.0,0.385,SSD,,2.5,SATA 6.0 Gb/s,10730.0
Western Digital SE,3000.0,0.045,7200,64.0,3.5,SATA 6.0 Gb/s,7830.0
Hitachi Travelstar,1000.0,0.05,5400,8.0,2.5,SATA 6.0 Gb/s,2899.42
Western Digital WD Red Pro,2000.0,0.064,7200,64.0,3.5,SATA 6.0 Gb/s,7366.0
Transcend MTS800,64.0,0.781,SSD,,M.2-2280,M.2 SATA,2899.42
Dell 342-3520,1000.0,0.175,7200,,2.5,SAS 3.0 Gb/s,10150.0
SanDisk Z410,240.0,,SSD,,2.5,SATA 6.0 Gb/s,4532.12
Seagate SkyHawk,3000.0,0.066,5900,64.0,3.5,SATA 6.0 Gb/s,11542.0
Seagate SkyHawk Surveillance,6000.0,0.026,5400,256.0,3.5,SATA 6.0 Gb/s,8952.880000000001
Seagate Nytro Enterprise,1920.0,1.042,SSD,,2.5,SAS 12.0 Gb/s,115997.1
Lexar NM600,480.0,0.272,SSD,,M.2-2280,M.2 PCIe 3.0 X4,7585.82
Seagate IronWolf NAS,3840.0,,SSD,,2.5,SATA 6.0 Gb/s,49879.42
Intel D3-S4510,1920.0,0.146,SSD,,2.5,SATA 6.0 Gb/s,16208.099999999999
Intel DC S4500,960.0,0.391,SSD,,2.5,SATA 6.0 Gb/s,21750.0
Kingston SSDNOW DC500R,1920.0,0.249,SSD,,2.5,SATA 6.0 Gb/s,27727.48
Patriot P300,256.0,0.247,SSD,,M.2-2280,M.2 PCIe 3.0 X4,3669.6600000000003
Centon MP Essential,120.0,0.312,SSD,,2.5,SATA 6.0 Gb/s,2172.68
Western Digital Purple,6000.0,0.025,5640,128.0,3.5,SATA 6.0 Gb/s,8635.039999999999
Verbatim Vi560,256.0,0.385,SSD,,M.2-2280,M.2 SATA,5714.74
Intel D3-S4510,480.0,0.253,SSD,,2.5,SATA 6.0 Gb/s,7047.0
Intel D3-S4620,3840.0,0.177,SSD,,2.5,SATA 6.0 Gb/s,39382.0
Toshiba MG09 512e,10000.0,0.026,7200,512.0,3.5,SATA 6.0 Gb/s,15309.099999999999
OWC Mercury Electra 6G,120.0,0.166,SSD,,2.5,SATA 6.0 Gb/s,1158.84
TEAMGROUP MP44S,2000.0,0.068,SSD,,M.2-2230,M.2 PCIe 4.0 X4,7945.42
Silicon Power UD90,2000.0,0.07,SSD,,M.2-2230,M.2 PCIe 4.0 X4,8119.42
Hitachi Ultrastar He10,10000.0,0.02,7200,256.0,3.5,SAS 12.0 Gb/s,11425.42
Western Digital Red SA500,1000.0,0.104,SSD,,M.2-2280,M.2 SATA,6055.200000000001
Seagate Constellation ES,2000.0,0.028,7200,64.0,3.5,SAS 6.0 Gb/s,3190.0
Sabrent Rocket Q4,2000.0,0.11,SSD,,M.2-2230,M.2 PCIe 4.0 X4,12759.42
Toshiba N300 Pro,14000.0,0.021,7200,512.0,3.5,SATA 6.0 Gb/s,17109.420000000002
Inland TN325,1000.0,0.085,SSD,,M.2-2242,M.2 PCIe 3.0 X4,4929.42
Inland TN450,2000.0,0.061,SSD,,M.2-2280,M.2 PCIe 4.0 X4,7075.42
Toshiba N300 NAS,6000.0,0.026,7200,512.0,3.5,SATA 6.0 Gb/s,9172.7
Seagate Constellation CS,3000.0,0.049,7200,64.0,3.5,SATA 6.0 Gb/s,8449.44
Intel 545s,128.0,0.289,SSD,,M.2-2280,M.2 SATA,2146.0
Seagate Exos 7E10 512e/4Kn,6000.0,0.034,7200,256.0,3.5,SATA 6.0 Gb/s,11947.42
Transcend MTE240S,1000.0,0.103,SSD,,M.2-2280,M.2 PCIe 4.0 X4,5987.34
OWC Aura Pro IV,1000.0,0.1,SSD,,M.2-2242,M.2 PCIe 4.0 X4,5799.42
Western Digital Scorpio Blue,250.0,0.316,5400,8.0,2.5,SATA 3.0 Gb/s,4579.1
Kingston E50 Enterprise,240.0,0.778,SSD,,2.5,SATA 6.0 Gb/s,10834.98
Intel DC S3500,800.0,0.24,SSD,,2.5,SATA 6.0 Gb/s,11136.0
Intel 540s,240.0,0.534,SSD,,2.5,SATA 6.0 Gb/s,7436.76
Western Digital Gold,10000.0,0.038,7200,256.0,3.5,SATA 6.0 Gb/s,21790.6
Crucial BX300,480.0,0.22,SSD,,2.5,SATA 6.0 Gb/s,6114.36
Western Digital Gold,8000.0,0.037,7200,256.0,3.5,SATA 6.0 Gb/s,17255.0
Samsung 860 Evo,500.0,0.312,SSD,,mSATA,mSATA,9055.539999999999
Seagate SkyHawk AI,8000.0,0.027,7200,256.0,3.5,SATA 6.0 Gb/s,12402.72
PNY XLR8 CS3040,500.0,,SSD,,M.2-2280,M.2 PCIe 4.0 X4,3652.8399999999997
Seagate Exos 7E10 512n,4000.0,0.048,7200,256.0,3.5,SATA 6.0 Gb/s,11186.460000000001
PNY XLR8 CS3030,4000.0,0.122,SSD,,M.2-2280,M.2 PCIe 3.0 X4,28362.0
Western Digital WD Blue,2000.0,,SSD,,2.5,SATA 6.0 Gb/s,13744.84
Micron 7400 PRO,480.0,,SSD,,M.2-2280,M.2 PCIe 4.0 X4,8699.42
Transcend MTE240S,500.0,0.113,SSD,,M.2-2280,M.2 PCIe 4.0 X4,3275.2599999999998
Western Digital Scorpio Blue,80.0,0.335,5400,8.0,2.5,SATA 3.0 Gb/s,1553.82
Hitachi 7K1000.C,750.0,0.307,7200,32.0,3.5,SATA 3.0 Gb/s,13337.099999999999
Hitachi E7K1000,500.0,0.14,7200,32.0,3.5,SATA 3.0 Gb/s,4060.0
Seagate BarraCuda,2000.0,0.075,5900,32.0,3.5,SATA 3.0 Gb/s,8696.52
Intel X25-M,160.0,1.232,SSD,,2.5,SATA 3.0 Gb/s,11431.8
Seagate Barracuda XT,2000.0,0.059,7200,64.0,3.5,SATA 6.0 Gb/s,6857.34
Western Digital Caviar Green,500.0,0.3,5400,16.0,3.5,SATA 3.0 Gb/s,8696.52
Hitachi Travelstar Z7K320,250.0,0.224,7200,16.0,2.5,SATA 3.0 Gb/s,3253.8
Kingston HyperX,120.0,1.667,SSD,,2.5,SATA 6.0 Gb/s,11599.42
Seagate BarraCuda,320.0,0.184,7200,16.0,3.5,SATA 6.0 Gb/s,3422.0
Samsung 830,64.0,,SSD,,2.5,SATA 6.0 Gb/s,6871.84
Intel 520,180.0,0.778,SSD,,2.5,SATA 6.0 Gb/s,8120.0
Western Digital WDBMMA0010HNC-NRSN,1000.0,0.049,5400,64.0,3.5,SATA 6.0 Gb/s,2842.0
Intel 530,240.0,0.787,SSD,,2.5,SATA 6.0 Gb/s,10962.0
Seagate Constellation ES,1000.0,0.053,7200,16.0,3.5,SAS 3.0 Gb/s,3074.0
Kingston SSDNow KC300,180.0,0.543,SSD,,2.5,SATA 6.0 Gb/s,5667.76
Hitachi Ultrastar 7K6000,6000.0,0.026,7200,128.0,3.5,SAS 12.0 Gb/s,9189.52
Seagate IronWolf NAS,3000.0,0.078,5900,64.0,3.5,SATA 6.0 Gb/s,13539.52
Intel Pro 6000p,512.0,0.208,SSD,,M.2-2280,M.2 PCIe 3.0 X4,6182.799999999999
Seagate Barracuda 7200.9,160.0,0.438,7200,8.0,3.5,SATA 6.0 Gb/s,4060.0
Western Digital WD Red Pro,10000.0,0.033,7200,256.0,3.5,SATA 6.0 Gb/s,18971.800000000003
Toshiba X300,12000.0,0.025,7200,256.0,3.5,SATA 6.0 Gb/s,17342.0
Seagate ST500VM000,500.0,0.073,5900,64.0,3.5,SATA 6.0 Gb/s,2111.2
Intel D3-S4610,480.0,0.29,SSD,,2.5,SATA 6.0 Gb/s,8062.0
Seagate EXOS Enterprise,6000.0,0.045,7200,256.0,3.5,SATA 6.0 Gb/s,15744.099999999999
Western Digital Purple,14000.0,0.024,7200,512.0,3.5,SATA 6.0 Gb/s,19488.0
Toshiba MG06ACA800E,8000.0,0.035,7200,256.0,3.5,SATA 6.0 Gb/s,16239.42
VisionTek PRO HXS,512.0,0.156,SSD,,2.5,SATA 6.0 Gb/s,4638.84
Western Digital Red Plus,3000.0,0.045,5400,128.0,3.5,SATA 6.0 Gb/s,7829.42
Intel D3-S4520,480.0,0.336,SSD,,2.5,SATA 6.0 Gb/s,9367.0
Transcend 250H,4000.0,0.093,SSD,,M.2-2280,M.2 PCIe 4.0 X4,21521.48
Mushkin ELEMENT,1000.0,0.187,SSD,,2.5,SATA 6.0 Gb/s,10833.24
VisionTek DLX3,512.0,0.121,SSD,,M.2-2280,M.2 PCIe 3.0 X4,3595.42
KingSpec NX-2230,512.0,0.078,SSD,,M.2-2230,M.2 PCIe 3.0 X4,2319.42
Corsair MP600 CORE MINI,1000.0,0.099,SSD,,M.2-2230,M.2 PCIe 4.0 X4,5742.0
Klevv CRAS C925,1000.0,0.066,SSD,,M.2-2280,M.2 PCIe 4.0 X4,3826.84
Seagate Constellation.2,1000.0,0.05,7200,64.0,2.5,SAS 6.0 Gb/s,2900.0
Seagate ST6000NM0014,6000.0,0.022,7200,128.0,3.5,SAS 12.0 Gb/s,7830.0
Mushkin Vortex-LX,512.0,0.088,SSD,,M.2-2280,M.2 PCIe 4.0 X4,2609.42
KingSpec XG7000,512.0,0.088,SSD,,M.2-2242,M.2 PCIe 4.0 X4,2609.42
Transcend TS128GSSD370S,128.0,0.265,SSD,,2.5,SATA 6.0 Gb/s,1969.1000000000001
Western Digital Black,320.0,0.169,7200,16.0,2.5,SATA 6.0 Gb/s,3132.0
Intel DC P3600,800.0,0.199,SSD,,2.5,U.2,9222.0
Western Digital WD Red Pro,6000.0,0.049,7200,128.0,3.5,SATA 6.0 Gb/s,17196.420000000002
Transcend TS480GSSD220S,480.0,0.096,SSD,,2.5,SATA 6.0 Gb/s,2671.48
Intel Pro 6000p,128.0,0.695,SSD,,M.2-2280,M.2 PCIe 3.0 X4,5162.0
Seagate Enterprise Performance,600.0,0.379,15000,256.0,2.5,SAS 12.0 Gb/s,13192.099999999999
Sabrent Rocket 4.0,512.0,0.127,SSD,,M.2-2230,M.2 PCIe 4.0 X4,3768.84
Nextorage NN5PRO,1000.0,0.24,SSD,2048.0,M.2-2280,M.2 PCIe 4.0 X8,13919.42
Seagate Momentus,500.0,0.07,5400,8.0,2.5,SATA 3.0 Gb/s,2029.42
Intel 520,60.0,1.425,SSD,,2.5,SATA 6.0 Gb/s,4958.42
Western Digital Green,1000.0,0.08,5400,64.0,3.5,SATA 3.0 Gb/s,4640.0
Crucial M550,128.0,1.389,SSD,,M.2-2280,M.2 SATA,10310.66
Seagate ST4000VX000,4000.0,0.039,5900,64.0,3.5,SATA 6.0 Gb/s,9163.42
Intel DC P3700,800.0,1.246,SSD,,PCIe,PCIe x4,57825.42
Seagate BarraCuda,500.0,0.209,7200,16.0,3.5,PATA 100,6069.12
Western Digital Purple,10000.0,0.027,5400,256.0,3.5,SATA 6.0 Gb/s,15602.0
Western Digital WD Red Pro,6000.0,0.04,7200,256.0,3.5,SATA 6.0 Gb/s,13861.42
Seagate Enterprise Performance,1800.0,0.093,10000,256.0,3.5,SAS 12.0 Gb/s,9686.0
Seagate Enterprise Performance,2400.0,0.107,10000,256.0,2.5,SAS 12.0 Gb/s,14953.56
Plextor M8VC,128.0,0.789,SSD,256.0,2.5,SATA 6.0 Gb/s,5857.42
Intel DC P4510,1000.0,0.418,SSD,,2.5,U.2,24244.0
Hitachi Ultrastar He10,8000.0,0.037,7200,256.0,3.5,SATA 6.0 Gb/s,16993.420000000002
Intel DC S4500,1900.0,0.144,SSD,,2.5,SATA 6.0 Gb/s,15860.099999999999
Inland Platinum,256.0,0.094,SSD,,2.5,SATA 6.0 Gb/s,1391.4199999999998
VisionTek DLX4 Pro,2000.0,0.112,SSD,,M.2-2280,M.2 PCIe 4.0 X4,12936.32
Transcend 830S,512.0,0.108,SSD,,M.2-2280,M.2 SATA,3201.02
Western Digital Caviar Blue,320.0,0.156,7200,8.0,3.5,SATA 3.0 Gb/s,2900.0
Western Digital Caviar Green,500.0,0.088,5400,16.0,3.5,SATA 3.0 Gb/s,2552.0
Western Digital Scorpio Black,160.0,0.25,7200,16.0,2.5,SATA 3.0 Gb/s,2317.1000000000004
Seagate BarraCuda,500.0,0.15,7200,16.0,3.5,SATA 3.0 Gb/s,4348.84
Intel X25-V,40.0,1.5,SSD,,2.5,SATA 3.0 Gb/s,3479.42
ADATA Premier Pro SP900,64.0,1.241,SSD,,2.5,SATA 6.0 Gb/s,4608.1
Seagate Momentus XT,500.0,0.375,7200,32.0,2.5,SATA 3.0 Gb/s,10875.0
Crucial M4,64.0,3.559,SSD,,mSATA,mSATA,13210.66
Western Digital Black,500.0,0.099,7200,16.0,2.5,SATA 6.0 Gb/s,2885.5
Intel 530,480.0,0.671,SSD,,2.5,SATA 6.0 Gb/s,18675.420000000002
Western Digital Green,6000.0,0.04,5400,64.0,3.5,SATA 6.0 Gb/s,13841.119999999999
VisionTek Go Drive,1000.0,0.1,SSD,,2.5,SATA 6.0 Gb/s,5799.42
Intel DC S3710,1200.0,0.539,SSD,,2.5,SATA 6.0 Gb/s,37526.0
Intel 535,180.0,0.743,SSD,,2.5,SATA 6.0 Gb/s,7753.4400000000005
Western Digital Blue,500.0,0.3,7200,8.0,3.5,SATA 3.0 Gb/s,8696.52
Western Digital Gold,6000.0,0.046,7200,128.0,3.5,SATA 6.0 Gb/s,15921.0
Western Digital Gold,8000.0,0.049,7200,128.0,3.5,SATA 6.0 Gb/s,22878.1
Intel DC P3600,1600.0,0.623,SSD,,PCIe,PCIe x4,57768.0
Intel Pro 5400s,1000.0,0.612,SSD,,2.5,SATA 6.0 Gb/s,35501.8
SanDisk Z410,120.0,,SSD,,2.5,SATA 6.0 Gb/s,2810.1000000000004
Plextor M9Pe,512.0,0.877,SSD,,M.2-2280,M.2 PCIe 3.0 X4,26036.780000000002
Lexar NS200,240.0,0.25,SSD,,2.5,SATA 6.0 Gb/s,3479.42
Toshiba S300,4000.0,0.028,5400,128.0,3.5,SATA 6.0 Gb/s,6553.42
Kingston SSDNOW DC500M,960.0,0.239,SSD,,2.5,SATA 6.0 Gb/s,13282.0
Pioneer APS-SE20G-256,256.0,0.192,SSD,,M.2-2280,M.2 PCIe 3.0 X4,2855.92
Corsair CSSD-F4000GBMP600PHX,4000.0,0.095,SSD,,M.2-2280,M.2 PCIe 4.0 X4,22039.420000000002
Addlink A95,1000.0,0.093,SSD,,M.2-2280,M.2 PCIe 4.0 X4,5419.5199999999995
HP S700 Pro,512.0,0.237,SSD,,2.5,SATA 6.0 Gb/s,7048.74
Seagate Exos 7E8,1000.0,0.099,7200,256.0,3.5,SATA 6.0 Gb/s,5742.0
Oyen Digital E13S-2242-2048PH,2000.0,0.094,SSD,,M.2-2242,M.2 PCIe 3.0 X4,10962.0
Transcend 830S,256.0,0.144,SSD,,M.2-2280,M.2 SATA,2132.08
Lexar PLAY,4000.0,0.065,SSD,,M.2-2280,M.2 PCIe 4.0 X4,15050.42
Nextorage NEM-PAB,4000.0,0.075,SSD,,M.2-2280,M.2 PCIe 4.0 X4,17399.420000000002
Corsair MP600 CORE MINI,2000.0,0.085,SSD,,M.2-2230,M.2 PCIe 4.0 X4,9859.42
Micron 2400,2000.0,0.074,SSD,,M.2-2230,M.2 PCIe 4.0 X4,8580.52
Western Digital WD Red Pro,4000.0,0.054,7200,64.0,3.5,SATA 6.0 Gb/s,12527.42
Titanium Micro PD560,500.0,0.07,SSD,,2.5,SATA 6.0 Gb/s,2029.42
Seagate Exos 7E10 512n,6000.0,0.041,7200,256.0,3.5,SATA 6.0 Gb/s,14345.72
Intel D3-S4520,3840.0,0.142,SSD,,2.5,SATA 6.0 Gb/s,31552.0
VisionTek DLX4,2000.0,0.095,SSD,,M.2-2242,M.2 PCIe 4.0 X4,11018.84
Timetec 35TTQNM2SATA,2000.0,0.052,SSD,,M.2-2280,M.2 SATA,6031.42
Transcend MTE255S,1000.0,0.078,SSD,,M.2-2280,M.2 PCIe 4.0 X4,4518.200000000001
Hitachi HUC101212CSS600,1200.0,0.049,10000,64.0,2.5,SAS 6.0 Gb/s,3422.0
Inland Performance,2000.0,0.122,SSD,,M.2-2280,M.2 PCIe 4.0 X4,14183.900000000001
Seagate Exos 7E8,2000.0,0.063,7200,256.0,3.5,SATA 6.0 Gb/s,7364.26
Seagate Exos 7E10 512e/4Kn,2000.0,0.048,7200,256.0,3.5,SATA 6.0 Gb/s,5510.0
Lenovo ThinkPad OPAL,512.0,0.334,SSD,,M.2-2242,M.2 PCIe 4.0 X4,9918.0
Seagate Momentus LP,1000.0,0.05,5400,8.0,2.5,SATA 3.0 Gb/s,2898.8399999999997
Crucial M500,240.0,0.866,SSD,,mSATA,mSATA,12050.66
Intel DC P3700,800.0,0.435,SSD,,2.5,U.2,20184.0
Intel DC S3610,800.0,0.471,SSD,,2.5,SATA 6.0 Gb/s,21866.0
Kingston SSDNow KC400,256.0,0.484,SSD,,2.5,SATA 6.0 Gb/s,7180.4
Centon MP Essential,960.0,0.073,SSD,,2.5,SATA 6.0 Gb/s,4058.84
Toshiba N300,4000.0,0.052,7200,256.0,3.5,SATA 6.0 Gb/s,12179.42
Toshiba S300 Pro,8000.0,0.035,7200,256.0,3.5,SATA 6.0 Gb/s,16225.5
Intel D3-S4610,1920.0,0.16,SSD,,2.5,SATA 6.0 Gb/s,17849.5
Seagate Game Drive,2000.0,0.21,SSD,,M.2-2280,M.2 PCIe 4.0 X4,24360.0
Titanium Micro TH7175,1000.0,0.094,SSD,,M.2-2280,M.2 PCIe 4.0 X4,5451.42
Seagate FireCuda 520N,1000.0,0.108,SSD,,M.2-2230,M.2 PCIe 4.0 X4,6250.08
PNY CS3150,1000.0,0.17,SSD,,M.2-2280,M.2 PCIe 5.0 X4,9859.42
OWC Aura Pro IV,2000.0,0.09,SSD,,M.2-2280,M.2 PCIe 4.0 X4,10439.42
Western Digital RE3,500.0,0.101,7200,16.0,3.5,SATA 3.0 Gb/s,2940.6000000000004
Western Digital AV-GP,250.0,,5400,8.0,3.5,SATA 3.0 Gb/s,2544.46
Samsung Spinpoint MP4,250.0,0.126,7200,16.0,2.5,SATA 3.0 Gb/s,1826.4199999999998
Seagate Momentus,640.0,0.422,5400,8.0,2.5,SATA 3.0 Gb/s,15660.0
Seagate Momentu,500.0,0.084,7200,16.0,2.5,SATA 3.0 Gb/s,2435.42
Seagate Barracuda Green,1500.0,0.163,5900,64.0,3.5,SATA 6.0 Gb/s,14210.0
Hitachi Travelstar 5K500.B,160.0,,5400,8.0,2.5,SATA 3.0 Gb/s,3636.6000000000004
Hitachi Travelstar 7K500,320.0,0.253,7200,16.0,2.5,SATA 3.0 Gb/s,4699.74
Western Digital Scorpio Black,500.0,0.16,7200,16.0,2.5,SATA 3.0 Gb/s,4640.0
Seagate Constellation.2,250.0,0.196,7200,64.0,2.5,SATA 6.0 Gb/s,2842.0
Western Digital Caviar Green,3000.0,0.05,5400,64.0,3.5,SATA 3.0 Gb/s,8696.52
SanDisk Extreme,120.0,1.333,SSD,,2.5,SATA 6.0 Gb/s,9279.42
Kingston HyperX 3K,120.0,1.667,SSD,,2.5,SATA 6.0 Gb/s,11599.42
Kingston SSDNow KC100,240.0,1.136,SSD,,2.5,SATA 6.0 Gb/s,15817.760000000002
Seagate BarraCuda,250.0,0.285,7200,16.0,3.5,SATA 3.0 Gb/s,4135.4
Western Digital Blue,750.0,0.172,5400,8.0,2.5,SATA 6.0 Gb/s,7500.5599999999995
Seagate 600,120.0,,SSD,,2.5,SATA 6.0 Gb/s,6413.64
Lenovo 0A89478,3000.0,0.048,7200,32.0,3.5,SATA 6.0 Gb/s,8270.8
Seagate ST500LT032,500.0,0.112,5400,16.0,2.5,SATA 6.0 Gb/s,3234.6600000000003
Kingston SSDNow V300,480.0,0.583,SSD,,2.5,SATA 6.0 Gb/s,16239.42
VisionTek GoDrive,480.0,0.102,SSD,,2.5,SATA 6.0 Gb/s,2826.3399999999997
Transcend MTS400,128.0,0.714,SSD,,M.2-2242,M.2 SATA,5297.14
Intel 530,80.0,0.919,SSD,,M.2-2280,M.2 SATA,4263.0
Seagate ST320LM010,320.0,0.247,7200,32.0,2.5,SATA 6.0 Gb/s,4580.84
Silicon Power S60 3K P/E,240.0,0.333,SSD,,2.5,SATA 6.0 Gb/s,4638.84
Western Digital WDBH2D5000ENC-NRSN,500.0,0.07,7200,32.0,3.5,SATA 3.0 Gb/s,2030.0
Seagate ST6000NM0104,6000.0,0.031,7200,128.0,3.5,SATA 6.0 Gb/s,10730.0
Intel SSDSC2BB800G601,800.0,0.436,SSD,,2.5,SATA 6.0 Gb/s,20253.02
ADATA XPG SX930,120.0,2.112,SSD,,2.5,SATA 6.0 Gb/s,14697.78
Transcend TS256GSSD370S,256.0,0.432,SSD,,2.5,SATA 6.0 Gb/s,6418.28
Transcend TS512GSSD370S,512.0,0.416,SSD,,2.5,SATA 6.0 Gb/s,12360.380000000001
Western Digital Purple,8000.0,0.036,5400,128.0,3.5,SATA 6.0 Gb/s,16760.260000000002
Seagate BarraCuda,1000.0,0.255,7200,32.0,3.5,SATA 6.0 Gb/s,14778.98
Western Digital Purple,6000.0,0.023,5400,64.0,3.5,SATA 6.0 Gb/s,8120.0
Plextor M9Pe,1000.0,0.403,SSD,,M.2-2280,M.2 PCIe 3.0 X4,23355.44
Seagate Nytro Enterprise,3200.0,0.402,SSD,,2.5,SAS 12.0 Gb/s,74588.58
Toshiba MD04ACA600,6000.0,0.076,7200,128.0,3.5,SATA 6.0 Gb/s,26289.66
Sony Optiarc,480.0,0.117,SSD,,2.5,SATA 6.0 Gb/s,3247.42
Seagate EXOS Enterprise,2000.0,0.099,7200,256.0,3.5,SATA 6.0 Gb/s,11483.42
Mushkin RAW,500.0,0.16,SSD,,2.5,SATA 6.0 Gb/s,4638.84
Intel DC S3520,480.0,0.563,SSD,,2.5,SATA 6.0 Gb/s,15682.619999999999
Western Digital Ultrastar DC HC550,18000.0,0.027,7200,512.0,3.5,SAS 12.0 Gb/s,28703.62
KIOXIA EXCERIA PLUS,2000.0,0.261,SSD,,M.2-2280,M.2 PCIe 3.0 X4,30333.420000000002
PNY CS2130,4000.0,0.125,SSD,,M.2-2280,M.2 PCIe 3.0 X4,28999.420000000002
HP S700 Pro,256.0,0.347,SSD,,2.5,SATA 6.0 Gb/s,5149.24
Mushkin Source HC,4000.0,0.153,SSD,,2.5,SATA 6.0 Gb/s,35545.3
Fantom Drives VENOM8 PS5,1000.0,0.2,SSD,,M.2-2280,M.2 PCIe 4.0 X4,11597.099999999999
Fantom Drives VENOM8 PS5,2000.0,0.097,SSD,,M.2-2280,M.2 PCIe 4.0 X4,11289.7
Fantom Drives VENOM8 PS5,4000.0,0.094,SSD,,M.2-2280,M.2 PCIe 4.0 X4,21845.699999999997
VisionTek DLX3,2000.0,0.105,SSD,,M.2-2280,M.2 PCIe 3.0 X4,12134.76
Inland TN325,512.0,0.127,SSD,,M.2-2242,M.2 PCIe 3.0 X4,3768.84
Titanium Micro TH7175,2000.0,0.075,SSD,,M.2-2280,M.2 PCIe 4.0 X4,8699.42
Titanium Micro TH7175,4000.0,0.071,SSD,,M.2-2280,M.2 PCIe 4.0 X4,16587.420000000002
Transcend MTE245S,2000.0,0.066,SSD,,M.2-2280,M.2 PCIe 4.0 X4,7650.200000000001
Transcend SSD230S,2000.0,0.09,SSD,,2.5,SATA 6.0 Gb/s,10439.42
FanXiang S900,1000.0,0.18,SSD,,M.2-2280,M.2 PCIe 5.0 X4,10439.42
KingSpec XF,512.0,0.084,SSD,,M.2-2230,M.2 PCIe 4.0 X4,2493.42
Seagate FireCuda 520N,2000.0,0.08,SSD,,M.2-2230,M.2 PCIe 4.0 X4,9279.42
Seagate Exos X24,16000.0,0.024,7200,512.0,3.5,SAS 12.0 Gb/s,22076.54
KIOXIA BG5 SED,256.0,0.176,SSD,,M.2-2230,M.2 PCIe 4.0 X4,2609.42
PNY CS2342,2000.0,0.085,SSD,,M.2-2230,M.2 PCIe 4.0 X4,9859.42
Western Digital Red SA500,2000.0,0.087,SSD,,M.2-2280,M.2 SATA,10118.68
PNY CS2342,1000.0,0.085,SSD,,M.2-2230,M.2 PCIe 4.0 X4,4929.42
Transcend MTE255S,2000.0,0.064,SSD,,M.2-2280,M.2 PCIe 4.0 X4,7432.700000000001
Toshiba N300,14000.0,0.02,7200,512.0,3.5,SATA 6.0 Gb/s,16529.420000000002
Seagate ST4000NM0034,4000.0,0.029,7200,128.0,3.5,SAS 12.0 Gb/s,6612.0
Seagate Momentus 5400.3,80.0,0.738,5400,8.0,2.5,PATA 44-Pin 100,3422.0
Transcend 250H,1000.0,0.083,SSD,,M.2-2280,M.2 PCIe 4.0 X4,4820.96
Inland 1TB TD510 NVME,1000.0,0.14,SSD,,M.2-2280,M.2 PCIe 5.0 X4,8119.42
Lenovo S4520,960.0,0.532,SSD,,3.5,SATA 6.0 Gb/s,29631.04
Addlink D60,960.0,0.145,SSD,,M.2-2280,M.2 PCIe 4.0 X4,8087.5199999999995
Intel 320,120.0,2.112,SSD,,2.5,SATA 3.0 Gb/s,14703.0
Hitachi Deskstar 5K3000,3000.0,0.041,5400,32.0,3.5,SATA 6.0 Gb/s,7191.42
Seagate Constellation Product Series:ES.3,4000.0,0.05,7200,128.0,3.5,SAS 6.0 Gb/s,11484.0
Intel SSDMCEAW120A401,120.0,0.5,SSD,,mSATA,mSATA,3480.0
Toshiba X300,10000.0,0.034,7200,256.0,3.5,SATA 6.0 Gb/s,19430.0
Lenovo 5300,480.0,1.669,SSD,,2.5,SATA 6.0 Gb/s,46458.0
VisionTek DLX4 Pro,512.0,0.14,SSD,,M.2-2280,M.2 PCIe 4.0 X4,4152.22
Micron 5210 ION,1920.0,0.185,SSD,,2.5,SATA 6.0 Gb/s,20590.0
Transcend MTE410S,512.0,0.139,SSD,,M.2-2242,M.2 PCIe 4.0 X4,4134.24
Western Digital VelociRaptor,600.0,0.161,10000,32.0,2.5,SATA 6.0 Gb/s,5620.200000000001
Western Digital RE2-GP,1000.0,0.055,7200,16.0,3.5,SATA 3.0 Gb/s,3211.46
Western Digital Scorpio Black,250.0,0.214,7200,16.0,2.5,SATA 3.0 Gb/s,3100.1000000000004
Western Digital Scorpio Blue,640.0,0.238,5400,8.0,2.5,SATA 3.0 Gb/s,8817.74
Intel X25-M,160.0,1.875,SSD,,2.5,SATA 3.0 Gb/s,17400.0
Kingston SSDNow V+100,128.0,1.25,SSD,,2.5,SATA 3.0 Gb/s,9279.42
Seagate Momentus 5400.6,160.0,0.787,5400,8.0,2.5,SATA 3.0 Gb/s,7308.0
Hitachi 0Y30055,500.0,0.14,5400,8.0,2.5,SATA 3.0 Gb/s,4065.2200000000003
Hitachi Travelstar 7K500,500.0,0.168,7200,16.0,2.5,SATA 3.0 Gb/s,4877.799999999999
Seagate Momentus Thin,320.0,0.091,7200,16.0,2.5,SATA 3.0 Gb/s,1682.0
SanDisk Extreme,480.0,0.625,SSD,,2.5,SATA 6.0 Gb/s,17399.420000000002
Western Digital Scorpio Blue,250.0,0.5,5400,8.0,2.5,SATA 3.0 Gb/s,7248.84
Kingston SSDNow V+200,120.0,1.333,SSD,,2.5,SATA 6.0 Gb/s,9279.42
Toshiba PH3300U-1I72,3000.0,0.053,7200,64.0,3.5,SATA 6.0 Gb/s,9222.0
ADATA XPG SX910,512.0,1.255,SSD,,2.5,SATA 6.0 Gb/s,37273.12
Intel DC S3700,100.0,1.99,SSD,,2.5,SATA 6.0 Gb/s,11542.0
Western Digital SE,4000.0,0.037,7200,64.0,3.5,SATA 6.0 Gb/s,8642.0
Western Digital Blue,250.0,0.367,5400,8.0,2.5,SATA 6.0 Gb/s,5321.5
Lenovo ThinkPad,500.0,0.198,7200,32.0,2.5,SATA 3.0 Gb/s,5742.0
Kingston KC300,240.0,0.833,SSD,,2.5,SATA 6.0 Gb/s,11599.42
Kingston KC300,480.0,0.646,SSD,,2.5,SATA 6.0 Gb/s,17979.420000000002
Crucial M500,480.0,1.016,SSD,,mSATA,mSATA,28290.66
IBM 90Y8572,2000.0,0.203,7200,,3.5,SAS 6.0 Gb/s,23500.44
Crucial M550,128.0,2.951,SSD,,mSATA,mSATA,21910.66
Samsung SM843TN,480.0,0.625,SSD,,2.5,SATA 6.0 Gb/s,17397.1
HP Value Endurance SFF,240.0,,SSD,,2.5,SATA 6.0 Gb/s,12701.42
Kingston SSDNow V310,960.0,0.312,SSD,,2.5,SATA 6.0 Gb/s,17400.0
Transcend MTS800,256.0,0.57,SSD,,M.2-2280,M.2 SATA,8466.26
Seagate Savvio 15K.3,300.0,0.505,15000,64.0,2.5,SAS 6.0 Gb/s,8783.52
PNY Prevail,240.0,,SSD,,2.5,SATA 6.0 Gb/s,35675.22
Silicon Power S60 3K P/E,120.0,0.708,SSD,,2.5,SATA 6.0 Gb/s,4924.78
Intel DC S3710,200.0,1.055,SSD,,2.5,SATA 6.0 Gb/s,12238.0
Intel DC S3710,400.0,0.587,SSD,,2.5,SATA 6.0 Gb/s,13620.140000000001
Intel DC S3710,800.0,0.258,SSD,,2.5,SATA 6.0 Gb/s,11972.359999999999
PNY CS1111,240.0,0.621,SSD,,2.5,SATA 6.0 Gb/s,8642.0
Intel 535,240.0,1.021,SSD,,2.5,SATA 6.0 Gb/s,14210.0
Dell K054N,600.0,0.144,10000,16.0,3.5,SAS 6.0 Gb/s,4994.38
Intel 535,240.0,0.328,SSD,,2.5,SATA 6.0 Gb/s,4564.6
Mushkin Atlas Vital,250.0,0.429,SSD,,M.2-2280,M.2 SATA,6227.46
Seagate Enterprise NAS,4000.0,,7200,128.0,3.5,SATA 6.0 Gb/s,14418.22
Seagate Enterprise NAS,6000.0,0.063,7200,128.0,3.5,SATA 6.0 Gb/s,21982.0
Seagate IronWolf,6000.0,0.038,7200,128.0,3.5,SATA 6.0 Gb/s,13224.0
SanDisk Z410,480.0,0.356,SSD,,2.5,SATA 6.0 Gb/s,9912.2
Toshiba N300,10000.0,0.033,7200,256.0,3.5,SATA 6.0 Gb/s,19139.420000000002
Seagate Enterprise Capacity,1000.0,0.063,7200,128.0,2.5,SATA 6.0 Gb/s,3654.0
Seagate Enterprise Performance,1200.0,0.177,10000,256.0,3.5,SAS 12.0 Gb/s,12295.42
Seagate Nytro Enterprise,960.0,0.599,SSD,,2.5,SATA 6.0 Gb/s,33350.0
Toshiba N300,12000.0,0.032,7200,256.0,3.5,SATA 6.0 Gb/s,22039.420000000002
Seagate Enterprise Performance,300.0,0.417,15000,256.0,2.5,SAS 12.0 Gb/s,7264.5
Lexar NS200,480.0,0.208,SSD,,2.5,SATA 6.0 Gb/s,5799.42
Toshiba S300 Pro,6000.0,0.036,7200,256.0,3.5,SATA 6.0 Gb/s,12641.099999999999
Mushkin Source,2000.0,0.15,SSD,2048.0,2.5,SATA 6.0 Gb/s,17364.62
Seagate Barracuda Compute,512.0,,SSD,,M.2-2280,M.2 PCIe 3.0 X4,5799.42
Western Digital Purple,500.0,0.11,5400,64.0,3.5,SATA 6.0 Gb/s,3190.0
Western Digital Purple,10000.0,0.026,7200,256.0,3.5,SATA 6.0 Gb/s,15022.0
Toshiba MG05ACA800E,8000.0,0.065,7200,128.0,3.5,SATA 6.0 Gb/s,30155.359999999997
Hitachi Ultrastar He10,8000.0,0.041,7200,256.0,3.5,SATA 6.0 Gb/s,18850.0
Sony Optiarc,240.0,0.137,SSD,,2.5,SATA 6.0 Gb/s,1913.42
Intel D3-S4510,240.0,0.4,SSD,,2.5,SATA 6.0 Gb/s,5568.0
Intel DC S3500,240.0,0.554,SSD,,2.5,SATA 6.0 Gb/s,7714.0
Intel DC S3710,800.0,0.575,SSD,,2.5,SATA 6.0 Gb/s,26687.54
Intel DC S3110,256.0,,SSD,,M.2-2280,M.2 SATA,3895.2799999999997
Pioneer APS-SE20G-512,512.0,0.17,SSD,,M.2-2280,M.2 PCIe 3.0 X4,5036.14
Western Digital Purple,10000.0,0.026,7200,256.0,3.5,SATA 6.0 Gb/s,14957.619999999999
Kingston KC600B,512.0,0.244,SSD,,2.5,SATA 6.0 Gb/s,7242.46
VisionTek PRO HXS,250.0,0.34,SSD,,2.5,SATA 6.0 Gb/s,4929.42
VisionTek PRO HXS,1000.0,0.153,SSD,,2.5,SATA 6.0 Gb/s,8902.42
Western Digital Ultrastar,240.0,0.383,SSD,,2.5,SATA 6.0 Gb/s,5336.0
Angelbird AV PRO MK3,1000.0,0.4,SSD,,2.5,SATA 6.0 Gb/s,23199.420000000002
VisionTek PRO,500.0,0.202,SSD,,2.5,SATA 6.0 Gb/s,5862.64
VisionTek PRO,2000.0,0.14,SSD,,2.5,SATA 6.0 Gb/s,16239.42
Toshiba N300,14000.0,0.032,7200,,3.5,SATA 6.0 Gb/s,25772.88
Toshiba MG06ACA600E,6000.0,0.045,7200,256.0,3.5,SATA 6.0 Gb/s,15687.260000000002
Toshiba MG08ADA600E,6000.0,0.033,7200,256.0,3.5,SATA 6.0 Gb/s,11600.0
Intel D3-S4520,1920.0,0.147,SSD,,2.5,SATA 6.0 Gb/s,16356.0
Intel D3-S4620,960.0,0.286,SSD,,2.5,SATA 6.0 Gb/s,15900.119999999999
Intel D3-S4620,480.0,0.44,SSD,,2.5,SATA 6.0 Gb/s,12238.0
Intel D3-S4520,480.0,0.417,SSD,,M.2-2280,M.2 SATA,11599.42
Mushkin ELEMENT,2000.0,0.155,SSD,,2.5,SATA 6.0 Gb/s,17924.9
VisionTek DLX3,1000.0,0.115,SSD,,M.2-2280,M.2 PCIe 3.0 X4,6669.42
Oyen Digital Dash Pro w/Heat Sink,4000.0,0.087,SSD,,M.2-2280,M.2 PCIe 4.0 X4,20294.199999999997
VisionTek DLX4 Pro,4000.0,0.112,SSD,,M.2-2280,M.2 PCIe 4.0 X4,26001.98
VisionTek DLX4,512.0,0.131,SSD,,M.2-2280,M.2 PCIe 4.0 X4,3884.84
Transcend 830S,1000.0,0.08,SSD,,M.2-2280,M.2 SATA,4639.42
OWC Aura Pro IV,1000.0,0.099,SSD,,M.2-2280,M.2 PCIe 4.0 X4,5741.42
OWC Aura Ultra IV,1000.0,0.13,SSD,,M.2-2280,M.2 PCIe 4.0 X4,7539.42
AGI AI828,1000.0,0.088,SSD,,M.2-2280,M.2 PCIe 4.0 X4,5103.42
Orico D10,256.0,0.109,SSD,,M.2-2230,M.2 PCIe 3.0 X4,1623.4199999999998
Seagate Exos X24,20000.0,0.022,7200,512.0,3.5,SAS 12.0 Gb/s,26099.420000000002
Seagate ST2000NX0273,2000.0,0.068,7200,128.0,2.5,SAS 12.0 Gb/s,7837.54
Inland TN436,1000.0,0.077,SSD,,M.2-2230,M.2 PCIe 4.0 X4,4464.84
Samsung Spinpoint M5,160.0,0.181,5400,8.0,2.5,PATA 44-Pin 100,1682.0
Seagate Constellation ES.3,1000.0,0.169,7200,128.0,3.5,SAS 6.0 Gb/s,9794.460000000001
Intel 530,240.0,0.569,SSD,,mSATA,mSATA,7917.0
Intel DC S4600,1900.0,0.153,SSD,,2.5,SATA 6.0 Gb/s,16864.66
Transcend 220S,2000.0,0.079,SSD,,M.2-2280,M.2 PCIe 3.0 X4,9150.08
VisionTek DLX4,1000.0,0.107,SSD,,M.2-2242,M.2 PCIe 4.0 X4,6225.72
Transcend 830S,2000.0,0.084,SSD,,M.2-2280,M.2 SATA,9802.0
Intel X25-M,160.0,,SSD,,2.5,SATA 3.0 Gb/s,23017.88
Verbatim Verbatim SATA II,64.0,,SSD,,2.5,SATA 3.0 Gb/s,5402.700000000001
Seagate Constellation ES,500.0,0.283,7200,64.0,3.5,SAS 6.0 Gb/s,8196.56
Seagate 1200 SSD,200.0,1.125,SSD,,2.5,SAS 12.0 Gb/s,13050.0
Seagate Enterprise,6000.0,0.027,7200,128.0,3.5,SAS 12.0 Gb/s,9483.0
Seagate ST3146356SS-IM,146.0,0.466,15000,16.0,3.5,SAS 3.0 Gb/s,3944.0
Seagate Momentus 7200.4,160.0,0.187,7200,16.0,2.5,SATA 3.0 Gb/s,1739.4199999999998
Seagate Enterprise Capacity,4000.0,0.066,7200,128.0,3.5,SAS 12.0 Gb/s,15370.0
Seagate Enterprise Capacity,6000.0,0.033,7200,256.0,3.5,SAS 12.0 Gb/s,11542.0
Toshiba N300,14000.0,0.029,7200,256.0,3.5,SATA 6.0 Gb/s,23570.62
Toshiba S300 Pro,10000.0,0.028,7200,256.0,3.5,SATA 6.0 Gb/s,16237.099999999999
Western Digital Ultrastar DC HC550,16000.0,0.024,7200,512.0,3.5,SAS 12.0 Gb/s,21808.0
Toshiba N300,6000.0,0.105,7200,,3.5,SATA 6.0 Gb/s,36585.82
VisionTek DLX3,256.0,0.156,SSD,,M.2-2280,M.2 PCIe 3.0 X4,2315.94
VisionTek DLX4,2000.0,0.112,SSD,,M.2-2230,M.2 PCIe 4.0 X4,13049.42
Transcend MTE410S,1000.0,0.1,SSD,,M.2-2242,M.2 PCIe 4.0 X4,5794.200000000001
AGI AI828,2000.0,0.073,SSD,,M.2-2280,M.2 PCIe 4.0 X4,8525.42
Western Digital RE2,750.0,0.131,7200,16.0,3.5,SATA 3.0 Gb/s,5681.1
Western Digital RE2-GP,750.0,0.2,7200,16.0,3.5,SATA 3.0 Gb/s,8696.52
Western Digital Caviar Green,750.0,0.199,5400,32.0,3.5,SATA 3.0 Gb/s,8638.52
Western Digital AV,160.0,,7200,8.0,3.5,SATA 3.0 Gb/s,4154.54
Western Digital AV-25,320.0,,5400,32.0,2.5,SATA 3.0 Gb/s,3299.04
OCZ Agility 2,60.0,2.499,SSD,,2.5,SATA 3.0 Gb/s,8696.52
Seagate Barracuda ES.2,750.0,0.149,7200,32.0,3.5,SATA 3.0 Gb/s,6467.0
Intel X25-M,160.0,1.125,SSD,,2.5,SATA 3.0 Gb/s,10437.099999999999
Hitachi A7K2000,1000.0,0.099,7200,32.0,3.5,SATA 3.0 Gb/s,5739.1
Seagate Constellation ES,500.0,0.158,7200,32.0,3.5,SATA 3.0 Gb/s,4580.84
Western Digital Caviar Green,750.0,0.133,5400,64.0,3.5,SATA 3.0 Gb/s,5797.1
Seagate Constellation,160.0,0.947,7200,32.0,2.5,SATA 3.0 Gb/s,8783.52
Seagate Momentus 7200.4,320.0,0.172,7200,16.0,2.5,SATA 3.0 Gb/s,3190.0
Hitachi Travelstar 5K500.B,320.0,,5400,8.0,2.5,SATA 3.0 Gb/s,3303.68
ADATA S511,240.0,1.27,SSD,,2.5,SATA 6.0 Gb/s,17672.6
Western Digital AV-GP,3000.0,0.048,5400,64.0,3.5,SATA 3.0 Gb/s,8409.42
Verbatim Verbatim SATA II,128.0,,SSD,,2.5,SATA 3.0 Gb/s,7795.200000000001
Seagate Momentus 5400.6,500.0,0.15,5400,8.0,2.5,SATA 3.0 Gb/s,4352.9
Seagate Momentus XT,750.0,0.124,7200,32.0,2.5,SATA 6.0 Gb/s,5394.0
Seagate Constellation ES.2,2000.0,0.131,7200,64.0,3.5,SATA 6.0 Gb/s,15229.64
Western Digital AV-25,250.0,0.38,5400,16.0,2.5,SATA 3.0 Gb/s,5510.0
Intel 335,240.0,0.787,SSD,,2.5,SATA 6.0 Gb/s,10962.0
PNY XLR8 PRO,120.0,,SSD,,2.5,SATA 6.0 Gb/s,6530.22
Intel DC S3700,200.0,2.085,SSD,,2.5,SATA 6.0 Gb/s,24186.0
PNY Performance,60.0,,SSD,,2.5,SATA 3.0 Gb/s,6183.38
Crucial M4,256.0,1.085,SSD,,mSATA,mSATA,16110.66
Crucial M4,128.0,2.014,SSD,,mSATA,mSATA,14950.66
Seagate Constellation ES.3,4000.0,0.045,7200,128.0,3.5,SAS 6.0 Gb/s,10380.84
Seagate Constellation ES.3,3000.0,0.041,7200,128.0,3.5,SAS 6.0 Gb/s,7192.0
Intel DC S3500,160.0,0.887,SSD,,2.5,SATA 6.0 Gb/s,8236.0
Hitachi Ultrastar C10K900,900.0,0.061,10000,64.0,2.5,SAS 6.0 Gb/s,3190.0
Intel DC S3500,120.0,0.975,SSD,,2.5,SATA 6.0 Gb/s,6785.42
Seagate Savvio 10K.5,600.0,,10000,64.0,2.5,SAS 6.0 Gb/s,24368.699999999997
OCZ Vertex 450 Series 128,128.0,1.953,SSD,,2.5,SATA 6.0 Gb/s,14497.099999999999
Seagate Constellation ES,2000.0,0.043,7200,16.0,3.5,SAS 6.0 Gb/s,5031.5
Seagate Constellation ES.2,3000.0,0.041,7200,64.0,3.5,SAS 6.0 Gb/s,7192.0
Transcend 720 mSATA,128.0,1.355,SSD,,mSATA,mSATA,10060.68
Toshiba MKx001GRZB,100.0,3.85,SSD,,2.5,SAS 6.0 Gb/s,22330.0
Intel 530,180.0,0.828,SSD,,2.5,SATA 6.0 Gb/s,8642.0
OCZ Vector 150,240.0,1.583,SSD,,2.5,SATA 6.0 Gb/s,22040.0
Toshiba Q Series Pro,256.0,1.147,SSD,,2.5,SATA 6.0 Gb/s,17032.280000000002
Hitachi 0F18335,6000.0,0.041,7200,64.0,3.5,SATA 6.0 Gb/s,14323.099999999999
Toshiba AL13SEB600,600.0,0.068,10500,64.0,2.5,SAS 6.0 Gb/s,2361.18
Seagate 600 Pro,240.0,0.829,SSD,,2.5,SATA 6.0 Gb/s,11542.0
OCZ Vertex 460,120.0,1.667,SSD,,2.5,SATA 6.0 Gb/s,11600.0
Plextor M6M,512.0,1.031,SSD,,mSATA,mSATA,30610.66
Transcend MTS400,256.0,0.597,SSD,,M.2-2242,M.2 SATA,8858.92
Seagate ST2000NM0054,2000.0,0.062,7200,128.0,3.5,SAS 12.0 Gb/s,7250.0
Transcend MTS800,512.0,0.55,SSD,,M.2-2280,M.2 SATA,16323.52
Seagate ST2000NM0024,2000.0,0.118,7200,128.0,3.5,SATA 6.0 Gb/s,13746.0
Hitachi Travelstar Z7K500,500.0,0.3,7200,32.0,2.5,SATA 6.0 Gb/s,8700.0
Hitachi Ultrastar C10K1200,1200.0,0.07,10000,64.0,2.5,SAS 6.0 Gb/s,4871.42
Seagate ST500LM020,500.0,0.198,,,2.5,SATA 6.0 Gb/s,5742.0
Intel DC P3700,400.0,0.465,SSD,,2.5,U.2,10782.2
Intel DC P3600,400.0,1.149,SSD,,2.5,U.2,26664.920000000002
Seagate SV35,3000.0,,5400,64.0,3.5,SATA 6.0 Gb/s,6438.58
Seagate ST600MM0158,600.0,0.148,10000,128.0,2.5,SAS 12.0 Gb/s,5161.42
Seagate ST900MM0128,900.0,0.143,10000,128.0,2.5,SAS 12.0 Gb/s,7482.0
Western Digital Black,320.0,0.206,7200,32.0,2.5,SATA 6.0 Gb/s,3826.84
Crucial MX200,250.0,1.311,SSD,,mSATA,mSATA,19010.66
Crucial MX200,500.0,0.556,SSD,,mSATA,mSATA,16110.66
Transcend TS512GMSA370,512.0,0.634,SSD,,mSATA,mSATA,18841.300000000003
Transcend TS64GMSA370,64.0,2.406,SSD,,mSATA,mSATA,8932.0
Seagate ST1000NX0333,1000.0,0.075,7200,128.0,2.5,SAS 12.0 Gb/s,4350.0
Hitachi s842,800.0,0.374,SSD,,2.5,SAS 6.0 Gb/s,17330.98
Intel 535,120.0,1.656,SSD,,2.5,SATA 6.0 Gb/s,11522.28
Seagate ST2000NX0343,2000.0,0.098,7200,128.0,2.5,SAS 12.0 Gb/s,11310.0
Intel 535,360.0,0.831,SSD,,2.5,SATA 6.0 Gb/s,17342.0
Transcend TS1TSSD370S,1000.0,0.402,SSD,,2.5,SATA 6.0 Gb/s,23337.46
Western Digital Purple NV,6000.0,0.026,5400,64.0,3.5,SATA 6.0 Gb/s,8990.0
Intel SSDSC2BB240G601,240.0,1.312,SSD,,2.5,SATA 6.0 Gb/s,18270.0
Intel SSDSC2BB480G601,480.0,0.6,SSD,,2.5,SATA 6.0 Gb/s,16702.260000000002
Toshiba L200,500.0,0.132,5400,8.0,2.5,SATA 3.0 Gb/s,3827.4199999999996
Intel 540s,360.0,,SSD,,2.5,SATA 6.0 Gb/s,9610.02
Intel 750,1200.0,0.396,SSD,,2.5,U.2,27550.0
Intel 750,400.0,1.01,SSD,,2.5,U.2,23420.4
Intel 750,800.0,0.45,SSD,,2.5,U.2,20878.260000000002
Toshiba VX500,128.0,,SSD,,2.5,SATA 6.0 Gb/s,7425.74
Intel Pro 5400s,120.0,1.167,SSD,,2.5,SATA 6.0 Gb/s,8120.0
Intel Pro 5400s,180.0,0.856,SSD,,2.5,SATA 6.0 Gb/s,8932.0
Intel Pro 5400s,360.0,0.694,SSD,,2.5,SATA 6.0 Gb/s,14500.0
Transcend TS960GSSD220S,960.0,0.107,SSD,,2.5,SATA 6.0 Gb/s,5980.38
Seagate Barracuda ES,750.0,0.115,7200,16.0,3.5,SATA 6.0 Gb/s,5014.1
Seagate Enterprise,8000.0,0.049,7200,256.0,3.5,SAS 12.0 Gb/s,22875.199999999997
Hitachi Ultrastar,1800.0,0.083,10500,128.0,2.5,SAS 12.0 Gb/s,8642.0
Hitachi Ultrastar,6000.0,0.037,7200,128.0,3.5,SAS 12.0 Gb/s,13050.0
Hitachi 0F22941,4000.0,0.044,7200,128.0,3.5,SAS 12.0 Gb/s,10150.0
Hitachi Ultrastar He8,6000.0,0.159,7200,128.0,3.5,SAS 12.0 Gb/s,55248.479999999996
Hitachi Ultrastar He8,6000.0,0.06,7200,128.0,3.5,SAS 12.0 Gb/s,20909.0
Toshiba N300,6000.0,0.047,7200,128.0,3.5,SATA 6.0 Gb/s,16182.0
Seagate Enterprise Capacity,1000.0,0.075,7200,128.0,3.5,SATA 6.0 Gb/s,4350.0
Seagate EXOS Enterprise,1000.0,0.153,7200,,2.5,SAS 12.0 Gb/s,8903.0
Seagate Enterprise Capacity,2000.0,0.107,7200,128.0,2.5,SAS 12.0 Gb/s,12425.92
Seagate Enterprise Performance,300.0,0.284,10000,128.0,2.5,SAS 12.0 Gb/s,4939.28
Western Digital AV,320.0,0.553,5400,,2.5,SATA 6.0 Gb/s,10266.0
Seagate Enterprise Capacity,8000.0,0.062,7200,256.0,3.5,SAS 6.0 Gb/s,28997.1
Seagate Enterprise Capacity,4000.0,0.035,7200,128.0,3.5,SAS 12.0 Gb/s,8062.0
Western Digital RE,6000.0,0.047,7200,128.0,3.5,SATA 6.0 Gb/s,16278.28
Seagate Nytro Enterprise,240.0,2.5,SSD,,2.5,SATA 6.0 Gb/s,34797.100000000006
Seagate Nytro Enterprise,960.0,0.676,SSD,,2.5,SATA 6.0 Gb/s,37642.0
Seagate Enterprise Performance,600.0,0.083,10000,128.0,2.5,SAS 12.0 Gb/s,2900.0
Seagate Enterprise Performance,300.0,0.437,15000,256.0,2.5,SAS 12.0 Gb/s,7598.0
VisionTek PRO,480.0,0.18,SSD,,2.5,SATA 6.0 Gb/s,5024.54
Seagate Nytro Enterprise,480.0,,SSD,,2.5,SATA 6.0 Gb/s,8919.82
QNAP M2080,64.0,,SSD,,M.2-2280,M.2 SATA,7426.900000000001
Seagate EXOS Enterprise,16000.0,0.023,7200,256.0,3.5,SAS 12.0 Gb/s,21675.760000000002
Lenovo 5300,240.0,,SSD,,2.5,SATA 6.0 Gb/s,15037.66
VisionTek PRO HXS,120.0,0.333,SSD,,2.5,SATA 6.0 Gb/s,2319.42
VisionTek PRO XMN,256.0,0.622,SSD,,M.2-2280,M.2 PCIe 3.0 X4,9229.539999999999
VisionTek PRO HXS,2000.0,0.095,SSD,,2.5,SATA 6.0 Gb/s,11019.42
VisionTek PRO ECS,2000.0,0.174,SSD,,2.5,SATA 6.0 Gb/s,20181.1
Intel DC P3500,2000.0,0.214,SSD,,2.5,U.2,24795.0
Angelbird AV PRO MK3,2000.0,0.275,SSD,,2.5,SATA 6.0 Gb/s,31899.420000000002
Angelbird AV PRO XT,500.0,0.86,SSD,,2.5,SATA 6.0 Gb/s,24939.420000000002
VisionTek PRO,1000.0,0.154,SSD,,2.5,SATA 6.0 Gb/s,8914.599999999999
Seagate Exos X18,18000.0,0.024,7200,256.0,3.5,SAS 12.0 Gb/s,25444.02
PNY XLR8 CS3040 w/Heatsink,2000.0,0.233,SSD,,M.2-2280,M.2 PCIe 4.0 X4,26979.280000000002
Toshiba N300,6000.0,0.042,7200,256.0,3.5,SATA 6.0 Gb/s,14499.42
Hitachi Ultrastar He8,8000.0,0.037,7200,128.0,3.5,SATA 6.0 Gb/s,17342.0
V7 V7SSD480GBS25U,480.0,0.074,SSD,,2.5,SATA 6.0 Gb/s,2049.14
Intel D3-S4520,240.0,0.6,SSD,,2.5,SATA 6.0 Gb/s,8352.0
Intel D3-S4520,960.0,0.208,SSD,,2.5,SATA 6.0 Gb/s,11600.0
Intel D3-S4620,1920.0,0.207,SSD,,2.5,SATA 6.0 Gb/s,23084.0
Intel D3-S4520,240.0,0.588,SSD,,M.2-2280,M.2 SATA,8178.0
Inland TN446,1000.0,0.083,SSD,,M.2-2230,M.2 PCIe 4.0 X4,4813.42
VisionTek DLX4 Pro,1000.0,0.117,SSD,,M.2-2280,M.2 PCIe 4.0 X4,6773.24
Oyen Digital E13S-2242-1024PH,1000.0,0.089,SSD,,M.2-2242,M.2 PCIe 3.0 X4,5162.0
VisionTek DLX4,512.0,0.131,SSD,,M.2-2230,M.2 PCIe 4.0 X4,3884.84
VisionTek DLX4,1000.0,0.119,SSD,,M.2-2230,M.2 PCIe 4.0 X4,6920.5599999999995
Toshiba MG09 4Kn,18000.0,0.022,7200,512.0,3.5,SATA 6.0 Gb/s,23142.0
Western Digital WD Green,120.0,0.392,SSD,,M.2-2280,M.2 SATA,2726.0
OWC Mercury Electra 6G,250.0,0.108,SSD,,2.5,SATA 6.0 Gb/s,1565.4199999999998
Lenovo ThinkStation,6000.0,0.053,7200,,3.5,SATA 6.0 Gb/s,18367.44
Lenovo S4520,480.0,0.999,SSD,,2.5,SATA 6.0 Gb/s,27821.44
Lenovo S4520,960.0,0.365,SSD,,2.5,SATA 6.0 Gb/s,20348.14
Addlink D60,1920.0,0.125,SSD,,M.2-2280,M.2 PCIe 4.0 X4,13887.52
OWC Aura Pro IV,4000.0,0.081,SSD,,M.2-2280,M.2 PCIe 4.0 X4,18849.420000000002
Transcend MTE410S,256.0,0.184,SSD,,M.2-2242,M.2 PCIe 4.0 X4,2738.18
Transcend MTE410S,2000.0,0.085,SSD,,M.2-2242,M.2 PCIe 4.0 X4,9854.2
